time_s,desired_position_rad,desired_velocity_rad_s,position_rad,velocity_rad_s,velocity_command_rad_s,command_change_rad_s
0.0,0.0,0.0,-2e-05,-0.004,0.0,0.0
0.005,2.3686738855166478e-05,0.009474570859741653,-5.8750000000000005e-05,-0.00775,0.012118864176159535,0.012118864176159535
0.01,9.474321501001803e-05,0.018947645574911846,-0.000115078125,-0.011265625,0.02452265965298472,0.012403795476825186
0.015,0.00021315820782323857,0.028417728237197685,-0.00018788574218749998,-0.0145615234375,0.037207167646876343,0.012684507993891623
0.02,0.00037891301819475975,0.037883323410766105,-0.00027614288330078126,-0.01765142822265625,0.05016831179583601,0.012961144148959665
0.025,0.0005919814715185323,0.047342936368410554,-0.00037888395309448246,-0.020548213958740236,0.06340214716291805,0.013233835367082038
0.03,0.0008523299218158197,0.0567950733275857,-0.0004952037060260773,-0.02326395058631897,0.07690484994644389,0.013502702783525847
0.035,0.0011599172570482485,0.06623824168629305,-0.0006204663293443976,-0.025052524663664064,0.09067270785313358,0.01376785790668969
0.04,0.001514694905609948,0.07567095025878008,-0.0007502367075637652,-0.025954075643873517,0.10454680027434005,0.013874092421206463
0.045,0.0019166068439974814,0.08509170951101575,-0.0008802691972547734,-0.02600649793820165,0.11851065538696595,0.013963855112625906
0.05,0.0023655896056566372,0.09449903179590526,-0.0010064970589038949,-0.025245572329824297,0.13254826654089458,0.014037611153928625
0.055,0.0028615722910046437,0.10389143158820666,-0.0011250225082115343,-0.023705089861527903,0.146644065114787,0.014095798573892426
0.06,0.0034044765786257814,0.11326742571911258,-0.0012321073513291826,-0.021416968623529667,0.16078289502047494,0.014138829905687933
0.065,0.003994216737639588,0.1226255336104598,-0.0013241641705478736,-0.018411363843738215,0.17494998876097193,0.014167093740496989
0.07,0.0046306996412384,0.13196427750852968,-0.0013977965634796652,-0.014726478586358324,0.1891309449525373,0.01418095619156537
0.075,0.005313824781393383,0.14128218271740248,-0.0014497923520447932,-0.010399157713025558,0.20331369763156143,0.014182752679024135
0.08,0.006043484284725942,0.15057777783182924,-0.001477117070530571,-0.00546494369715555,0.21748679133524124,0.014173093703679807
0.085,0.006819562929541956,0.15984959496958334,-0.0014769077237626166,4.186935359085965e-05,0.23163936065144416,0.014152569316202929
0.09,0.0076419381640268624,0.16909617000325644,-0.001446466806473761,0.006088183457771116,0.24576111073950674,0.014121750088062573
0.095,0.008510480125597807,0.17831604279146107,-0.0013832565750276553,0.012642046289221165,0.2598422987815669,0.014081188042060155
0.1,0.009425051661410676,0.18750775740940376,-0.0012848935627492633,0.019672602455678423,0.27387371632527646,0.014031417543709568
0.105,0.010385508350017836,0.19666986237879264,-0.0011491427082284077,0.02715017090417111,0.28784667247996454,0.013972956154688077
0.11,0.01139169852417422,0.2058009108970425,-0.0009739116598228427,0.035046209681112994,0.30175295242127237,0.01390627994130783
0.115,0.012443463294787249,0.2148994610657419,-0.0007572452517390492,0.04333328161675869,0.31558479700107156,0.01383184457979919
0.12,0.013540636576007114,0.22396407611834546,-0.000497320147054397,0.05198502093693044,0.32933488299868535,0.013750085997613792
0.125,0.01468304511145394,0.23299332464705594,-0.0001924396430432959,0.06097610080222022,0.34299630399132874,0.013661420992643392
0.13,0.015870508501576695,0.2419857808288604,0.00015897136581876031,0.07028220177241123,0.35656255182211033,0.013566247830781586
0.135,0.017102839232140676,0.2509400246506838,0.0005583712717769269,0.07987998119163331,0.37002749864440043,0.013464946822290103
0.14,0.018379842703837777,0.2598546421336258,0.0010071064812443558,0.08974704189348576,0.3833853795218273,0.013357880877426842
0.145,0.019701317263016393,0.2687282255562443,0.0015064159891829052,0.09986190158770987,0.3966307758905573,0.013245396368730011
0.15,0.021067054233524563,0.2775593736768511,0.0020574358038123845,0.11020396292589583,0.40975859962320443,0.013127823732647148
0.155,0.022476837949662588,0.28634669195478396,0.0026612032250248113,0.12075348424248539,0.422764077679293,0.013005478056088593
0.16,0.023930445790238886,0.29508879277062106,0.003318660979855871,0.13149155096621196,0.43564273732746617,0.01287865964817314
0.165,0.02542764821372474,0.3037842956453018,0.004030661218336365,0.14240004769609874,0.44839039192493135,0.012747654597465186
0.17,0.026968208794501302,0.31243182745812087,0.004797969373012399,0.15346163093520676,0.4610031272399202,0.012612735314988854
0.17500000000000002,0.028551884260194157,0.32103002266355973,0.00562126788548698,0.16465970249491618,0.47347728830325453,0.012474161063334321
0.18,0.030178424530088677,0.3295775235069218,0.006501159803314151,0.1759783835654342,0.48580946677121983,0.012332178467965305
0.185,0.03184757275462086,0.3380729802387384,0.007438172250551903,0.18740248944755036,0.49799648878510827,0.012187022013888438
0.19,0.03355906535593662,0.34651505132790894,0.008432759775252128,0.1989175049400451,0.5100354033129925,0.012038914527884192
0.195,0.035312632069514016,0.35490240367354486,0.00948530757713513,0.21050956037660049,0.5219234709595223,0.011888067646529832
0.2,0.037107995986840926,0.3632337128154816,0.01059613461866292,0.22216540830555798,0.5336581532297443,0.011734682270222008
0.20500000000000002,0.03894487359914229,0.371507663143426,0.01176549662268999,0.23387240080541402,0.545237102233179,0.011578949003434702
0.21,0.04082297484214942,0.3797229481047065,0.012993588959831374,0.2456184674282769,0.5566581508146108,0.01142104858143178
0.215,0.0427420031419043,0.3878782704105933,0.01428054942864677,0.25739209376307887,0.56791930309833,0.011261152283719267
0.22,0.044701655461592445,0.3959723422411547,0.01562646093169651,0.26918230060994847,0.5790187254328214,0.011099422334491349
0.225,0.046701622349395476,0.4040038854486192,0.017031354050480493,0.28097862375679683,0.5899547377231364,0.010936012290315045
0.23,0.04874158798735747,0.41197163175920976,0.018495209522224772,0.29277109434885606,0.6007258051384594,0.010771067415322966
0.23500000000000001,0.0508212302412562,0.41987432297341876,0.020017960621432903,0.3045502198416262,0.611330530182618,0.010604725044158547
0.24,0.05294022071147176,0.42771071116469284,0.02159949544907009,0.31630696552743776,0.6217676451155603,0.010437114932942304
0.245,0.055098224784844815,0.43547955887649414,0.023239659132198182,0.32803273662561855,0.6320360047140768,0.010268359598516574
0.25,0.05729490168751576,0.4431796393177096,0.024938255936828527,0.33971936092606875,0.6421345793603059,0.010098574646229097
0.255,0.05952990453873701,0.4508097365563754,0.026695051296707954,0.3513590719758855,0.6520624484468241,0.009927869086518215
0.26,0.06180288040564938,0.45836864571168673,0.028509773760700685,0.3629444927985464,0.6618187940873786,0.009756345640554498
0.265,0.06411347035901432,0.4658551731442623,0.03038211686137594,0.3744686201350509,0.671402895122583,0.009584101035204351
0.27,0.066461309529893,0.47326813664463396,0.032311740907357604,0.3859248091963327,0.6808141214101531,0.009411226287570074
0.275,0.06884602716726325,0.48060636561993103,0.034298274701938566,0.3973067589161917,0.6900519283895149,0.009237806979361829
0.28,0.07126724669656563,0.487868701278731,0.03634131719040831,0.40860849769394886,0.6991158519108776,0.009063923521362649
0.28500000000000003,0.07372458577916886,0.49505399681404566,0.03844043903848833,0.41982436961600356,0.7080055033191076,0.00888965140823006
0.29,0.07621765637274533,0.5021611175844153,0.04059518414421565,0.4309490211454645,0.7167205647829987,0.008715061463891116
0.295,0.07874606479254782,0.5091889412930821,0.04280507108556082,0.44197738826903443,0.7252607848607818,0.0085402200777831
0.3,0.08130941177357653,0.5161363581652133,0.0450695945060126,0.45290468409035434,0.733625974292952,0.008365189432170128
0.305,0.08390729253362791,0.5230022711231477,0.04738822644030786,0.4637263868590519,0.7418160020137511,0.008190027720799131
0.31,0.0865392968372144,0.529785595959637,0.04976041758243181,0.474438228424791,0.7498307913728681,0.008014789359117036
0.315,0.08920500906034524,0.536485261509055,0.05218559849796024,0.4850361831056858,0.7576703165591618,0.007839525186293717
0.32,0.09190400825615852,0.543100209816546,0.05466318078276283,0.4955164569605179,0.7653345992184465,0.007664282659284649
0.325,0.09463586822139342,0.5496293963050899,0.057192558170034255,0.5058754774542844,0.7728237052576062,0.007489106039159754
0.33,0.09740015756369265,0.556071789940451,0.059773107587567764,0.5161098835067012,0.78013774182753,0.007314036569923799
0.335,0.10019643976972453,0.5624263733939918,0.06240419016713472,0.5262165159133918,0.7872768544775867,0.007139112650056623
0.34,0.10302427327411308,0.5686921432033204,0.06508515220778277,0.5361924081296091,0.7942412244745678,0.006964369996981135
0.34500000000000003,0.1058832115291667,0.5748681099307487,0.06781532609481505,0.5460347774064561,0.8010310662792557,0.0067898418046878906
0.35000000000000003,0.10877280307539311,0.5809532983195363,0.07059403117616359,0.5557410162697055,0.8076466251739691,0.006615558894713436
0.355,0.11169259161278983,0.586946747447895,0.07342057459782084,0.5653086843314493,0.8140881750346546,0.006441549860685458
0.36,0.1146421160728997,0.5928475108807292,0.07629425209994561,0.5747355004249544,0.820356016241299,0.0062678412066443645
0.365,0.11762091069161838,0.5986546568190889,0.07921434877521183,0.5840193350532439,0.8264504737206189,0.006094457479319915
0.37,0.12062850508274431,0.6043672682473119,0.08218013979092222,0.5931582031420767,0.8323718951152037,0.005921421394584847
0.375,0.12366442431225805,0.6099844430778312,0.08519089107636296,0.6021502570881504,0.8381206490734566,0.005748753958252917
0.38,0.1267281889733197,0.6155052942936243,0.08824585997683053,0.610993780093514,0.8436971236548734,0.005576474581416746
0.385,0.12981931526197305,0.6209289500882847,0.09134429587571721,0.6196871797773353,0.8491017248453876,0.005404601190514224
0.39,0.1329373150535436,0.6262545540036895,0.09448544078599888,0.628228982056333,0.8543348751776748,0.0052331503322872175
0.395,0.13608169597971928,0.6314812650652442,0.09766852991242564,0.6366178252853509,0.8593970124514971,0.00506213727382232
0.4,0.13925196150630104,0.6366082579146817,0.10089279218567422,0.6448524546497167,0.8642885885493239,0.004891576097826755
0.405,0.14244761101161127,0.6416347229403976,0.10415745076968022,0.6529317168012004,0.8690100683426505,0.0047214797933265995
0.41000000000000003,0.14566813986554808,0.6465598664052956,0.107461723543328,0.660854554729555,0.8735619286845758,0.00455186034192534
0.41500000000000004,0.1489130395092718,0.6513829105721284,0.11080482355763697,0.6686200028617946,0.8779446574843737,0.0043827287997978415
0.42,0.15218179753551253,0.6561030938263115,0.11418595946954466,0.6762271823815371,0.8821587528599443,0.004214095375570603
0.425,0.1554738977694854,0.6607196707961911,0.11760433595334921,0.6836752967609097,0.8862047223641738,0.00404596950422953
0.43,0.15878882035040023,0.6652319124707466,0.12105915409083763,0.6909636274976856,0.8900830822813843,0.0038783599172105276
0.435,0.1621260418135536,0.66963910631471,0.12454961174109011,0.6980915300504958,0.8937943569901934,0.0037112747088090536
0.44,0.16548503517299032,0.6739405563810836,0.12807490389091575,0.7050584299651258,0.8973390783892485,0.0035447213990551507
0.445,0.1688652700047201,0.6781355834210377,0.13163422298684113,0.7118638191850788,0.9007177853824198,0.003378706993171221
0.45,0.1722662125304782,0.6822235249911728,0.13522675924953992,0.7185072525397579,0.9039310234201874,0.0032132380377676295
0.455,0.1756873257020147,0.6862037355581255,0.13885170097155883,0.7249883444037839,0.9069793440940628,0.003048320673875393
0.46,0.1791280692859012,0.6900755866005077,0.1425082347991645,0.7313067655211339,0.9098633047810305,0.0028839606869677237
0.465,0.1825878999488393,0.6938384667081556,0.14619554599910425,0.7374622399879501,0.912583468335091,0.002720163554060462
0.47000000000000003,0.18606627134345965,0.6974917816786798,0.14991281871104442,0.7434545423880313,0.915140402823129,0.002556934488038065
0.47500000000000003,0.18956263419459662,0.7010349546112955,0.15365923618642033,0.7492834950751806,0.9175346813024206,0.002394278479291523
0.48,0.19307643638602476,0.704467425997923,0.15743398101440403,0.7549489655967435,0.9197668816372113,0.002232200334790768
0.485,0.19660712304764486,0.7077886538115401,0.16123623533566817,0.7604508642528259,0.9218375863519125,0.002070704714701166
0.49,0.200154136643104,0.7109981135917739,0.16506518104459736,0.7657891417858387,0.9237473825185429,0.0019097961666304508
0.495,0.20371691705783712,0.71409529852772,0.1689199999805732,0.7709637871951669,0.9254968616761692,0.0017494791576262436
0.5,0.20729490168751577,0.7170797195379733,0.17279987410893277,0.7759748256719146,0.9270866197801725,0.0015897581040033026
0.505,0.21088752552688952,0.7199509053478598,0.17670398569217688,0.7808223166488212,0.9285172571792744,0.001430637399101875
0.51,0.21449422125900716,0.722708402563856,0.18063151745197986,0.7855063519605956,0.9297893786183427,0.0012721214390682967
0.515,0.21811441934480247,0.725351775745186,0.18458165272253013,0.7900270541100529,0.9309035932650824,0.001114214646739775
0.52,0.2217475481130309,0.7278806074725811,0.18855357559570804,0.7943845746355835,0.9318605147588022,0.0009569214937197312
0.525,0.22539303385054357,0.7302944984141967,0.19254647105858613,0.7985790925756201,0.9326607612795352,0.0008002465207330722
0.53,0.22905030089288256,0.7325930673886702,0.19655952512371566,0.8026108130259046,0.9333049556358549,0.0006441943563196828
0.535,0.23271877171518565,0.7347759514253149,0.2005919249526431,0.8064799657854903,0.933793725369827,0.0004887697339720498
0.54,0.23639786702338364,0.7368428058214365,0.20464285897308082,0.8101868040875436,0.9341277028775851,0.00033397750775809865
0.545,0.24008700584567788,0.738793304196766,0.20871151699013651,0.8137316034111398,0.9343075255441129,0.00017982266652782908
0.55,0.24378560562428264,0.7406271385449992,0.21279709029198834,0.8171146603703687,0.9343338358908675,2.6310346754598868e-05
0.555,0.24749308230741718,0.742344019282434,0.2168987717503743,0.8203362916771917,0.9342072817349473,-0.00012655415592022212
0.56,0.25120885044153496,0.7439436752936992,0.22101575591624734,0.8233968331746081,0.9339285163585828,-0.00027876537636450927
0.5650000000000001,0.25493232326377285,0.7454258539745668,0.22514723911093137,0.8262966389368093,0.9334981986877712,-0.00043031767081158634
0.5700000000000001,0.25866291279460857,0.7467903212718413,0.22929241951309692,0.8290360804331077,0.9329169934789541,-0.0005812052088171038
0.5750000000000001,0.26240002993070877,0.7480368617203189,0.23345049724185965,0.8316155457525456,0.9321855715126732,-0.000731421966280843
0.58,0.26614308453795543,0.7491652784768124,0.2376206744362906,0.8340354388861907,0.9313046097932174,-0.0008809617194558417
0.585,0.26989148554463543,0.7501753933512351,0.24180215533161178,0.836296179064238,0.9302747917533087,-0.0010298180399086476
0.59,0.273644641034777,0.7510670468347385,0.24599414633233746,0.8383982001451346,0.9290968074629277,-0.0011779842903810733
0.595,0.2774019583416201,0.7518400981249013,0.2501958560826077,0.8403419500540493,0.9277713538414386,-0.0013254536214890589
0.6,0.28116284414120596,0.7524944251479632,0.25440649553394823,0.8421278902681059,0.9262991348722109,-0.0014722189692276677
0.605,0.2849267045460691,0.7530299245781021,0.2586252780106777,0.8437564953458914,0.924680861818979,-0.0016182730532319223
0.61,0.28869294519901956,0.7534465118537504,0.26285141927317196,0.8452282524988493,0.922917253443231,-0.0017636083757480714
0.615,0.2924609713669987,0.7537441211909479,0.2670841375791832,0.846543661202253,0.9210090362219543,-0.0019082172212766535
0.62,0.2962301880349941,0.7539227055937304,0.2713226537434009,0.8477032328435452,0.9189569445651039,-0.0020520916568503855
0.625,0.29999999999999993,0.7539822368615503,0.27556619119543047,0.8487074904059135,0.9167617210322052,-0.0021952235328986935
0.63,0.3037698119650058,0.7539227055937304,0.27981397603635577,0.8495569681850571,0.9144241165475289,-0.0023376044846763477
0.635,0.3075390286330012,0.7537441211909479,0.28406523709404163,0.8502522115371772,0.9119448906133165,-0.002479225934212348
0.64,0.31130705480098037,0.7534465118537504,0.2883192059773232,0.8507937766563056,0.9093248115205779,-0.0026200790927386475
0.645,0.3150732954539308,0.7530299245781021,0.29257511712921896,0.8511822303791586,0.9065646565569803,-0.0027601549635976053
0.65,0.318837155858794,0.7524944251479632,0.29683220787929787,0.8514181500157803,0.9036652122114357,-0.002899444345544566
0.655,0.32259804165837974,0.7518400981249013,0.3010897184953194,0.8515021232043068,0.9006272743749556,-0.003037937836480098
0.66,0.32635535896522294,0.7510670468347385,0.3053468922342607,0.8514347477882582,0.8974516485374361,-0.0031756258375195134
0.665,0.3301085144553645,0.7501753933512351,0.3096029753928348,0.8512166317148244,0.8941391499800031,-0.0033124985574329857
0.67,0.3338569154620445,0.7491652784768124,0.31385721735759825,0.850848392952684,0.8906906039626239,-0.003448546017379206
0.675,0.33759997006929127,0.7480368617203188,0.31810887065473803,0.8503306594279525,0.8871068459066804,-0.0035837580559434645
0.68,0.3413370872053914,0.7467903212718413,0.3223571909996226,0.8496640689769202,0.883388721572237,-0.0037181243344434067
0.685,0.3450676767362271,0.7454258539745668,0.3266014373461941,0.8488492693142974,0.8795370872297607,-0.0038516343424763733
0.6900000000000001,0.3487911495584651,0.7439436752936992,0.3308408719362728,0.8478869180157436,0.8755528098260639,-0.003984277403696779
0.6950000000000001,0.35250691769258286,0.742344019282434,0.3350747603488404,0.8467776825135098,0.8714367671442691,-0.004116042681794774
0.7000000000000001,0.35621439437571745,0.7406271385449992,0.33930237154936077,0.8455222401040795,0.8671898479576021,-0.004246919186666975
0.705,0.35991299415432204,0.738793304196766,0.3435229779391945,0.8441212779667421,0.862812952176855,-0.00437689578074707
0.71,0.3636021329766163,0.7368428058214365,0.34773585540515495,0.8425754931920855,0.8583069909913638,-0.004505961185491292
0.715,0.3672812282848143,0.7347759514253149,0.35194028336925215,0.8408855928194402,0.8536728870033629,-0.004634103988000904
0.72,0.37094969910711734,0.7325930673886702,0.35613554483866394,0.8390522938823541,0.8489115743556062,-0.004761312647756699
0.725,0.3746069661494564,0.7302944984141967,0.3603209264559701,0.8370763234612238,0.844023998852147,-0.004887575503459196
0.73,0.37825245188696904,0.7278806074725811,0.3644957185496813,0.8349584187422475,0.8390111180721866,-0.005012880779960316
0.735,0.3818855806551975,0.725351775745186,0.36865921518509087,0.8326993270819105,0.8338739014769174,-0.005137216595269223
0.74,0.38550577874099284,0.722708402563856,0.3728107142154721,0.8302998060762513,0.8286133305092968,-0.00526057096762067
0.745,0.38911247447311037,0.7199509053478599,0.3769495173336431,0.8277606236341958,0.8232303986866977,-0.00538293182259908
0.75,0.39270509831248424,0.7170797195379734,0.3810749301239145,0.8250825580542839,0.8177261116864044,-0.005504287000293262
0.755,0.39628308294216286,0.71409529852772,0.3851862621144353,0.8222663981041504,0.8121014874239081,-0.005624624262496325
0.76,0.3998458633568959,0.710998113591774,0.3892828268299461,0.8193129431021526,0.806357556124002,-0.005743931299906135
0.765,0.40339287695235515,0.7077886538115401,0.39336394184494894,0.8162230030005755,0.8004953603846519,-0.005862195739350096
0.77,0.4069235636139752,0.7044674259979231,0.3974289288372983,0.8129973984698705,0.7945159552336438,-0.005979405151008033
0.775,0.41043736580540335,0.7010349546112954,0.4014771136422154,0.8096369609834222,0.7884204081780251,-0.006095547055618766
0.78,0.41393372865654027,0.6974917816786798,0.40550782630672716,0.8061425329023586,0.7822097992463417,-0.006210608931683348
0.785,0.41741210005116075,0.6938384667081556,0.4095204011445269,0.8025149675599554,0.7758852210237026,-0.006324578222639099
0.79,0.4208719307140988,0.6900755866005077,0.41351417679125296,0.7987551293452083,0.7694477786796976,-0.006437442344005007
0.795,0.4243126742979852,0.6862037355581255,0.4174884962601788,0.7948638937851735,0.7628985899892103,-0.006549188690487262
0.8,0.4277337874695218,0.6822235249911727,0.4214427069983073,0.7908421476257029,0.7562387853461594,-0.006659804643050937
0.805,0.4311347299952799,0.6781355834210377,0.42537616094285846,0.786690788910223,0.7494695077702226,-0.006769277575936816
0.81,0.43451496482700963,0.6739405563810837,0.4292882145781396,0.7824107270562305,0.7425919129065978,-0.006877594863624825
0.8150000000000001,0.4378739581864463,0.6696391063147101,0.4331782289927856,0.7780028829291975,0.7356071690188564,-0.006984743887741396
0.8200000000000001,0.44121117964959977,0.6652319124707466,0.4370455699373536,0.7734681889136038,0.7285164569749509,-0.007090712043905434
0.8250000000000001,0.44452610223051464,0.6607196707961911,0.44088960788225773,0.7688075889808292,0.721320970226448,-0.0071954867485028995
0.8300000000000001,0.4478182024644875,0.6561030938263114,0.44470971807602605,0.7640220387536624,0.7140219147810554,-0.007299055445392666
0.835,0.45108696049072816,0.6513829105721284,0.448505280603862,0.7591125055671973,0.7066205091685182,-0.007401405612537215
0.84,0.4543318601344519,0.6465598664052955,0.4522756804464916,0.7540799685259099,0.699117984399964,-0.007502524768554175
0.845,0.45755238898838857,0.6416347229403977,0.4560203075392752,0.748925418556719,0.6915155839207707,-0.00760240047919325
0.85,0.46074803849369894,0.6366082579146818,0.4597385568315645,0.7436498584578585,0.6838145635570583,-0.007701020363712452
0.855,0.4639183040202807,0.6314812650652442,0.4634298283462815,0.7382543029433953,0.6760161914558663,-0.007798372101191942
0.86,0.4670626849464564,0.6262545540036895,0.4670935272396977,0.7327397786832491,0.6681217480191304,-0.007894443436735954
0.865,0.4701806847380268,0.6209289500882849,0.47072906386139063,0.7271073243385785,0.6601325258315335,-0.0079892221875969
0.87,0.47327181102668026,0.6155052942936243,0.4743358538143527,0.7213579905924151,0.6520498295823303,-0.008082696249203214
0.875,0.4763355756877419,0.6099844430778312,0.4779133180152299,0.7154928401754374,0.6438749759812352,-0.008174853601095045
0.88,0.47937149491725567,0.6043672682473119,0.48146088275466387,0.7095129478867886,0.6356092936684818,-0.008265682312753375
0.885,0.48237908930838164,0.5986546568190889,0.4849779797577132,0.703419400609856,0.6272541231191326,-0.0083551705493492
0.89,0.4853578839271002,0.5928475108807293,0.4884640462443279,0.6972132973229356,0.6188108165417565,-0.00844330657737613
0.895,0.4883074083872101,0.5869467474478951,0.4919185249898515,0.690895749104723,0.6102807377715624,-0.008530078770194072
0.9,0.4912271969246069,0.5809532983195363,0.4953408643855244,0.6844678791345734,0.601665262158091,-0.008615475613471424
0.905,0.4941167884708333,0.5748681099307485,0.49873051849896183,0.6779308226874897,0.5929657764475689,-0.008699485710522148
0.91,0.4969757267258869,0.5686921432033205,0.5020869471345808,0.6712857271238017,0.584183678660029,-0.008782097787539911
0.915,0.4998035602302755,0.5624263733939919,0.5054096158939484,0.6645337518735099,0.5753203779612901,-0.008863300698738863
0.92,0.5025998424363073,0.556071789940451,0.5086979962360247,0.6576760684152754,0.5663772945299089,-0.008943083431381171
0.925,0.5053641317786066,0.5496293963050899,0.5119515655372749,0.6507138602500433,0.5573558594192057,-0.009021435110703191
0.93,0.5080959917438416,0.543100209816546,0.5151698071516214,0.6436483228692963,0.5482575144144551,-0.009098345004750596
0.935,0.5107949909396547,0.5364852615090551,0.5183522104702111,0.6364806637179383,0.5390837118853641,-0.009173802529091057
0.9400000000000001,0.5134607031627856,0.529785595959637,0.5214982709809701,0.629212102151819,0.5298359146339269,-0.009247797251437206
0.9450000000000001,0.516092707466372,0.5230022711231477,0.5246074903279196,0.621843869389911,0.520515595737762,-0.009320318896164914
0.9500000000000001,0.5186905882264236,0.5161363581652132,0.5276793763702254,0.6143772084611608,0.5111242383890378,-0.009391357348724205
0.9550000000000001,0.5212539352074522,0.509188941293082,0.5307134432409556,0.6068133741460386,0.5016633357290846,-0.009460902659953141
0.96,0.5237823436272546,0.5021611175844154,0.5337092114055196,0.5991536329128146,0.4921343906788042,-0.009528945050280402
0.965,0.5262754142208311,0.4950539968140456,0.5366662077197626,0.591399262848599,0.48253891576496366,-0.009595474913840552
0.97,0.5287327533034343,0.48786870127873116,0.5395839654876885,0.583551553585182,0.4728784329424891,-0.009660482822474559
0.975,0.5311539728327367,0.4806063656199311,0.5424620245187871,0.5756118062197182,0.46315447341285304,-0.009723959529636061
0.98,0.5335386904701069,0.47326813664463396,0.5452999311849386,0.5675813332303007,0.4533685774386573,-0.009785895974195713
0.985,0.5358865296409856,0.4658551731442623,0.548097238476871,0.5594614583864747,0.44352229415451033,-0.009846283284146995
0.99,0.5381971195943506,0.4583686457116869,0.5508535060601447,0.5512535166547452,0.4336171813742977,-0.00990511278021261
0.995,0.5404700954612629,0.4508097365563756,0.5535683003306404,0.5429588540991338,0.4236548053949458,-0.0099623759793519
1.0,0.5427050983124843,0.44317963931770965,0.5562411944695246,0.5345788277768435,0.4136367407967768,-0.010018064598169008
1.0050000000000001,0.5449017752151551,0.43547955887649414,0.5588717684976701,0.5261148056290941,0.4035645702405447,-0.010072170556232107
1.01,0.5470597792885282,0.4277107111646928,0.561459609329506,0.5175681663671918,0.39343988426126053,-0.010124685979284176
1.0150000000000001,0.5491787697587438,0.4198743229734187,0.5640043108262754,0.5089402993538993,0.3832642810588901,-0.010175603202370431
1.02,0.5512584120126425,0.4119716317592098,0.5665054738486763,0.5002326044801741,0.3730393662860261,-0.010224914772864024
1.025,0.5532983776506044,0.4040038854486195,0.568962706308863,0.49144649203734736,0.36276675283262455,-0.010272613453401525
1.03,0.5552983445384075,0.39597234224115463,0.5713756232217871,0.4825833825848117,0.35244806060790246,-0.010318692224722092
1.035,0.5572579968580956,0.3878782704105935,0.5737438467558537,0.473644706813295,0.3420849163194796,-0.010363144288422832
1.04,0.5591770251578505,0.3797229481047066,0.5760670062828727,0.46463190540379284,0.3316789532498679,-0.010405963069611723
1.045,0.5610551264008576,0.3715076631434263,0.5783447384272838,0.4555464288822364,0.32123181103038806,-0.010447142219479844
1.05,0.562892004013159,0.36323371281548156,0.5805766871146337,0.44638973746997324,0.31074513541260296,-0.010486675617785102
1.055,0.5646873679304859,0.35490240367354503,0.5827625036192844,0.43716330093013894,0.30022057803736896,-0.010524557375234
1.06,0.5664409346440633,0.34651505132790905,0.5849018466113344,0.42786859840999913,0.2896597962015702,-0.010560781835798783
1.065,0.5681524272453791,0.33807298023873844,0.586994382202731,0.41850711827934167,0.27906445262264334,-0.01059534357892683
1.07,0.5698215754699113,0.3295775235069218,0.5890397839925561,0.4090803579649996,0.2684362152009677,-0.010628237421675624
1.075,0.5714481157398058,0.32103002266355984,0.591037733111464,0.39958982378158636,0.257776756780202,-0.01065945842076571
1.08,0.5730317912054986,0.3124318274581207,0.5929879182652567,0.3900370307585249,0.24708775490566298,-0.010689001874539028
1.085,0.5745723517862752,0.30378429564530185,0.5948900357775739,0.3804235024634527,0.2363708915808176,-0.010716863324845394
1.09,0.5760695542097611,0.295088792770621,0.5967437896316844,0.370750770822085,0.22562785302197236,-0.01074303855884523
1.095,0.5775231620503374,0.2863466919547842,0.5985488915113575,0.3610203759346199,0.21486032941124655,-0.010767523610725804
1.1,0.5789329457664754,0.27755937367685096,0.6003050608408013,0.35123386588876665,0.2040700146479047,-0.010790314763341857
1.105,0.5802986827369836,0.2687282255562444,0.6020120248236487,0.34139279656948135,0.19325860609812667,-0.010811408549778023
1.11,0.5816201572961622,0.2598546421336258,0.6036695184809762,0.3314987314654927,0.18242780434328926,-0.010830801754837416
1.115,0.5828971607678592,0.25094002465068405,0.6052772846883396,0.3215532414727005,0.17157931292685247,-0.01084849141643679
1.12,0.5841294914984233,0.24198578082886024,0.6068350742118123,0.31155790469453,0.16071483809990672,-0.010864474826945747
1.125,0.5853169548885461,0.23299332464705602,0.6083426457430089,0.3015143062393248,0.14983608856546649,-0.010878749534440235
1.1300000000000001,0.5864593634239929,0.22396407611834546,0.6097997659330832,0.29142403801486105,0.13894477522158555,-0.010891313343880937
1.135,0.5875565367052128,0.21489946106574187,0.6112062094256835,0.28128869852006516,0.1280426109033665,-0.010902164318219054
1.1400000000000001,0.5886083014758258,0.2058009108970424,0.6125617588888536,0.2711098926340167,0.11713131012392898,-0.010911300779437513
1.145,0.5896144916499821,0.19666986237879272,0.6138662050458652,0.26088923140231896,0.10621258881442591,-0.010918721309503068
1.1500000000000001,0.5905749483385893,0.18750775740940345,0.6151193467049698,0.2506283318209182,0.09528816406315678,-0.010924424751269132
1.155,0.5914895198744021,0.178316042791461,0.6163209907880571,0.24032881661745248,0.08435975385387239,-0.010928410209284395
1.16,0.5923580618359732,0.16909617000325666,0.6174709523582081,0.22999231403021078,0.07342907680331291,-0.010930677050559473
1.165,0.593180437070458,0.15984959496958345,0.6185690546461321,0.21962045758478302,0.0624978518980735,-0.010931224905239414
1.17,0.5939565157152741,0.1505777778318296,0.6196151290754744,0.20921488586847964,0.05156779823085311,-0.010930053667220385
1.175,0.5946861752186067,0.14128218271740245,0.6206090152869874,0.19877724230260127,0.04064063473614622,-0.01092716349470689
1.18,0.5953693003587616,0.13196427750852988,0.6215505611615506,0.188309174912636,0.02971807992546205,-0.010922554810684174
1.185,0.5960057832623603,0.12262553361045994,0.6224396228420329,0.17781233609646327,0.018801851622119142,-0.010916228303342906
1.19,0.5965955234213741,0.11326742571911264,0.6232760647539861,0.16728838239064137,0.007893666695691345,-0.010908184926427797
1.195,0.5971384277089953,0.10389143158820661,0.6240597596251604,0.15673897423485586,-0.0030047592038399407,-0.010898425899531286
1.2,0.5976344103943433,0.09449903179590546,0.6247905885038334,0.14616577573460568,-0.01389171191215327,-0.01088695270831333
1.205,0.5980833931560025,0.08509170951101556,0.6254684407759444,0.13557045442220197,-0.024765479016825992,-0.010873767104672721
1.21,0.59848530509439,0.07567095025878014,0.6260932141810253,0.12495468101615573,-0.03562435012366401,-0.010858871106838017
1.215,0.5988400827429518,0.06623824168629304,0.6266648148269204,0.11432012917902844,-0.04646661712308667,-0.010842266999422659
1.22,0.5991476700781841,0.056795073327585946,0.6271831572032894,0.10366847527381987,-0.057290574456479115,-0.010823957333392448
1.225,0.5994080185284815,0.04734293636841038,0.6276481641938843,0.09300139811896613,-0.06809451938247546,-0.010803944925996345
1.23,0.5996210869818053,0.03788332341076619,0.6280597670875944,0.08232057874202117,-0.07887675224309781,-0.010782232860622354
1.235,0.5997868417921768,0.028417728237197678,0.6284179055882548,0.07162770013209323,-0.08963557672970576,-0.010758824486607949
1.24,0.59990525678499,0.018947645574912096,0.6287225278232104,0.0609244469911084,-0.10036930014868481,-0.010733723418979046
1.245,0.5999763132611449,0.009474570859741491,0.6289735903506303,0.05021250548397121,-0.11107623368683264,-0.010706933538147834
1.25,0.6,9.233619329864591e-17,0.6291710581655687,0.03949356298769306,-0.12175469267637308,-0.010678458989540437
1.2550000000000001,0.5999763132611449,-0.009474570859741642,0.6293149047047665,0.02876930783955753,-0.13240299685955034,-0.010648304183177262
1.26,0.59990525678499,-0.018947645574911912,0.6294051118501884,0.018041429084391568,-0.1430194706527479,-0.01061647379319755
1.2650000000000001,0.5997868417921768,-0.02841772823719783,0.6294416699312935,0.007311616221010484,-0.15360244341007118,-0.010582972757323283
1.27,0.5996210869818053,-0.037883323410766,0.629424577726033,-0.0034184410520954715,-0.16415024968635064,-0.010547806276279464
1.2750000000000001,0.5994080185284815,-0.04734293636841087,0.6293538424605741,-0.014147053091766544,-0.1746612294995047,-0.010510979813154048
1.28,0.5991476700781841,-0.05679507332758576,0.6292294798077451,-0.024872530565804456,-0.18513372859220648,-0.010472499092701787
1.285,0.5988400827429518,-0.06623824168629286,0.6290515138841993,-0.035593184709163575,-0.1955660986928189,-0.010432370100612431
1.29,0.59848530509439,-0.07567095025877996,0.6288199772462961,-0.046307327580637596,-0.2059566977755268,-0.010390599082707896
1.295,0.5980833931560025,-0.08509170951101538,0.6285349108846963,-0.057013272319977194,-0.21630389031962402,-0.010347192544097217
1.3,0.5976344103943434,-0.09449903179590528,0.6281963642176693,-0.06770933340537554,-0.22660604756791247,-0.010302157248288452
1.305,0.5971384277089954,-0.10389143158820642,0.627804395083113,-0.07839382691125861,-0.23686154778414825,-0.01025550021623578
1.31,0.5965955234213741,-0.11326742571911244,0.6273590697292815,-0.08906507076631785,-0.24706877650950063,-0.010207228725352374
1.315,0.5960057832623603,-0.12262553361045976,0.6268604628042228,-0.09972138501172417,-0.2572261268179602,-0.010157350308459573
1.32,0.5953693003587616,-0.1319642775085297,0.6263086573439255,-0.11036109205946183,-0.26733199957066467,-0.01010587275270447
1.325,0.5946861752186067,-0.14128218271740225,0.6257037447591719,-0.12098251695072197,-0.2773848036690826,-0.010052804098417911
1.33,0.5939565157152741,-0.1505777778318294,0.6250458248211004,-0.13158398761429638,-0.28738295630701377,-0.00999815263793119
1.335,0.593180437070458,-0.15984959496958326,0.6243350056454758,-0.14216383512491212,-0.2973248832213493,-0.009941926914335542
1.34,0.5923580618359732,-0.16909617000325647,0.6235714036756685,-0.1527203939614489,-0.30720901894156916,-0.009884135720219844
1.345,0.5914895198744021,-0.17831604279146082,0.6227551436643436,-0.16325200226498085,-0.3170338070379051,-0.009824788096335968
1.35,0.5905749483385893,-0.18750775740940392,0.6218863586538607,-0.1737570020965861,-0.3267977003681394,-0.009763893330234252
1.355,0.5896144916499821,-0.19666986237879255,0.6209651899553863,-0.18423373969486712,-0.3364991613229887,-0.009701460954849306
1.36,0.5886083014758258,-0.2058009108970425,0.6199917871267207,-0.19468056573312628,-0.3461366620700387,-0.009637500747049998
1.365,0.5875565367052128,-0.21489946106574165,0.61896630794884,-0.20509583557614022,-0.35570868479616874,-0.009572022726130058
1.37,0.5864593634239929,-0.2239640761183456,0.6178889184011576,-0.21547790953647952,-0.3652137219484438,-0.009505037152275075
1.375,0.5853169548885461,-0.23299332464705585,0.616759792635506,-0.22582515313031862,-0.37465027647340865,-0.009436554524964835
1.3800000000000001,0.5841294914984233,-0.2419857808288604,0.6155791129488425,-0.23613593733268243,-0.3840168620547737,-0.00936658558136505
1.385,0.5828971607678592,-0.2509400246506839,0.6143470697546821,-0.24640863883207656,-0.39331200334941263,-0.009295141294638931
1.3900000000000001,0.5816201572961622,-0.2598546421336259,0.6130638615532599,-0.2566416402844492,-0.40253423622166173,-0.009222232872249103
1.395,0.5802986827369836,-0.26872822555624426,0.6117296949004277,-0.26683333056643166,-0.411682107975869,-0.009147871754207282
1.4000000000000001,0.5789329457664754,-0.27755937367685135,0.6103447843752887,-0.2769821050278074,-0.4207541775871485,-0.009072069611279487
1.405,0.5775231620503374,-0.286346691954784,0.608909352546573,-0.2870863657431575,-0.4297490159303058,-0.008994838343157285
1.41,0.5760695542097611,-0.29508879277062083,0.6074236299377598,-0.2971445217626335,-0.43866520600690084,-0.008916190076595054
1.415,0.5745723517862752,-0.3037842956453017,0.6058878549909508,-0.3071549893618072,-0.44750134317039714,-0.008836137163496294
1.42,0.5730317912054987,-0.31243182745812054,0.604302274029498,-0.3171161922905481,-0.4562560353493639,-0.008754692178966739
1.425,0.5714481157398058,-0.3210300226635597,0.6026671412193936,-0.32702656202088065,-0.46492790326870637,-0.00867186791934249
1.43,0.5698215754699113,-0.32957752350692165,0.6009827185294248,-0.3368845379937724,-0.4735155806688589,-0.008587677400152538
1.435,0.5681524272453792,-0.3380729802387383,0.5992492756901007,-0.34668856786480573,-0.482017714522939,-0.008502133854080107
1.44,0.5664409346440633,-0.34651505132790883,0.5974670901513572,-0.3564371077486867,-0.49043296525179353,-0.008415250728854518
1.445,0.564687367930486,-0.35490240367354486,0.5956364470390445,-0.36612862246254363,-0.4987600069369235,-0.008327041685129988
1.45,0.5628920040131591,-0.3632337128154814,0.5937576391102046,-0.3757615857679699,-0.5069975275312442,-0.008237520594320646
1.455,0.5610551264008576,-0.37150766314342615,0.5918309667071457,-0.38533448061176595,-0.5151442290676436,-0.008146701536399403
1.46,0.5591770251578506,-0.3797229481047065,0.5898567377103191,-0.39484579936533426,-0.5231988278653048,-0.008054598797661239
1.465,0.5572579968580956,-0.3878782704105933,0.5878352674900057,-0.40429404406268454,-0.5311600547337729,-0.007961226868468119
1.47,0.5552983445384077,-0.39597234224115446,0.5857668788568207,-0.41367772663700386,-0.5390266551747008,-0.007866600440927907
1.475,0.5532983776506044,-0.4040038854486193,0.5836519020110419,-0.42299536915574887,-0.5467973895812851,-0.007770734406584268
1.48,0.5512584120126426,-0.41197163175920964,0.5814906744907709,-0.4322455040542173,-0.5544710334353068,-0.0076736438540216945
1.485,0.5491787697587438,-0.41987432297341876,0.5792835411189331,-0.44142667436755645,-0.5620463775018083,-0.00757534406650151
1.49,0.5470597792885283,-0.4277107111646926,0.5770308539491272,-0.45053743396116575,-0.5695222280213029,-0.00747585051949462
1.495,0.5449017752151551,-0.4354795588764942,0.5747329722103299,-0.4595763477594537,-0.5768974068995555,-0.007375178878252564
1.5,0.5427050983124843,-0.4431796393177095,0.5723902622504654,-0.4685419919729067,-0.584170751894844,-0.007273344995288533
1.5050000000000001,0.540470095461263,-0.4508097365563754,0.5700030974788483,-0.47743295432343036,-0.591341116802724,-0.0071703649078800336
1.51,0.5381971195943506,-0.45836864571168684,0.5675718583075087,-0.4862478342679226,-0.5984073716382186,-0.007066254835494501
1.5150000000000001,0.5358865296409856,-0.4658551731442624,0.5650969320914084,-0.49498524322004045,-0.6053684028154414,-0.006961031177222798
1.52,0.533538690470107,-0.4732681366446338,0.5625787130675578,-0.5036438047701194,-0.612223113324603,-0.006854710509161643
1.5250000000000001,0.5311539728327367,-0.4806063656199312,0.5600176022930418,-0.5122221549032091,-0.6189704229063866,-0.0067473095817836
1.53,0.5287327533034344,-0.487868701278731,0.5574140075819658,-0.5207189422151863,-0.6256092682236416,-0.006638845317255004
1.5350000000000001,0.526275414220831,-0.49505399681404566,0.5547683434413313,-0.5291328281269074,-0.6321386030304054,-0.006529334806763765
1.54,0.5237823436272546,-0.5021611175844152,0.5520810310058495,-0.5374624870963643,-0.6385573983381818,-0.006418795307776448
1.545,0.5212539352074522,-0.5091889412930819,0.5493524979717055,-0.5457066068288067,-0.6448646425794932,-0.006307244241311349
1.55,0.5186905882264234,-0.5161363581652133,0.5465831785292815,-0.553863888484794,-0.6510593417686454,-0.006194699189152275
1.555,0.5160927074663721,-0.5230022711231475,0.5437735132948508,-0.5619330468861435,-0.6571405196596957,-0.006081177891050227
1.56,0.5134607031627857,-0.529785595959637,0.5409239492412521,-0.5699128107197372,-0.6631072179016098,-0.005966698241914092
1.565,0.5107949909396547,-0.5364852615090548,0.5380349396275563,-0.577801922739154,-0.668958496190553,-0.0058512782889432735
1.57,0.5080959917438415,-0.543100209816546,0.5351069439277358,-0.5855991399640932,-0.6746934324193226,-0.005734936228769527
1.575,0.5053641317786066,-0.5496293963050898,0.532140427758348,-0.5933032338775557,-0.6803111228238781,-0.005617690404555509
1.58,0.5025998424363073,-0.5560717899404511,0.5291358628052443,-0.6009129906207488,-0.6858106821269592,-0.005499559303081103
1.585,0.4998035602302755,-0.5624263733939917,0.5260937267493159,-0.608427211185683,-0.6911912436787522,-0.005380561551793006
1.59,0.4969757267258869,-0.5686921432033204,0.5230145031912887,-0.6158447116054284,-0.696451959594607,-0.005260715915854863
1.595,0.49411678847083323,-0.5748681099307487,0.5198986815755787,-0.6231643231419987,-0.7015920008897555,-0.005140041295148445
1.6,0.4912271969246068,-0.5809532983195365,0.5167467571132196,-0.6303848924718314,-0.7066105576110343,-0.005018556721278822
1.605,0.48830740838721026,-0.5869467474478948,0.5135592307038754,-0.6375052818688343,-0.7115068389655744,-0.004896281354540122
1.61,0.48535788392710016,-0.5928475108807294,0.5103366088569506,-0.644524369384967,-0.7162800734464562,-0.004773234480881738
1.615,0.4823790893083817,-0.5986546568190888,0.507079403611809,-0.6514410490283287,-0.7209295089552705,-0.004649435508814359
1.62,0.4793714949172557,-0.6043672682473118,0.5037881324571154,-0.658254230938721,-0.7254544129216358,-0.00452490396636529
1.625,0.476335575687742,-0.6099844430778311,0.5004633182493121,-0.6649628415606607,-0.7298540724195722,-0.0043996594979364145
1.6300000000000001,0.47327181102668026,-0.6155052942936243,0.49710548913024305,-0.671565823813809,-0.7341277942807777,-0.004273721861205448
1.635,0.4701806847380269,-0.6209289500882847,0.4937151784439391,-0.6780621372607943,-0.738274905204754,-0.004147110923976349
1.6400000000000001,0.4670626849464563,-0.6262545540036896,0.49029292465257707,-0.6844507582723982,-0.7422947518657822,-0.00401984666102817
1.645,0.46391830402028067,-0.6314812650652442,0.4868392712516267,-0.6907306801900778,-0.7461867010167189,-0.0038919491509367132
1.6500000000000001,0.4607480384936989,-0.6366082579146819,0.4833547666841977,-0.6969009134858002,-0.7499501395896094,-0.0037634385728905206
1.655,0.4575523889883888,-0.6416347229403975,0.4798399642546019,-0.7029604859191609,-0.7535844747930873,-0.0036343352034778897
1.6600000000000001,0.45433186013445176,-0.6465598664052957,0.4762954220411431,-0.708908442691762,-0.7570891342065701,-0.003504659413482769
1.665,0.45108696049072833,-0.6513829105721283,0.472721702808149,-0.7147438465988241,-0.7604635658711917,-0.003374431664621591
1.67,0.4478182024644875,-0.6561030938263114,0.46911937391725894,-0.7204657781780089,-0.7637072383775269,-0.0032436725063351712
1.675,0.44452610223051453,-0.6607196707961911,0.4654890072379818,-0.7260733358554283,-0.7668196409500135,-0.0031124025724866833
1.68,0.4412111796495997,-0.6652319124707466,0.46183117905753773,-0.7315656360888146,-0.7698002835281258,-0.002980642578112258
1.685,0.43787395818644625,-0.6696391063147101,0.4581464699899986,-0.7369418135078317,-0.7726486968442511,-0.0028484133161252867
1.69,0.4345149648270098,-0.6739405563810834,0.45443546488474107,-0.7422010210515029,-0.7753644324982649,-0.00271573565401384
1.695,0.43113472999527996,-0.6781355834210376,0.4506987527342274,-0.7473424301027334,-0.7779470630288062,-0.0025826305305413078
1.7,0.42773378746952184,-0.6822235249911726,0.4469369265811278,-0.752365230619908,-0.7803961819812132,-0.002449118952406959
1.705,0.4243126742979853,-0.6862037355581254,0.4431505834248001,-0.7572686312655396,-0.7827114039721424,-0.0023152219909292615
1.71,0.4208719307140988,-0.6900755866005077,0.43934032412714036,-0.7620518595319512,-0.784892364750841,-0.0021809607786985596
1.715,0.41741210005116075,-0.6938384667081556,0.4355067533178205,-0.7667141618639699,-0.7869387212570627,-0.002046356506221647
1.72,0.41393372865654027,-0.6974917816786798,0.43165047929892747,-0.7712548037786133,-0.7888501516756337,-0.001911430418571003
1.725,0.41043736580540335,-0.7010349546112955,0.4277721139490187,-0.7756730699817503,-0.790626355487639,-0.0017762038120053836
1.73,0.40692356361397536,-0.7044674259979229,0.42387227262661015,-0.7799682644817167,-0.7922670535182413,-0.0016406980306022945
1.735,0.403392876952355,-0.7077886538115402,0.4199515740731108,-0.7841397106998683,-0.7937719879811174,-0.0015049344628760286
1.74,0.39984586335689604,-0.7109981135917739,0.4160106403152205,-0.7881867515780541,-0.795140922519486,-0.0013689345383686158
1.745,0.3962830829421629,-0.71409529852772,0.4120500965668055,-0.792108749682992,-0.7963736422437737,-0.0012327197242877341
1.75,0.39270509831248424,-0.7170797195379733,0.40807057113026785,-0.7959050873075322,-0.7974699537658455,-0.0010963115220717912
1.7550000000000001,0.38911247447311054,-0.7199509053478598,0.4040726952974239,-0.7995751665687889,-0.7984296852298459,-0.0009597314640004129
1.76,0.38550577874099284,-0.722708402563856,0.40005710324990823,-0.8031184095031297,-0.7992526863396284,-0.0008230011097825063
1.7650000000000001,0.3818855806551975,-0.725351775745186,0.3960244319591182,-0.806534258158004,-0.7999388283827618,-0.0006861420431333309
1.77,0.37825245188696904,-0.7278806074725812,0.3919753210857152,-0.8098221746805966,-0.8004880042511244,-0.0005491758683626724
1.7750000000000001,0.3746069661494563,-0.7302944984141967,0.3879104128786987,-0.8129816414032952,-0.8009001284580752,-0.00041212420695080354
1.78,0.3709496991071175,-0.7325930673886702,0.38383035207406896,-0.8160121609259546,-0.8011751371521958,-0.00027500869412055984
1.7850000000000001,0.3672812282848142,-0.7347759514253149,0.3797357857930942,-0.8189132561949478,-0.8013129881276182,-0.00013785097542240443
1.79,0.3636021329766164,-0.7368428058214364,0.37562736344019926,-0.8216844705789903,-0.8013136608309025,-6.727032842990255e-07
1.795,0.35991299415432215,-0.738793304196766,0.37150573660049063,-0.8243253679417261,-0.8011771563645192,0.0001365044663832471
1.8,0.3562143943757174,-0.7406271385449992,0.3673715589369353,-0.8268355327110635,-0.8009034974868704,0.00027365887764885244
1.805,0.35250691769258274,-0.742344019282434,0.36322548608720906,-0.8292145699452517,-0.8004927286089027,0.0004107688779676488
1.81,0.348791149558465,-0.7439436752936992,0.35906817556023063,-0.8314621053956857,-0.7999449157872868,0.0005478128216159783
1.815,0.34506767673622724,-0.7454258539745668,0.3549002866323985,-0.8335777855664315,-0.7992601467141692,0.0006847690731175415
1.82,0.3413370872053915,-0.7467903212718413,0.3507224802435462,-0.835561277770461,-0.7984385307035067,0.0008216160106625514
1.825,0.3375999700692914,-0.7480368617203188,0.34653541889263323,-0.8374122701825896,-0.7974801986739667,0.0009583320295399878
1.83,0.33385691546204455,-0.7491652784768124,0.3423397665331877,-0.8391304718891072,-0.7963853031284212,0.0010948955455455378
1.835,0.3301085144553645,-0.7501753933512351,0.33813618846851723,-0.8407156129340944,-0.7951540181300177,0.0012312849984034147
1.84,0.32635535896522294,-0.7510670468347385,0.33392535124670514,-0.8421674443624189,-0.7937865392748423,0.001367478855175408
1.845,0.32259804165837974,-0.7518400981249013,0.3297079225554081,-0.8434857382594032,-0.7922830836611748,0.0015034556136674926
1.85,0.31883715585879396,-0.7524944251479632,0.3254845711164723,-0.8446702877871597,-0.7906438898553405,0.001639193805834327
1.855,0.3150732954539311,-0.7530299245781021,0.32125596658038436,-0.8457209072175851,-0.788869217854169,0.00177467200117154
1.86,0.3113070548009802,-0.7534465118537506,0.3170227794205743,-0.8466374319620124,-0.7869593490440665,0.0019098688101024663
1.865,0.3075390286330013,-0.7537441211909479,0.31278568082758673,-0.8474197185975126,-0.7849145861566822,0.0020447628873843104
1.87,0.30376981196500585,-0.7539227055937304,0.3085453426031375,-0.8480676448898458,-0.7827352532212409,0.0021793329354412583
1.875,0.30000000000000004,-0.7539822368615503,0.30430243705407223,-0.8485811098130538,-0.7804216955134625,0.002313557707778413
1.8800000000000001,0.29623018803499424,-0.7539227055937304,0.30005763688624376,-0.8489600335656967,-0.7779742795011512,0.002447416012311354
1.885,0.2924609713669987,-0.7537441211909479,0.29581161509832515,-0.8492043575837263,-0.7753933927864198,0.002580886714731334
1.8900000000000001,0.2886929451990196,-0.7534465118537504,0.29156504487557516,-0.8493140445499975,-0.772679444044577,0.002713948741842831
1.895,0.28492670454606905,-0.7530299245781021,0.2873185994835731,-0.8492890784004152,-0.7698328629596811,0.002846581084895883
1.9000000000000001,0.2811628441412059,-0.7524944251479632,0.2830729521619395,-0.8491294643267169,-0.7668541001567709,0.0029787628029102065
1.905,0.2774019583416203,-0.7518400981249013,0.27882877601806005,-0.8488352287758885,-0.763743627130787,0.003110473025983884
1.9100000000000001,0.27364464103477687,-0.7510670468347383,0.274586743920829,-0.8484064194462174,-0.7605019361721965,0.003241690958590504
1.915,0.2698914855446356,-0.7501753933512351,0.2703475283944291,-0.8478431052799801,-0.7571295402893164,0.003372395882880075
1.92,0.2661430845379555,-0.7491652784768124,0.2661118015121653,-0.8471453764527674,-0.7536269731273862,0.0035025671619302035
1.925,0.2624000299307087,-0.7480368617203189,0.26188023479036804,-0.8463133443594495,-0.7499947888843516,0.0036321842430346862
1.93,0.2586629127946085,-0.7467903212718413,0.2576534990823841,-0.845347141596782,-0.7462335622234176,0.003761226660933925
1.935,0.2549323232637728,-0.7454258539745668,0.2534322644726708,-0.8442469219426574,-0.7423438881823589,0.003889674041058777
1.94,0.25120885044153507,-0.7439436752936992,0.2492172001710108,-0.8430128603320036,-0.738326382079611,0.00401750610274787
1.945,0.24749308230741732,-0.742344019282434,0.24500897440686412,-0.8416451528293357,-0.7341816794171604,0.0041447026624505945
1.95,0.2437856056242827,-0.7406271385449992,0.2408082543238743,-0.8401440165979639,-0.7299104357802331,0.004271243636927324
1.955,0.240087005845678,-0.738793304196766,0.23661570587454497,-0.8385096898658632,-0.7255133267338212,0.0043971090464118845
1.96,0.23639786702338364,-0.7368428058214365,0.23243199371510392,-0.8367424318882103,-0.7209910477160473,0.004522279017773911
1.965,0.23271877171518565,-0.7347759514253149,0.22825778110057096,-0.8348425229065946,-0.7163443139283853,0.004646733787662005
1.97,0.22905030089288256,-0.7325930673886702,0.2240937297800464,-0.8328102641049081,-0.7115738602227629,0.004770453705622346
1.975,0.2253930338505435,-0.7302944984141967,0.2199404998922368,-0.8306459775619238,-0.7066804409855553,0.004893419237207652
1.98,0.2217475481130311,-0.7278806074725812,0.21579874986123396,-0.8283500062005682,-0.7016648300184921,0.0050156109670631555
1.985,0.21811441934480233,-0.7253517757451858,0.21166913629256448,-0.8259227137338965,-0.6965278204165035,0.005137009601988596
1.99,0.2144942212590073,-0.7227084025638562,0.20755231386952558,-0.8233644846077809,-0.6912702244424987,0.0052575959740047695
1.995,0.2108875255268896,-0.7199509053478599,0.203448935249824,-0.8206757239403186,-0.6858928733991443,0.005377351043354461
2.0,0.20729490168751583,-0.7170797195379734,0.19935965096253414,-0.8178568574579714,-0.6803966174976055,0.0054962559015387935
2.005,0.20371691705783718,-0.7140952985277201,0.19528510930539192,-0.8149083314284454,-0.6747823257233201,0.005614291774285407
2.0100000000000002,0.200154136643104,-0.7109981135917739,0.1912259562424403,-0.8118306125903233,-0.6690508856987959,0.0057314400245241925
2.015,0.19660712304764486,-0.7077886538115401,0.187182835302043,-0.8086241880794596,-0.6632032035434675,0.005847682155328382
2.02,0.19307643638602473,-0.704467425997923,0.18315638747528223,-0.8052895653521496,-0.6572402037306291,0.005962999812838432
2.025,0.18956263419459676,-0.7010349546112956,0.1791472511147568,-0.8018272721050868,-0.6511628289414675,0.006077374789161594
2.0300000000000002,0.18606627134345957,-0.6974917816786795,0.1751560618337962,-0.7982378561921192,-0.6449720399162235,0.006190789025243948
2.035,0.1825878999488391,-0.6938384667081555,0.1711834524061071,-0.7945218855378192,-0.6386688153024884,0.0063032246137351144
2.04,0.17912806928590125,-0.6900755866005078,0.1672300526658677,-0.7906799480478802,-0.6322541515006839,0.006414663801804554
2.045,0.17568732570201476,-0.6862037355581256,0.16329648940828595,-0.7867126515163544,-0.625729062506736,0.006525088993947881
2.05,0.17226621253047847,-0.682223524991173,0.15938338629063722,-0.7826206235297466,-0.6190945797519571,0.006634482754778848
2.055,0.1688652700047201,-0.6781355834210377,0.15549136373379732,-0.7784045113679792,-0.6123517519401944,0.006742827811762719
2.06,0.16548503517299026,-0.6739405563810835,0.1516210388242861,-0.7740649819022445,-0.6055016448822242,0.006850107057970178
2.065,0.16212604181355378,-0.6696391063147102,0.1477730252168373,-0.7696027214897597,-0.5985453413274697,0.006956303554754517
2.07,0.15878882035040034,-0.6652319124707469,0.14394793303751008,-0.7650184358654425,-0.5914839407930277,0.007061400534442042
2.075,0.1554738977694853,-0.660719670796191,0.14014636878735745,-0.7603128500305233,-0.5843185593900482,0.007165381402979509
2.08,0.1521817975355126,-0.6561030938263116,0.13636893524666688,-0.7554867081381129,-0.5770503296474949,0.007268229742553256
2.085,0.1489130395092718,-0.6513829105721284,0.13261623137978817,-0.750540773375743,-0.5696804003333177,0.007369929314177237
2.09,0.1456681398655483,-0.646559866405296,0.12888885224056368,-0.7454758278448981,-0.5622099362730483,0.007470464060269411
2.095,0.14244761101161127,-0.6416347229403976,0.12518738887837588,-0.7402926724375588,-0.5546401181658724,0.00756981810717583
2.1,0.13925196150630095,-0.6366082579146817,0.121512428244827,-0.7349921267097757,-0.5469721423981821,0.007667975767690294
2.105,0.13608169597971942,-0.6314812650652444,0.11786455310106553,-0.7295750287522926,-0.5392072208546614,0.007764921543520709
2.11,0.1329373150535437,-0.6262545540036898,0.11424434192577432,-0.7240422350582427,-0.5313465807269204,0.007860640127741014
2.115,0.12981931526197293,-0.6209289500882845,0.11065236882383464,-0.7183946203879349,-0.523391464319707,0.00795511640721347
2.12,0.1267281889733198,-0.6155052942936244,0.10708920343568087,-0.7126330776307545,-0.5153431288547359,0.00804833546497108
2.125,0.12366442431225812,-0.6099844430778312,0.10355541084735988,-0.7067585176641993,-0.5072028462721662,0.008140282582569713
2.13,0.12062850508274435,-0.604367268247312,0.10005155150130951,-0.7007718692100732,-0.4989719030297435,0.008230943242422684
2.1350000000000002,0.11762091069161838,-0.5986546568190889,0.09657818110787021,-0.6946740786878599,-0.49065159989965784,0.008320303130085638
2.14,0.11464211607289966,-0.5928475108807292,0.09313585055754371,-0.6884661100653012,-0.48224325176313854,0.008408348136519306
2.145,0.11169259161278978,-0.5869467474478949,0.0897251058340127,-0.6821489447062016,-0.4737481874028191,0.008495064360319438
2.15,0.1087728030753932,-0.5809532983195366,0.08634648792793528,-0.6757235812154849,-0.4651677492929083,0.008580438109910826
2.1550000000000002,0.10588321152916659,-0.5748681099307484,0.08300053275152765,-0.6691910352815275,-0.4565032933872009,0.008664455905707358
2.16,0.10302427327411294,-0.5686921432033201,0.0796877710539487,-0.662552339515791,-0.447756188904952,0.008747104482248913
2.165,0.10019643976972456,-0.5624263733939919,0.07640872833749979,-0.6558085432897827,-0.43892781811466675,0.008828370790285256
2.17,0.09740015756369269,-0.5560717899404511,0.07316392477465294,-0.6489607125693674,-0.430019576115823,0.008908241998843769
2.1750000000000003,0.09463586822139321,-0.5496293963050894,0.06995387512592065,-0.6420099297464581,-0.42103287061856676,0.00898670549725622
2.18,0.09190400825615848,-0.543100209816546,0.0667790886585801,-0.6349572934681113,-0.411969121721419,0.009063748897147783
2.185,0.0892050090603452,-0.5364852615090548,0.06364006906626482,-0.6278039184630544,-0.4028297616870278,0.009139360034391197
2.19,0.08653929683721452,-0.5297855959596374,0.06053731438943646,-0.620550935365673,-0.39361623471599294,0.009213526971034836
2.195,0.08390729253362805,-0.523002271123148,0.057471316936749034,-0.6131994905374851,-0.38432999671881274,0.009286237997180202
2.2,0.08130941177357644,-0.516136358165213,0.05444256320731838,-0.6057507458861312,-0.3749725150859759,0.00935748163283684
2.205,0.07874606479254788,-0.5091889412930823,0.05145153381390884,-0.5982058786819084,-0.36554526845624263,0.009427246629733266
2.21,0.0762176563727454,-0.5021611175844155,0.04849870340704945,-0.5905660813718778,-0.35604974648315224,0.009495521973090393
2.215,0.07372458577916903,-0.49505399681404616,0.04558454060009157,-0.5828325613915747,-0.3464874495997856,0.009562296883366628
2.22,0.07126724669656563,-0.487868701278731,0.04270950789521982,-0.5750065409743508,-0.33685988878183115,0.009627560817954461
2.225,0.06884602716726322,-0.4806063656199309,0.039874061610427926,-0.5670892569583796,-0.3271685853089802,0.009691303472850965
2.23,0.0664613095298931,-0.4732681366446343,0.03707865180747116,-0.5590819605913544,-0.3174150705247015,0.00975351478427866
2.235,0.06411347035901442,-0.4658551731442626,0.03432372222080661,-0.5509859173329099,-0.30760088559442156,0.009814184930279968
2.24,0.06180288040564932,-0.4583686457116865,0.03160971018753261,-0.5428024066548001,-0.29772758126215615,0.009873304332265409
2.245,0.05952990453873708,-0.45080973655637563,0.0289370465783383,-0.5345327218388617,-0.2877967176056282,0.009930863656527955
2.25,0.0572949016875158,-0.44317963931770976,0.026306155729474312,-0.5261781697727973,-0.27780986378991446,0.009986853815713737
2.255,0.055098224784844815,-0.4354795588764942,0.02371745537575527,-0.5177400707438087,-0.26776859781965295,0.010041265970261504
2.2600000000000002,0.05294022071147176,-0.42771071116469284,0.021171356584604697,-0.5092197582301144,-0.2576745062898582,0.010094091529794735
2.265,0.0508212302412562,-0.41987432297341876,0.01866826369115278,-0.5006185786903836,-0.2475291841353782,0.010145322154480024
2.27,0.048741587987357435,-0.4119716317592096,0.016208574234397182,-0.4919378913511194,-0.23733423437903511,0.01019494975634308
2.275,0.04670162234939557,-0.40400388544861954,0.013792678894437051,-0.4831790679920262,-0.22709126787848774,0.010242966500547374
2.2800000000000002,0.04470165546159238,-0.39597234224115446,0.011420961430790081,-0.47434349272939424,-0.21680190307185945,0.010289364806628287
2.285,0.04274200314190424,-0.387878270410593,0.009093798621802405,-0.4654325617975354,-0.20646776572216538,0.010334137349694072
2.29,0.04082297484214945,-0.3797229481047067,0.006811560205160877,-0.45644768332830554,-0.1960904886605863,0.010377277061579093
2.295,0.038944873599142324,-0.3715076631434261,0.004574608819517139,-0.44739027712874757,-0.18567171152862472,0.01041877713196157
2.3000000000000003,0.03710799598684079,-0.36323371281548106,0.0023832999472326866,-0.4382617744568905,-0.17521308051918574,0.010458631009438973
2.305,0.035312632069514016,-0.35490240367354486,0.00023798185825398476,-0.42906361779574037,-0.1647162481166241,0.010496832402561634
2.31,0.03355906535593662,-0.34651505132790883,-0.0018610044448735042,-0.4197972606254978,-0.15418287283579726,0.010533375280826845
2.315,0.03184757275462093,-0.33807298023873883,-0.003913325280843702,-0.41046416719403955,-0.14361461896016636,0.0105682538756309
2.32,0.030178424530088743,-0.3295775235069222,-0.005918654342272196,-0.4010658122856987,-0.1330131562789859,0.010601462681180451
2.325,0.02855188426019409,-0.32103002266355934,-0.007876672747214104,-0.3916036809883816,-0.12238015982362518,0.010632996455360727
2.33,0.026968208794501337,-0.3124318274581211,-0.009787069089509388,-0.3820792684590569,-0.11171730960306217,0.010662850220563014
2.335,0.02542764821372474,-0.30378429564530196,-0.011649539487947662,-0.3724940796876548,-0.10102629033858831,0.010691019264473856
2.34,0.023930445790239018,-0.2950887927706217,-0.013463787634244731,-0.3628496292594137,-0.09030879119777338,0.010717499140814934
2.345,0.022476837949662588,-0.28634669195478396,-0.015229524839823285,-0.3531474411157108,-0.07956650552772593,0.010742285670047452
2.35,0.021067054233524563,-0.277559373676851,-0.01694647008139036,-0.3433890483134155,-0.06880113058769544,0.010765374940030492
2.355,0.01970131726301646,-0.26872822555624476,-0.01861435004530438,-0.3335759927828036,-0.058014367281054274,0.010786763306641162
2.36,0.018379842703837846,-0.2598546421336262,-0.020232899170724728,-0.32370982508406976,-0.04720791988670606,0.010806447394348218
2.365,0.01710283923214061,-0.2509400246506835,-0.021801859691537112,-0.31379210416247716,-0.036383495789961584,0.010824424096744473
2.37,0.01587050850157673,-0.24198578082886066,-0.023320981677048026,-0.3038243971021832,-0.025542805212923625,0.010840690577037959
2.375,0.01468304511145394,-0.23299332464705616,-0.024790023071441923,-0.2938082788787796,-0.014687560944421613,0.010855244268502012
2.38,0.013540636576007114,-0.22396407611834554,-0.026208749731994857,-0.28374533211058683,-0.003819478069545912,0.0108680828748757
2.3850000000000002,0.012443463294787249,-0.21489946106574195,-0.027576935466038562,-0.27363714680874107,0.007059726301184843,0.010879204370730755
2.39,0.01139169852417422,-0.20580091089704247,-0.028894362066669132,-0.26348532012611386,0.01794833330297349,0.010888607001788647
2.395,0.010385508350017836,-0.19666986237879253,-0.030160819347194653,-0.25329145610510434,0.02884462258817333,0.01089628928519984
2.4,0.00942505166141071,-0.18750775740940417,-0.03137610517431637,-0.24305716542434305,0.0397468725979479,0.010902250009774572
2.4050000000000002,0.008510480125597774,-0.17831604279146077,-0.03254002550003811,-0.23278406514434796,0.050653360834127165,0.010906488236179263
2.41,0.007641938164026829,-0.16909617000325608,-0.03365239439229897,-0.22247377845217284,0.06156236413120414,0.010909003297076975
2.415,0.006819562929541989,-0.15984959496958354,-0.03471303406432441,-0.21212793440508798,0.07247215892844475,0.010909794797240607
2.42,0.006043484284725942,-0.15057777783182935,-0.03572177490269108,-0.20174816767333414,0.08338102154205687,0.010908862613612125
2.4250000000000003,0.00531382478139335,-0.1412821827174019,-0.03667845549410103,-0.19133611828198993,0.09428722843737683,0.010906206895319959
2.43,0.004630699641238367,-0.13196427750852965,-0.037582922650861,-0.18089343135199382,0.10518905650103236,0.010901828063655528
2.435,0.003994216737639555,-0.12262553361045969,-0.03843503143506281,-0.17042175684036126,0.11608478331304642,0.010895726812014062
2.44,0.0034044765786258144,-0.11326742571911305,-0.039234645181461,-0.15992274927963843,0.1269726874188188,0.010887904105772395
2.445,0.0028615722910046437,-0.10389143158820703,-0.03998163551904416,-0.14939806751663323,0.13785104860096753,0.010878361182148716
2.45,0.0023655896056566372,-0.09449903179590491,-0.04067588239129649,-0.1388493744504651,0.1487181481509659,0.010867099549998371
2.455,0.0019166068439974814,-0.08509170951101598,-0.04131727407514637,-0.128278336769975,0.1595722691405434,0.010854120989577498
2.46,0.001514694905609948,-0.07567095025878022,-0.041905707198599054,-0.11768662469053703,0.17041169669281264,0.010839427552269243
2.465,0.0011599172570482819,-0.0662382416862938,-0.04244108675705062,-0.10707591169031307,0.18123471825305934,0.010823021560246698
2.47,0.0008523299218158197,-0.0567950733275857,-0.04292332612828058,-0.09644787424599233,0.19203962385917875,0.010804905606119408
2.475,0.0005919814715185323,-0.04734293636841047,-0.04335234708612087,-0.08580419156805734,0.20282470641168915,0.0107850825525104
2.48,0.00037891301819475975,-0.03788332341076661,-0.043728079812798956,-0.07514654533561839,0.21358826194330638,0.01076355553161723
2.485,0.00021315820782323857,-0.028417728237198108,-0.04405046290995325,-0.06447661943085828,0.2243285898880172,0.010740327944710831
2.49,9.474321501001803e-05,-0.01894764557491152,-0.04431944340831889,-0.053796099673128844,0.23504399334961357,0.010715403461596357
2.495,2.3686738855166478e-05,-0.00947457085974192,-0.044534976776082605,-0.043106673552742086,0.24573277936964813,0.010688786020034563
2.5,0.0,-1.8467238659729181e-16,-0.04469702692590509,-0.03241002996449703,0.2563932591947773,0.01066047982512916
2.505,2.3686738855166478e-05,0.009474570859741549,-0.044805566220610014,-0.021707858940985397,0.2670237485434243,0.010630489348647021
2.5100000000000002,9.474321501001803e-05,0.01894764557491182,-0.0448605754775386,-0.011001851385717161,0.2776225678717482,0.010598819328323905
2.515,0.00021315820782323857,0.028417728237197737,-0.04486204397156914,-0.00029369880610876156,0.28818804263885994,0.010565474767111727
2.52,0.00037891301819475975,0.037883323410766244,-0.044809969436801024,0.010414906953623886,0.29871850357124924,0.010530460932389296
2.525,0.0005919814715185323,0.0473429363684101,-0.0447043580669029,0.021122273979625402,0.3092122869263786,0.010493783355129349
2.5300000000000002,0.0008523299218158197,0.056795073327586,-0.044545224514125036,0.031826710555572395,0.31966773475540883,0.01045544782903024
2.535,0.0011599172570482819,0.06623824168629343,-0.04433259188697597,0.04252652542981314,0.33008319516499796,0.010415460409589128
2.54,0.001514694905609948,0.07567095025877986,-0.044066491746563796,0.053220028082434076,0.3404570225781574,0.010373827413159453
2.545,0.0019166068439974814,0.08509170951101562,-0.04374696410160274,0.06390552899221069,0.35078757799410626,0.01033055541594885
2.5500000000000003,0.0023655896056566706,0.09449903179590587,-0.04337405740208573,0.0745813399034006,0.3610732292470802,0.010285651252973926
2.555,0.0028615722910046437,0.10389143158820667,-0.04294782853162405,0.08524577409233672,0.3713123512640667,0.010239122016986513
2.56,0.0034044765786258144,0.11326742571911269,-0.042468342798455155,0.09589714663377873,0.3815033263214273,0.010190975057360607
2.565,0.003994216737639555,0.12262553361045933,-0.04193567392512026,0.10653377466697993,0.3916445443003419,0.010141217978914596
2.57,0.004630699641238367,0.13196427750852927,-0.041349904036813115,0.11715397766142852,0.4017344029410713,0.010089858640729421
2.575,0.005313824781393417,0.14128218271740284,-0.04071112364840201,0.1277560776822209,0.411771308095963,0.010036905154891695
2.58,0.006043484284725909,0.150577777831829,-0.040019431650126884,0.1383383996550246,0.42175367398118147,0.009982365885218447
2.585,0.006819562929541956,0.15984959496958318,-0.039274935291973935,0.14889927163058972,0.4316799234271281,0.009926249445946611
2.59,0.007641938164026796,0.16909617000325572,-0.0384777501667301,0.15943702504876706,0.4415484881274794,0.009868564700351301
2.595,0.008510480125597807,0.17831604279146107,-0.03762800019172015,0.16994999500199048,0.45135780888684895,0.009809320759369577
2.6,0.009425051661410676,0.18750775740940384,-0.036725817589229236,0.18043652049818304,0.4611063358669871,0.009748526980138172
2.605,0.010385508350017768,0.19666986237879214,-0.035771342865614016,0.19089494472304427,0.47079252883152395,0.009686192964536822
2.61,0.011391698524174187,0.20580091089704208,-0.034764724789105625,0.20132361530167786,0.48041485738918777,0.009622328557663817
2.615,0.012443463294787281,0.21489946106574223,-0.03370612036630803,0.2117208845595185,0.48997180123546236,0.00955694384627459
2.62,0.01354063657600708,0.2239640761183452,-0.03259569481739545,0.22208510978251605,0.49946185039265667,0.009490049157194314
2.625,0.014683045111453907,0.23299332464705577,-0.031433621550012766,0.23241465347653686,0.5088835054483554,0.009421655055698697
2.63,0.015870508501576695,0.24198578082886027,-0.030220082131883066,0.24270788362594,0.5182352777921773,0.009351772343821896
2.6350000000000002,0.01710283923214064,0.25094002465068377,-0.02895526626212662,0.252963173951289,0.527515689850848,0.009280412058670695
2.64,0.018379842703837777,0.25985464213362586,-0.02763937174129583,0.26317890416615763,0.5367232753215199,0.009207585470671908
2.645,0.019701317263016393,0.2687282255562444,-0.026272604440130885,0.2733534602329892,0.5458565794033157,0.009133304081795801
2.65,0.021067054233524497,0.2775593736768507,-0.024855178267041044,0.2834852346179684,0.5549141590270539,0.00905757962373821
2.6550000000000002,0.02247683794966262,0.28634669195478424,-0.023387315134316706,0.29357262654486754,0.5638945830831276,0.008980424056073688
2.66,0.023930445790238952,0.2950887927706214,-0.021869244923077583,0.3036140422478244,0.572796432647479,0.008901849564351472
2.665,0.025427648213724705,0.30378429564530157,-0.020301205446962515,0.31360789522301336,0.5816183012056706,0.008821868558191559
2.67,0.026968208794501267,0.31243182745812076,-0.018683442414566664,0.32355260647917,0.5903587948749853,0.00874049366931473
2.6750000000000003,0.028551884260194258,0.32103002266356023,-0.017016209390632017,0.3334466047869291,0.599016532624529,0.008657737749543704
2.68,0.030178424530088677,0.3295775235069219,-0.015299767755997333,0.3432883269269369,0.6075901464933052,0.008573613868776198
2.685,0.03184757275462086,0.33807298023873844,-0.01353438666631384,0.3530762179366988,0.616078281806241,0.008488135312935796
2.69,0.03355906535593656,0.3465150513279085,-0.011720343009533226,0.36280873135612257,0.6244795973880881,0.00840131558184709
2.695,0.03531263206951395,0.35490240367354453,-0.00985792136217463,0.37248432947171933,0.6327927657752167,0.008313168387128589
2.7,0.03710799598684099,0.3632337128154819,-0.007947413944377512,0.38210148355942347,0.6410164734252277,0.008223707650011014
2.705,0.03894487359914226,0.37150766314342576,-0.005989120573747549,0.3916586741259926,0.6491494209243708,0.008132947499143062
2.71,0.04082297484214938,0.3797229481047064,-0.003983348618002801,0.40115439114894963,0.6571903231927443,0.008040902268373507
2.715,0.04274200314190417,0.3878782704105926,-0.0019304129464276492,0.41058713431503036,0.6651379096872069,0.007947586494462588
2.72,0.044701655461592445,0.3959723422411547,0.00016936411985783327,0.41995541325709645,0.6729909246020215,0.007853014914814604
2.725,0.046701622349395476,0.4040038854486192,0.002315652858805228,0.42925774778947895,0.6807481270671408,0.0077572024651193505
2.73,0.04874158798735737,0.41197163175920926,0.004508116199513794,0.4384926681417132,0.6884082913441663,0.0076601642770254275
2.735,0.0508212302412561,0.4198743229734184,0.006746409775466941,0.44765871519062933,0.6959702070198992,0.007561915675732944
2.74,0.05294022071147183,0.4277107111646931,0.009030181978920748,0.45675444069076154,0.7034326791974713,0.0074624721775721214
2.745,0.05509822478484475,0.43547955887649387,0.011359074016435945,0.4657784075030394,0.7107945286850272,0.007361849487555916
2.75,0.05729490168751573,0.44317963931770943,0.013732719965544574,0.4747291898217258,0.7180545921819412,0.007260063496913993
2.755,0.05952990453873701,0.4508097365563753,0.016150746832542397,0.4836053733995642,0.7252117224624987,0.007157130280557422
2.7600000000000002,0.06180288040564938,0.45836864571168673,0.018612774611397907,0.49240555577110184,0.732264788557059,0.007053066094560356
2.765,0.06411347035901435,0.4658551731442624,0.021118416343768664,0.5011283464741517,0.739212675930645,0.006947887373585981
2.77,0.066461309529893,0.47326813664463396,0.02366727818011546,0.5097723672693592,0.7460542866589351,0.006841610728290148
2.775,0.06884602716726308,0.4806063656199306,0.026258959441904654,0.5183362523578384,0.7527885396016358,0.006734252942700691
2.7800000000000002,0.0712672466965657,0.48786870127873116,0.028893052684888877,0.5268186485968448,0.7594143705732079,0.0066258309715721
2.785,0.07372458577916893,0.4950539968140458,0.03156914376345612,0.5352182157134482,0.7659307325108959,0.006516361937688009
2.79,0.0762176563727453,0.5021611175844152,0.03428681189603699,0.5435336265161739,0.7723365956400816,0.006405863129185674
2.795,0.07874606479254778,0.509188941293082,0.03704562973155988,0.5517635671045783,0.7786309476368911,0.0062943519968095
2.8000000000000003,0.0813094117735767,0.5161363581652137,0.0398451634169435,0.5599067370767256,0.784812793788044,0.006181846151152914
2.805,0.08390729253362796,0.5230022711231477,0.04268497266561617,0.5679618497345325,0.7908811571479246,0.006068363359880591
2.81,0.08653929683721442,0.5297855959596371,0.04556461082705092,0.5759276322869497,0.796835078692862,0.005953921544937346
2.815,0.0892050090603451,0.5364852615090545,0.04848362495730565,0.5838028260509462,0.802673617472552,0.0058385387796899835
2.82,0.09190400825615838,0.5431002098165458,0.05144155589055698,0.5915861866502672,0.8083958507586535,0.005722233286101552
2.825,0.09463586822139348,0.5496293963050902,0.05443793831161664,0.5992764842119311,0.8140008741904854,0.00560502343183189
2.83,0.0974001575636926,0.5560717899404509,0.05747230082941883,0.6068725035604382,0.8194878019178294,0.005486927727344049
2.835,0.10019643976972446,0.5624263733939917,0.06054416605146711,0.6143730444096561,0.8248557667408278,0.0053679648229983945
2.84,0.10302427327411284,0.5686921432033198,0.0636530506592289,0.6217769215523565,0.8301039202469027,0.005248153506074882
2.845,0.1058832115291667,0.5748681099307487,0.06679846548446575,0.6290829650473687,0.8352314329447423,0.00512751269783962
2.85,0.10877280307539311,0.5809532983195363,0.06997991558648736,0.636290020404324,0.8402374943952667,0.005006061450524402
2.855,0.11169259161278969,0.5869467474478948,0.07319690033031716,0.6433969487659591,0.8451213133396156,0.004883818944348861
2.86,0.11464211607289956,0.5928475108807288,0.07644891346575691,0.650402627087951,0.8498821178240916,0.004760804484476022
2.865,0.11762091069161848,0.5986546568190891,0.07973544320733819,0.6573059483162559,0.8545191553220526,0.004637037497960961
2.87,0.12062850508274425,0.6043672682473118,0.0830559723151478,0.6641058215619213,0.8590316928527371,0.0045125375306844795
2.875,0.12366442431225799,0.609984443077831,0.08640997817651454,0.6708011722733477,0.8634190170970217,0.004387324244284674
2.88,0.12672818897331967,0.6155052942936242,0.08979693288854437,0.6773909424059676,0.8676804345100437,0.004261417413021995
2.8850000000000002,0.12981931526197305,0.6209289500882847,0.09321630334149097,0.6838740905893207,0.8718152714307235,0.00413483692067973
2.89,0.13293731505354361,0.6262545540036896,0.09666755130294845,0.6902495922914939,0.8758228741881381,0.00400760275741463
2.895,0.13608169597971928,0.6314812650652442,0.10015013350285297,0.6965164399809037,0.87970260920474,0.003879735016601882
2.9,0.13925196150630084,0.6366082579146815,0.10366350171927993,0.7026736432853933,0.8834538630964018,0.0037512538916618654
2.9050000000000002,0.14244761101161138,0.6416347229403978,0.10720710286502304,0.7087202291486201,0.8870760427692802,0.0036221796728783673
2.91,0.14566813986554816,0.6465598664052957,0.11078037907494158,0.7146552419837091,0.8905685755134526,0.003492532744172383
2.915,0.14891303950927165,0.6513829105721282,0.11438276779406231,0.7204777438241475,0.8939309090933669,0.003362333579914334
2.92,0.15218179753551245,0.6561030938263114,0.1180137018664218,0.7261868144718969,0.897162511835039,0.0032316027416721127
2.9250000000000003,0.15547389776948564,0.6607196707961914,0.12167260962463529,0.7317815516426996,0.9002628727100017,0.003100360874962682
2.93,0.15878882035040023,0.6652319124707466,0.12535891498017807,0.737261071108556,0.9032315014159955,0.002968628705993792
2.935,0.16212604181355364,0.6696391063147101,0.12907203751436483,0.7426245068373513,0.9060679284544052,0.0028364270384096946
2.94,0.16548503517299015,0.6739405563810834,0.13281139257001287,0.7478710111296076,0.9087717052043776,0.002703776749972353
2.945,0.16886527000471996,0.6781355834210376,0.13657639134377458,0.7529997547523426,0.9113424039936733,0.0025706987892957223
2.95,0.17226621253047833,0.6822235249911729,0.14036644097912465,0.7580099270700111,0.9137796181661909,0.002437214172517632
2.955,0.17568732570201465,0.6862037355581254,0.1441809446599872,0.7629007361725105,0.9160829621461747,0.002303343979983774
2.96,0.1791280692859011,0.6900755866005076,0.14801930170498834,0.7676714090002283,0.9182520714991145,0.002169109352939791
2.965,0.18258789994883898,0.6938384667081553,0.1518809076623189,0.7723211914661144,0.9202866029892718,0.0020345314901573097
2.97,0.18606627134345963,0.6974917816786798,0.15576515440519267,0.7768493485747558,0.9221862346338929,0.001899631644621147
2.975,0.18956263419459662,0.7010349546112955,0.15967143022788485,0.7812551645384382,0.9239506657540342,0.001764431120141241
2.98,0.1930764363860246,0.7044674259979229,0.16359911994233572,0.7855379428901728,0.925579617022052,0.0016289512680178753
2.985,0.19660712304764472,0.70778865381154,0.16754760497530408,0.7896970065936729,0.9270728305057074,0.0014932134836553868
2.99,0.20015413664310414,0.7109981135917741,0.1715162634660554,0.793731698150263,0.928430069708887,0.0013572392031795388
2.995,0.20371691705783704,0.71409529852772,0.1755044703645689,0.7976413797027011,0.9296511196089426,0.0012210499000556707
3.0,0.2072949016875157,0.7170797195379733,0.1795115975302484,0.8014254331359006,0.9307357866906578,0.0010846670817151738
3.005,0.21088752552688947,0.7199509053478598,0.18353701383112106,0.805083260174534,0.9316838989767857,0.0009481122861279001
3.0100000000000002,0.21449422125900713,0.722708402563856,0.18758008524350858,0.8086142824775039,0.9324953060552112,0.0008114070784255301
3.015,0.21811441934480244,0.725351775745186,0.1916401749521549,0.8120179417292666,0.9331698791026978,0.0006745730474865264
3.02,0.22174754811303096,0.7278806074725811,0.19571664345079487,0.8152936997279928,0.9337075109052265,0.0005376318025287485
3.025,0.22539303385054338,0.7302944984141966,0.19980884864314763,0.8184410384705522,0.9341081158749218,0.00040060496969529513
3.0300000000000002,0.2290503008928827,0.7325930673886702,0.20391614594431917,0.8214594602343087,0.9343716300635703,0.00026351418864845044
3.035,0.23271877171518573,0.7347759514253149,0.20803788838259774,0.8243484876557136,0.9344980111727009,0.0001263811091306577
3.04,0.2363978670233835,0.7368428058214364,0.21217342670162614,0.8271076638056821,0.9344872385602752,-1.077261242576899e-05
3.045,0.24008700584567783,0.738793304196766,0.21632210946293487,0.8297365522617456,0.9343393132439399,-0.00014792531633522898
3.0500000000000003,0.2437856056242828,0.7406271385449993,0.22048328314881968,0.8322347371769632,0.9340542579008586,-0.00028505534308131963
3.055,0.24749308230741718,0.742344019282434,0.22465629226554762,0.8346018233455856,0.9336321168641261,-0.00042214103673254844
3.06,0.25120885044153496,0.7439436752936992,0.2288404794468749,0.8368374362654597,0.9330729561157761,-0.0005591607483499406
3.065,0.25493232326377263,0.7454258539745668,0.23303518555786074,0.8389412221971623,0.9323768632763434,-0.000696092839432727
3.0700000000000003,0.2586629127946087,0.7467903212718413,0.23723974979896,0.8409128482198568,0.9315439475910394,-0.0008329156853039699
3.075,0.2624000299307088,0.7480368617203189,0.24145350981037933,0.8427520022838619,0.9305743399124798,-0.0009696076785595809
3.08,0.2661430845379554,0.7491652784768124,0.24567580177667894,0.8444583932599242,0.9294681926800331,-0.0011061472324467303
3.085,0.26989148554463543,0.7501753933512351,0.24990596053160488,0.8460317509851868,0.9282256798957425,-0.0012425127842906614
3.09,0.2736446410347767,0.7510670468347383,0.25414331966313414,0.8474718263058486,0.9268469970968375,-0.0013786827989049621
3.095,0.2774019583416201,0.7518400981249013,0.25838721161871664,0.8487783911165045,0.9253323613248663,-0.0015146357719711956
3.1,0.28116284414120596,0.7524944251479632,0.26263696781069745,0.8499512383961629,0.9236820110914028,-0.0016503502334634934
3.105,0.2849267045460689,0.7530299245781021,0.2668919187219021,0.8509901822409327,0.9218962063403926,-0.0017858047510102004
3.11,0.28869294519901945,0.7534465118537504,0.271151394011369,0.8518950578933765,0.9199752284070998,-0.0019209779332928223
3.115,0.29246097136699883,0.7537441211909479,0.2754147226202116,0.8526657217685244,0.9179193799736716,-0.002055848433428209
3.12,0.29623018803499407,0.7539227055937304,0.27968123287759433,0.8533020514765439,0.9157289850213393,-0.0021903949523323085
3.125,0.2999999999999999,0.7539822368615503,0.2839502526068047,0.8538039458420641,0.9134043887792627,-0.002324596242076593
3.13,0.30376981196500574,0.7539227055937304,0.2882211092314054,0.8541713249201478,0.9109459576700012,-0.002458431109261472
3.1350000000000002,0.3075390286330012,0.7537441211909479,0.29249312988145,0.8544041300089131,0.9083540792516523,-0.0025918784183488475
3.14,0.31130705480098037,0.7534465118537504,0.296765641499744,0.8545023236587997,0.9056291621566499,-0.0027249170950024437
3.145,0.31507329545393087,0.7530299245781021,0.3010379709481364,0.8544658896784793,0.9027716360272297,-0.0028575261294202514
3.15,0.31883715585879385,0.7524944251479632,0.3053094451138234,0.854294833137408,0.8997819514475829,-0.0029896845796467675
3.1550000000000002,0.3225980416583799,0.7518400981249013,0.3095793910156485,0.8539891803650239,0.8966605798727034,-0.0031213715748794613
3.16,0.32635535896522305,0.7510670468347383,0.31384713591038144,0.853548978946585,0.8934080135539262,-0.003252566318777239
3.165,0.3301085144553644,0.7501753933512351,0.3181120073989597,0.8529742977156517,0.8900247654612032,-0.003383248092722946
3.17,0.3338569154620444,0.7491652784768124,0.3223733335326757,0.852265226743214,0.8865113692020921,-0.003513396259111179
3.1750000000000003,0.3375999700692915,0.7480368617203188,0.32663044291929305,0.851421877323465,0.8828683789374899,-0.0036429902646021306
3.18,0.3413370872053914,0.7467903212718413,0.33088266482907414,0.8504443819562223,0.8790963692941153,-0.003772009643374652
3.185,0.34506767673622685,0.745425853974567,0.33512932930070416,0.8493328943260023,0.8751959352737785,-0.003900434020336796
3.19,0.3487911495584651,0.7439436752936992,0.3393697672470929,0.8480875892777476,0.8711676921594128,-0.0040282431143656705
3.1950000000000003,0.3525069176925832,0.7423440192824339,0.34360331056103893,0.8467086627892136,0.8670122754179074,-0.0041554167415054355
3.2,0.3562143943757175,0.7406271385449992,0.34782929222073905,0.8451963319400185,0.8627303405997586,-0.004281934818148758
3.205,0.359912994154322,0.738793304196766,0.35204704639512585,0.8435508348773605,0.8583225632355563,-0.004407777364202281
3.21,0.36360213297661603,0.7368428058214367,0.3562559085490179,0.8417724307784077,0.8537896387292973,-0.004532924506259084
3.215,0.3672812282848143,0.7347759514253149,0.36045521554806476,0.8398613998093684,0.8491322822485742,-0.004657356480723074
3.22,0.3709496991071176,0.7325930673886701,0.364644305763471,0.8378180430812462,0.8443512286116333,-0.004781053636940924
3.225,0.37460696614945643,0.7302944984141967,0.36882251917648246,0.8356426826022875,0.8394472321713392,-0.004903996440294045
3.23,0.3782524518869689,0.7278806074725813,0.3729891974826181,0.8333356612271294,0.8344210666960555,-0.005026165475283673
3.235,0.3818855806551977,0.7253517757451858,0.3771436841956314,0.8308973426026561,0.8292735252474488,-0.0051475414486067406
3.24,0.3855057787409927,0.7227084025638562,0.38128532475118426,0.8283281111105713,0.8240054200552472,-0.005268105192201555
3.245,0.3891124744731106,0.7199509053478597,0.38541346661021775,0.8256283718066965,0.8186175823889911,-0.005387837666256168
3.25,0.39270509831248407,0.7170797195379734,0.3895274593620028,0.822798550357005,0.8131108624267454,-0.005506719962245721
3.255,0.3962830829421625,0.7140952985277204,0.39362665482685477,0.8198390929704009,0.8074861291208599,-0.005624733305885421
3.2600000000000002,0.3998458633568959,0.710998113591774,0.39771040715849604,0.8167504663282543,0.8017442700607395,-0.00574185906012048
3.265,0.4033928769523549,0.7077886538115403,0.40177807294604956,0.813533157510704,0.7958861913326771,-0.0058580787280623214
3.27,0.40692356361397525,0.704467425997923,0.40582901131564825,0.8101876739197379,0.7899128173767812,-0.005973373955895922
3.275,0.4104373658054032,0.7010349546112956,0.40986258403164355,0.8067145431990662,0.7838250908409786,-0.0060877265358025845
3.2800000000000002,0.41393372865654043,0.6974917816786796,0.41387815559739755,0.8031143131507962,0.7776239724321713,-0.006201118408807327
3.285,0.41741210005116064,0.6938384667081557,0.41787509335564216,0.7993875516489252,0.7713104407645104,-0.00631353166766091
3.29,0.42087193071409895,0.6900755866005075,0.42185276758839046,0.7955348465496636,0.7648854922048753,-0.006424948559635046
3.295,0.42431267429798514,0.6862037355581256,0.4258105516163835,0.7915568055986019,0.7583501407155172,-0.006535351489358132
3.3000000000000003,0.427733787469522,0.6822235249911726,0.42974782189805716,0.7874540563347381,0.7517054176939543,-0.006644723021562937
3.305,0.43113472999527985,0.6781355834210379,0.43366395812801406,0.7832272459913782,0.7449523718100839,-0.006753045883870379
3.31,0.4345149648270094,0.6739405563810839,0.4375583433349837,0.7788770413939278,0.7380920688405962,-0.006860302969487697
3.315,0.4378739581864464,0.66963910631471,0.44143036397925667,0.7744041288545892,0.7311255915006675,-0.006966477339928723
3.3200000000000003,0.4412111796496001,0.6652319124707462,0.44527941004957655,0.7698092140639821,0.7240540392729783,-0.007071552227689182
3.325,0.4445261022305147,0.660719670796191,0.44910487515947506,0.765093021979703,0.7168785282340953,-0.007175511038883031
3.33,0.4478182024644874,0.6561030938263117,0.4529061566430343,0.7602562967118437,0.709600190878229,-0.007278337355866249
3.335,0.45108696049072794,0.6513829105721287,0.4566826556500617,0.7552998014054837,0.7022201759383913,-0.0073800149398377535
3.34,0.4543318601344519,0.6465598664052956,0.4604337772406626,0.7502243181201782,0.6947396482049998,-0.007480527733391473
3.345,0.45755238898838885,0.6416347229403973,0.4641589304791949,0.7450306477064588,0.6871597883419321,-0.0075798598630676395
3.35,0.46074803849369894,0.6366082579146817,0.4678575285275917,0.7397196096793662,0.6794817927000913,-0.007677995641840796
3.355,0.4639183040202805,0.6314812650652444,0.4715289887380369,0.7342920420890368,0.6717068731284825,-0.007774919571608807
3.36,0.4670626849464565,0.6262545540036895,0.4751727327449787,0.7287488013883613,0.6638362567828452,-0.007870616345637349
3.365,0.4701806847380268,0.6209289500882851,0.4787881865564674,0.7230907622977382,0.6558711859318629,-0.007965070850982303
3.37,0.47327181102668037,0.6155052942936241,0.4823747806448021,0.717318817666942,0.6478129177610015,-0.008058268170861416
3.375,0.4763355756877419,0.6099844430778313,0.48593195003647277,0.711433878334129,0.6396627241739725,-0.008150193587028953
3.38,0.4793714949172554,0.6043672682473125,0.4894591344013828,0.7054368729820016,0.6314218915918888,-0.008240832582083746
3.3850000000000002,0.4823790893083816,0.5986546568190889,0.49295577814133856,0.6993287479911567,0.6230917207501188,-0.008330170841770013
3.39,0.4853578839271001,0.5928475108807296,0.49642133047779174,0.6931104672906373,0.6146735264928782,-0.008418194257240552
3.395,0.4883074083872101,0.586946747447895,0.4998552455388203,0.6867830122057139,0.606168637565605,-0.008504888927273191
3.4,0.49122719692460676,0.5809532983195367,0.5032569824453349,0.6803473813029194,0.5975783964051268,-0.00859024116047824
3.4050000000000002,0.4941167884708333,0.5748681099307485,0.5066260053964967,0.6738045902323602,0.5889041589276746,-0.008674237477452218
3.41,0.49697572672588675,0.5686921432033206,0.5099617837543333,0.6671556715673307,0.5801472943147623,-0.008756864612912252
3.415,0.4998035602302756,0.5624263733939916,0.5132637921275396,0.660401674641255,0.5713091847969801,-0.008838109517782189
3.42,0.5025998424363073,0.5560717899404511,0.5165315104544494,0.6535436653819814,0.5623912254357107,-0.008917959361269379
3.4250000000000003,0.5053641317786067,0.5496293963050896,0.5197644240851668,0.6465827261434579,0.5533948239028428,-0.00899640153286796
3.43,0.5080959917438415,0.5431002098165462,0.5229620238628409,0.6395199555348122,0.5443214002584696,-0.009073423644373135
3.435,0.5107949909396545,0.5364852615090555,0.5261238062040752,0.6323564682468661,0.5351723867266499,-0.009149013531819739
3.44,0.5134607031627857,0.529785595959637,0.5292492731784557,0.6250933948761096,0.5259492274692378,-0.009223159257412128
3.4450000000000003,0.5160927074663723,0.5230022711231471,0.5323379325871865,0.617731881746164,0.5166533783578251,-0.00929584911141268
3.45,0.5186905882264236,0.5161363581652131,0.5353892980408204,0.6102730907267607,0.5072863067438479,-0.009367071613977207
3.455,0.5212539352074521,0.5091889412930823,0.5384028890360717,0.6027181990502658,0.49784949122686617,-0.009436815516981722
3.46,0.5237823436272544,0.5021611175844161,0.5413782310317006,0.5950683991257786,0.48834442142107565,-0.009505069805790523
3.465,0.526275414220831,0.49505399681404577,0.5443148555234547,0.587324898350833,0.4787725977200764,-0.009571823700999238
3.47,0.5287327533034345,0.48786870127873044,0.5472123001180583,0.5794889189207333,0.46913553105994105,-0.009637066660135363
3.475,0.5311539728327368,0.48060636561993103,0.5500701086062361,0.5715616976355515,0.4594347426806159,-0.009700788379325143
3.48,0.5335386904701069,0.47326813664463435,0.5528878310347601,0.5635444857048201,0.44967176388569924,-0.009762978794916666
3.485,0.5358865296409857,0.4658551731442622,0.5556650237775099,0.555438548549948,0.43984813580062754,-0.0098236280850717
3.49,0.5381971195943506,0.45836864571168706,0.558401249605532,0.5472451656043935,0.4299654091293096,-0.009882726671317954
3.495,0.540470095461263,0.45080973655637513,0.56109607775609,0.5389656301116237,0.4200251439092507,-0.009940265220058864
3.5,0.5427050983124841,0.44317963931770976,0.5637490840006946,0.5306012489208936,0.4100289092652033,-0.00999623464404742
3.505,0.5449017752151549,0.4354795588764948,0.5663598507120989,0.5221533422808762,0.39997828316137696,-0.010050626103826343
3.5100000000000002,0.5470597792885282,0.42771071116469295,0.5689279669302548,0.5136232436311776,0.38987485215226286,-0.010103431009114094
3.515,0.5491787697587437,0.41987432297341937,0.5714530284272137,0.5050122993917683,0.37972021113208854,-0.010154641020174326
3.52,0.5512584120126426,0.41197163175920964,0.5739346377709655,0.4963218687503646,0.36951596308296925,-0.010204248049119291
3.525,0.5532983776506044,0.40400388544861965,0.5763724043882045,0.487553323447795,0.35926371882177194,-0.010252244261197307
3.5300000000000002,0.5552983445384077,0.3959723422411545,0.5787659446260114,0.478708047561383,0.34896509674574916,-0.010298622076022779
3.535,0.5572579968580955,0.38787827041059364,0.5811148818124433,0.4697874372863826,0.3386217225769671,-0.01034337416878206
3.54,0.5591770251578506,0.37972294810470625,0.5834188463160208,0.4607929007155001,0.32823522910559,-0.0103864934713771
3.545,0.5610551264008576,0.37150766314342615,0.5856774756041035,0.4517258576165369,0.3178072559320343,-0.010427973173555705
3.5500000000000003,0.5628920040131592,0.3632337128154811,0.5878904143001444,0.4425877392081889,0.3073394492080572,-0.010467806723977069
3.555,0.564687367930486,0.3549024036735449,0.5900573142398147,0.4333799879340378,0.2968334613768082,-0.010505987831249008
3.56,0.5664409346440632,0.3465150513279095,0.5921778345259885,0.4241040572347698,0.28629095091188284,-0.010542510464925381
3.565,0.5681524272453792,0.3380729802387383,0.5942516415825818,0.4147614113186571,0.2757135820554337,-0.01057736885644911
3.5700000000000003,0.5698215754699114,0.3295775235069211,0.5962784092072335,0.40535352493034044,0.2651030245553576,-0.010610557500076112
3.575,0.5714481157398058,0.32103002266355946,0.5982578186228232,0.3958818831179463,0.254460953401627,-0.010642071153730615
3.58,0.5730317912054986,0.3124318274581212,0.6001895585278161,0.38634798099857826,0.24378904856178313,-0.010671904839843871
3.585,0.5745723517862751,0.3037842956453026,0.6020733251454272,0.37675332352221763,0.2330889947156461,-0.010700053846137036
3.59,0.576069554209761,0.29508879277062117,0.6039088222715976,0.3670994252340717,0.22236248098928424,-0.010726513726361853
3.595,0.5775231620503375,0.28634669195478346,0.6056957613217746,0.3573878100354068,0.21161120068827988,-0.010751280301004362
3.6,0.5789329457664754,0.27755937367685113,0.6074338613764891,0.34762001094290373,0.20083685103033067,-0.010774349657949212
3.605,0.5802986827369835,0.26872822555624487,0.609122849225722,0.33779756984657394,0.19004113287723873,-0.010795718153091938
3.61,0.5816201572961622,0.25985464213362564,0.6107624594120534,0.3279220372662745,0.17922575046632114,-0.01081538241091759
3.615,0.5828971607678592,0.2509400246506842,0.6123524342725877,0.31799497210686023,0.16839241114129025,-0.010833339325030888
3.62,0.5841294914984233,0.2419857808288601,0.6138925239796478,0.3080179414120117,0.15754282508263978,-0.010849586058650468
3.625,0.585316954888546,0.23299332464705624,0.6153824865802316,0.29799252011677846,0.1466787050375857,-0.010864120045054076
3.63,0.5864593634239927,0.22396407611834626,0.616822088034226,0.2879202907988755,0.13580176604960206,-0.010876938987983642
3.6350000000000002,0.5875565367052127,0.21489946106574204,0.6182111022513699,0.2778028434287732,0.12491372518758942,-0.010888040862012643
3.64,0.5886083014758257,0.20580091089704317,0.619549311126963,0.26764177511862,0.1140163012747332,-0.010897423912856224
3.645,0.5896144916499821,0.1966698623787926,0.6208365045763131,0.2574386898700369,0.1031112146170722,-0.01090508665766099
3.65,0.5905749483385893,0.18750775740940429,0.6220724805679172,0.24719519832082457,0.09220018673184661,-0.010911027885225591
3.6550000000000002,0.5914895198744021,0.17831604279146085,0.6232570451553703,0.23691291749062213,0.0812849400756404,-0.010915246656206218
3.66,0.5923580618359731,0.16909617000325683,0.6243900125079981,0.22659347052555837,0.07036719777239137,-0.010917742303249031
3.665,0.593180437070458,0.15984959496958295,0.6254712049402078,0.2162384864419353,0.059448683341277855,-0.01091851443111351
3.67,0.5939565157152741,0.15057777783182943,0.6265004529395527,0.20584959986898516,0.04853112042456342,-0.010917562916714432
3.6750000000000003,0.5946861752186067,0.14128218271740198,0.6274775951935064,0.1954284507907406,0.03761623251539907,-0.010914887909164353
3.68,0.5953693003587616,0.13196427750852974,0.6284024786149417,0.1849766842870597,0.026705742685672218,-0.010910489829726852
3.685,0.5960057832623603,0.12262553361046044,0.629274958366311,0.174495950273846,0.015801373313904604,-0.010904369371767614
3.69,0.5965955234213741,0.11326742571911248,0.6300948978825235,0.1639879032425051,0.004904845813265751,-0.010896527500638853
3.6950000000000003,0.5971384277089954,0.1038914315882058,0.6308621688925169,0.15345420199867837,-0.0059821196402542465,-0.010886965453519998
3.7,0.5976344103943434,0.09449903179590499,0.6315766514395184,0.1428965094002962,-0.01685780437948914,-0.010875684739234892
3.705,0.5980833931560025,0.08509170951101608,0.6322382338999933,0.1323164920949901,-0.02772049151749645,-0.01086268713800731
3.71,0.59848530509439,0.07567095025878098,0.6328468130012779,0.12171582025690773,-0.038568466218671896,-0.010847974701175447
3.715,0.5988400827429516,0.06623824168629322,0.6334022938378927,0.11109616732297004,-0.049400015969550445,-0.01083154975087855
3.72,0.5991476700781841,0.056795073327585134,0.6339045898865358,0.10045920972861352,-0.0602134308492259,-0.010813414879675458
3.725,0.5994080185284815,0.04734293636841057,0.6343536230197511,0.08980662664305929,-0.0710070037993769,-0.010793572950150994
3.73,0.5996210869818053,0.0378833234107667,0.6347493235182718,0.07914009970415001,-0.0817790308938339,-0.010772027094457001
3.735,0.5997868417921768,0.028417728237197525,0.6350916300820358,0.0684613127527971,-0.09252781160764914,-0.010748780713815242
3.74,0.59990525678499,0.018947645574912284,0.6353804898398713,0.05777195156708029,-0.10325164908562676,-0.010723837477977616
3.745,0.5999763132611449,0.00947457085974134,0.6356158583578515,0.047073703596040864,-0.11394885041028936,-0.010697201324662606
3.75,0.6,2.770085798959377e-16,0.6357976996463176,0.03636825769321169,-0.1246177268692008,-0.010668876458911444
3.755,0.5999763132611449,-0.009474570859740787,0.6359259861655673,0.0256573038499249,-0.1352565942216438,-0.010638867352442988
3.7600000000000002,0.59990525678499,-0.01894764557491173,0.6360006988302095,0.014942532928439974,-0.14586377296458258,-0.010607178742938789
3.765,0.5997868417921768,-0.028417728237196977,0.6360218270121841,0.004225636394934404,-0.15643758859786913,-0.010573815633286548
3.77,0.5996210869818053,-0.03788332341076615,0.6359893685424461,-0.006491693947600668,-0.16697637188868428,-0.010538783290815146
3.775,0.5994080185284815,-0.04734293636841001,0.6359033297113136,-0.017207766226518713,-0.17747845913511645,-0.010502087246432174
3.7800000000000002,0.5991476700781841,-0.056795073327585904,0.6357637252674802,-0.027920888766686344,-0.18794219242889387,-0.010463733293777422
3.785,0.5988400827429518,-0.06623824168629266,0.6355705784156921,-0.038629370357621186,-0.19836591991717778,-0.010423727488283907
3.79,0.59848530509439,-0.07567095025878044,0.6353239208130893,-0.049331520520556275,-0.20874799606342648,-0.010382076146248698
3.795,0.5980833931560025,-0.08509170951101552,0.6350237925642124,-0.06002564977538833,-0.21908678190723033,-0.01033878584380385
3.8000000000000003,0.5976344103943433,-0.09449903179590577,0.634670242214675,-0.07071006990746932,-0.22938064532314092,-0.010293863415910598
3.805,0.5971384277089953,-0.10389143158820657,0.634263326743504,-0.08138309423419726,-0.2396279612783915,-0.01024731595525058
3.81,0.5965955234213742,-0.11326742571911194,0.6338031115541473,-0.09204303787136581,-0.24982711208952038,-0.010199150811128876
3.815,0.5960057832623603,-0.1226255336104599,0.6332896704641511,-0.10268821799922906,-0.2599764876778241,-0.010149375588303727
3.8200000000000003,0.5953693003587616,-0.13196427750853051,0.6327230856935099,-0.1133169541282414,-0.2700744858235988,-0.010097998145774667
3.825,0.5946861752186066,-0.14128218271740275,0.6321034478516877,-0.12392756836442821,-0.2801195124191639,-0.01004502659556511
3.83,0.5939565157152741,-0.1505777778318289,0.6314308559233159,-0.13451838567434776,-0.29010998172058877,-0.009990469301424887
3.835,0.5931804370704581,-0.15984959496958243,0.6307054172525679,-0.1450877341496005,-0.3000443165981021,-0.009934334877513329
3.84,0.5923580618359732,-0.16909617000325627,0.6299272475262137,-0.15563394527084548,-0.3099209487851421,-0.009876632187039991
3.845,0.5914895198744021,-0.17831604279146163,0.6290964707553572,-0.16615535417128163,-0.3197383191260024,-0.009817370340860332
3.85,0.5905749483385893,-0.18750775740940376,0.6282132192558595,-0.17665029989955144,-0.32949487782204556,-0.009756558696043138
3.855,0.5896144916499823,-0.19666986237879205,0.6272776336274494,-0.18711712568202724,-0.33918908467644027,-0.009694206854394705
3.86,0.5886083014758258,-0.20580091089704267,0.6262898627315272,-0.19755417918443732,-0.3488194093373784,-0.009630324660938161
3.865,0.5875565367052128,-0.21489946106574148,0.6252500636676632,-0.20795981277279138,-0.3583843315397264,-0.009564922202347947
3.87,0.5864593634239929,-0.22396407611834576,0.6241584017487954,-0.2183323837735633,-0.3678823413451122,-0.009498009805385843
3.875,0.5853169548885461,-0.2329933246470557,0.62301505047513,-0.22867025473309074,-0.37731193938034846,-0.009429598035236242
3.88,0.5841294914984233,-0.24198578082885958,0.6218201915067492,-0.23897179367615043,-0.38667163707421554,-0.009359697693867075
3.8850000000000002,0.5828971607678594,-0.2509400246506837,0.6205740146349308,-0.24923537436366855,-0.39595995689252195,-0.009288319818306412
3.89,0.5816201572961623,-0.25985464213362514,0.6192767177521832,-0.2594593765495254,-0.4051754325714204,-0.009215475678898466
3.895,0.5802986827369836,-0.26872822555624437,0.6179285068210011,-0.26964218623641295,-0.41431660934896464,-0.009141176777544224
3.9,0.5789329457664755,-0.2775593736768506,0.6165295958413476,-0.27978219593070663,-0.4233820441948156,-0.009065434845850984
3.9050000000000002,0.5775231620503374,-0.2863466919547841,0.615080206816866,-0.28987780489630927,-0.4323703060381374,-0.008988261843321799
3.91,0.5760695542097611,-0.29508879277062067,0.6135805697198289,-0.2999274194074284,-0.44127997599356056,-0.008909669955423138
3.915,0.5745723517862752,-0.3037842956453021,0.6120309224548276,-0.30992945300024677,-0.45010964758526273,-0.00882967159170217
3.92,0.5730317912054986,-0.3124318274581207,0.6104315108212104,-0.31988232672344513,-0.458857926969051,-0.008748279383788249
3.9250000000000003,0.5714481157398057,-0.3210300226635602,0.6087825884742727,-0.3297844693875401,-0.46752343315248657,-0.00866550618343559
3.93,0.5698215754699113,-0.32957752350692177,0.6070844168852078,-0.3396343178129948,-0.47610479821294327,-0.008581365060456703
3.935,0.5681524272453793,-0.3380729802387378,0.6053372652998225,-0.34943031707706623,-0.48460066751363795,-0.00849586930069468
3.94,0.5664409346440633,-0.34651505132790905,0.6035414106960257,-0.35917092075934715,-0.4930096999175382,-0.00840903240390023
3.9450000000000003,0.5646873679304858,-0.35490240367354564,0.6016971377400959,-0.36885459118596686,-0.5013305679991382,-0.008320868081600041
3.95,0.562892004013159,-0.3632337128154818,0.5998047387417339,-0.37847979967240963,-0.5095619582540857,-0.008231390254947457
3.955,0.5610551264008578,-0.37150766314342565,0.5978645136079094,-0.3880450267649144,-0.5177025713066046,-0.008140613052518897
3.96,0.5591770251578508,-0.37972294810470575,0.5958767697955073,-0.3975487624804162,-0.5257511221146767,-0.008048550808072097
3.9650000000000003,0.5572579968580956,-0.38787827041059314,0.5938418222627824,-0.40698950654499255,-0.5337063401729732,-0.007955218058296576
3.97,0.5552983445384074,-0.3959723422411552,0.5917599934196285,-0.4163657686307767,-0.5415669697134728,-0.007860629540499597
3.975,0.5532983776506045,-0.40400388544861915,0.589631613076672,-0.42567606859129925,-0.5493317699037745,-0.0077648001903016795
3.98,0.5512584120126426,-0.41197163175920926,0.5874570183931959,-0.4349189366952234,-0.5569995150430443,-0.0076677451392698215
3.985,0.5491787697587438,-0.4198743229734189,0.5852365538239037,-0.44409291385843475,-0.5645689947555631,-0.007569479712518756
3.99,0.5470597792885283,-0.42771071116469245,0.5829705710645314,-0.45319655187444985,-0.5720390141818582,-0.007470019426295105
3.995,0.544901775215155,-0.43547955887649437,0.5806594289963158,-0.46222841364310757,-0.5794083941674006,-0.007369379985542435
4.0,0.5427050983124843,-0.4431796393177093,0.5783034936293283,-0.47118707339750543,-0.5866759714487901,-0.007267577281389492
4.005,0.5404700954612631,-0.4508097365563747,0.5759031380446826,-0.4800711169291472,-0.5938405988374723,-0.0071646273886821765
4.01,0.5381971195943507,-0.4583686457116867,0.5734587423356263,-0.4888791418112658,-0.600901145400882,-0.007060546563409709
4.015,0.5358865296409858,-0.46585517314426167,0.5709706935475249,-0.49760975762028437,-0.6078564966410285,-0.006955351240146457
4.0200000000000005,0.533538690470107,-0.47326813664463385,0.568439385616748,-0.5062615861553827,-0.6147055546705054,-0.006849058029476884
4.025,0.5311539728327366,-0.4806063656199316,0.5658652193084673,-0.5148332616561339,-0.6214472383858467,-0.00674168371534134
4.03,0.5287327533034343,-0.48786870127873105,0.5632486021533765,-0.5233234310181749,-0.6280804836382534,-0.0066332452524067165
4.035,0.5262754142208312,-0.4950539968140453,0.5605899483833421,-0.531730754006881,-0.6346042434016431,-0.006523759763389703
4.04,0.5237823436272545,-0.5021611175844155,0.557889678865997,-0.5400539034690061,-0.6410174879379855,-0.0064132445363423995
4.045,0.5212539352074522,-0.5091889412930819,0.5551482210382858,-0.5482915655422574,-0.647319204959901,-0.006301717021915509
4.05,0.5186905882264237,-0.5161363581652126,0.5523660088389719,-0.556442439862773,-0.653508399790535,-0.0061891948306339595
4.055,0.5160927074663724,-0.5230022711231467,0.5495434826401195,-0.5645052397704651,-0.6595840955206176,-0.0060756957300825976
4.0600000000000005,0.5134607031627854,-0.5297855959596376,0.5466810891775585,-0.5724786925122018,-0.6655453331627388,-0.005961237642121198
4.065,0.5107949909396547,-0.536485261509055,0.5437792814803446,-0.5803615394427919,-0.6713911718027658,-0.005845838640026968
4.07,0.5080959917438412,-0.5431002098165467,0.5408385187992258,-0.5881525362237415,-0.6771206887484628,-0.005729516945697011
4.075,0.5053641317786065,-0.5496293963050901,0.5378592665341271,-0.5958504530197515,-0.6827329796751591,-0.0056122909266963505
4.08,0.5025998424363074,-0.5560717899404508,0.5348419961606624,-0.6034540746929254,-0.6882271587685829,-0.005494179093423757
4.085,0.4998035602302757,-0.5624263733939912,0.5317871851556891,-0.6109622009946563,-0.693602358864728,-0.005375200096145116
4.09,0.49697572672588697,-0.5686921432033203,0.5286953169219133,-0.6183736467551614,-0.6988577315868002,-0.005255372722072216
4.095,0.4941167884708335,-0.5748681099307482,0.5255668807115601,-0.6256872420706366,-0.7039924474791732,-0.005134715892373021
4.1,0.4912271969246073,-0.5809532983195355,0.5224023715491201,-0.6329018324880008,-0.7090056961383912,-0.005013248659217928
4.105,0.48830740838720993,-0.5869467474478955,0.5192022901531841,-0.6400162791871982,-0.7138966863411363,-0.0048909902027451935
4.11,0.4853578839271002,-0.5928475108807293,0.5159671428573789,-0.6470294591610347,-0.7186646461691542,-0.004767959828017809
4.115,0.48237908930838175,-0.5986546568190886,0.5126974415304163,-0.6539402653925156,-0.7233088231311838,-0.004644176962029678
4.12,0.4793714949172556,-0.6043672682473121,0.509393703495268,-0.6607476070296584,-0.7278284842817704,-0.004519661150586551
4.125,0.476335575687742,-0.609984443077831,0.5060564514474792,-0.667450409557753,-0.732222916336999,-0.004394432055228603
4.13,0.4732718110266805,-0.6155052942936238,0.502686213372634,-0.6740476149690429,-0.7364914257871491,-0.004268509450150115
4.135,0.470180684738027,-0.6209289500882847,0.49928352246298496,-0.6805381819297988,-0.740633339006204,-0.004141913219054882
4.14,0.4670626849464566,-0.6262545540036891,0.49584891703326117,-0.6869210859447584,-0.7446480023582174,-0.004014663352013392
4.1450000000000005,0.4639183040202807,-0.6314812650652442,0.4923829404356666,-0.69319531951891,-0.7485347823005497,-0.00388677994233233
4.15,0.46074803849369866,-0.6366082579146821,0.48888614097408367,-0.6993598923165888,-0.7522930654838964,-0.0037582831833467
4.155,0.45755238898838857,-0.6416347229403977,0.4853590718174943,-0.7054138313178644,-0.7559222588491513,-0.0036291933652549124
4.16,0.45433186013445204,-0.6465598664052953,0.4818022909126334,-0.7113561809721947,-0.7594217897210672,-0.0034995308719159013
4.165,0.4510869604907281,-0.6513829105721284,0.47821636089588676,-0.7171860033493203,-0.7627911058986848,-0.0033693161776175984
4.17,0.4478182024644875,-0.6561030938263114,0.4746018490044499,-0.7229023782873764,-0.766029675742522,-0.0032385698438371913
4.175,0.44452610223051486,-0.6607196707961908,0.4709593269867589,-0.7285044035381997,-0.7691369882585479,-0.0031073125160259174
4.18,0.4412111796496002,-0.665231912470746,0.46728937101220985,-0.7339911949098057,-0.7721125531788647,-0.002975564920316809
4.1850000000000005,0.43787395818644614,-0.6696391063147104,0.4635925615801798,-0.7393618864060147,-0.7749559010391363,-0.0028433478602715168
4.19,0.4345149648270097,-0.6739405563810836,0.45986948342836376,-0.7446156303632055,-0.7776665832527029,-0.0027106822135666286
4.195,0.4311347299952796,-0.6781355834210382,0.4561207254404429,-0.749751597584173,-0.780244172181456,-0.0025775889287531495
4.2,0.42773378746952173,-0.6822235249911729,0.4523468805530976,-0.7547689774690698,-0.7826882612033351,-0.0024440890218790923
4.205,0.42431267429798536,-0.6862037355581254,0.4485485456623805,-0.7596669781434122,-0.784998464776564,-0.002310203573228864
4.21,0.4208719307140991,-0.6900755866005074,0.44472632152946484,-0.764444826583128,-0.7871744185005217,-0.0021759537239577353
4.215,0.41741210005116075,-0.6938384667081556,0.4408808126857817,-0.7691017687366285,-0.7892157791732943,-0.0020413606727726075
4.22,0.4139337286565406,-0.6974917816786794,0.4370126273375623,-0.7736370696438831,-0.7911222248458599,-0.0019064456725655932
4.225,0.4104373658054039,-0.701034954611295,0.4331223772697999,-0.7780500135524814,-0.7928934548729483,-0.001771230027088344
4.23,0.4069235636139749,-0.7044674259979233,0.4292106777496466,-0.7823399040306598,-0.7945291899605134,-0.0016357350875650933
4.235,0.4033928769523551,-0.7077886538115402,0.42527814742926023,-0.7865060640772787,-0.7960291722098147,-0.0014999822493013681
4.24,0.3998458633568962,-0.7109981135917739,0.4213254082481166,-0.7905478362287315,-0.7973931651581853,-0.0013639929483705293
4.245,0.39628308294216275,-0.7140952985277201,0.41735308533480275,-0.7944645826627666,-0.798620953816349,-0.0012277886581637532
4.25,0.39270509831248435,-0.7170797195379732,0.4133618069083067,-0.79825568529921,-0.7997123447023673,-0.0010913908860182842
4.255,0.38911247447311076,-0.7199509053478594,0.40935220417881885,-0.8019205458975687,-0.8006671658722129,-0.0009548211698455766
4.26,0.3855057787409929,-0.722708402563856,0.40532491124806136,-0.8054585861515027,-0.8014852669469126,-0.0008181010746997064
4.265,0.38188558065519784,-0.7253517757451857,0.40128056500916065,-0.8088692477801471,-0.8021665191362899,-0.0006812521893773127
4.2700000000000005,0.3782524518869691,-0.7278806074725811,0.3972198050460793,-0.8121519926162745,-0.8027108152593225,-0.0005442961230326393
4.275,0.3746069661494561,-0.7302944984141969,0.3931432735326229,-0.8153063026912791,-0.8031180697610507,-0.00040725450172818256
4.28,0.37094969910711734,-0.7325930673886702,0.38905161513103803,-0.8183316803169721,-0.8033882187260953,-0.0002701489650446254
4.285,0.3672812282848145,-0.7347759514253148,0.38494547689021713,-0.8212276481641747,-0.8035212198887631,-0.0001330011626677896
4.29,0.36360213297661625,-0.7368428058214366,0.38082550814352667,-0.8239937493380958,-0.8035170526397132,4.1672490499466974e-06
4.295,0.3599129941543222,-0.7387933041967659,0.37669236040627424,-0.8266295474504829,-0.803375718029206,0.0001413346105071378
4.3,0.3562143943757177,-0.7406271385449991,0.3725466872728316,-0.8291346266885353,-0.8030972387669573,0.0002784792622487764
4.305,0.35250691769258335,-0.7423440192824337,0.36838914431342873,-0.8315085918805676,-0.8026816592185417,0.00041557954841553446
4.3100000000000005,0.34879114955846485,-0.7439436752936993,0.3642203889706367,-0.8337510685584131,-0.8021290453983972,0.0005526138201444875
4.315,0.34506767673622707,-0.7454258539745668,0.3600410804555539,-0.8358617030165599,-0.8014394849593816,0.0006895604390156906
4.32,0.34133708720539113,-0.7467903212718414,0.35585187964371384,-0.837840162368007,-0.8006130871789664,0.0008263977804151557
4.325,0.3375999700692912,-0.7480368617203189,0.3516534489707297,-0.839686134596832,-0.799649982941953,0.0009631042370134013
4.33,0.33385691546204466,-0.7491652784768124,0.3474464523276924,-0.8413993286074648,-0.7985503247198257,0.00109965822212732
4.335,0.3301085144553648,-0.750175393351235,0.3432315549563391,-0.8429794742706571,-0.7973142865466664,0.001236038173159315
4.34,0.326355358965223,-0.7510670468347383,0.3390094233440084,-0.8444263224661409,-0.7959420639916797,0.0013722225549867018
4.345,0.3225980416583801,-0.7518400981249012,0.33478072511839857,-0.8457396451219684,-0.794433874128302,0.0015081898633776403
4.3500000000000005,0.3188371558587935,-0.7524944251479633,0.3305461289421459,-0.8469192352505308,-0.792789955499946,0.0016439186283560003
4.355,0.3150732954539306,-0.7530299245781022,0.3263063044072397,-0.8479649069812447,-0.7910105680823023,0.0017793874176437185
4.36,0.31130705480098025,-0.7534465118537504,0.3220619219292902,-0.8488764955899061,-0.7890959932423217,0.0019145748399805873
4.365,0.3075390286330015,-0.7537441211909479,0.31781365264166667,-0.8496538575247036,-0.787046533693765,0.0020494595485567313
4.37,0.3037698119650057,-0.7539227055937304,0.3135621682895222,-0.8502968704288896,-0.7848625134494128,0.0021840202443521584
4.375,0.3000000000000001,-0.7539822368615503,0.3093081411237217,-0.8508054331601028,-0.7825442777698877,0.00231823567952516
4.38,0.29623018803499457,-0.7539227055937304,0.30505224379469,-0.8511794658063431,-0.7800921931091541,0.0024520846607335445
4.385,0.29246097136699883,-0.7537441211909479,0.30079514924619705,-0.8514189096985906,-0.7775066470566446,0.002585546052509491
4.39,0.28869294519901995,-0.7534465118537506,0.29653753060909666,-0.8515237274200738,-0.7747880482760487,0.0027185987805958822
4.3950000000000005,0.2849267045460691,-0.7530299245781021,0.29228006109503574,-0.8514939028121795,-0.7719368264407991,0.002851221835249662
4.4,0.2811628441412057,-0.752494425147963,0.2880234138901507,-0.8513294409770066,-0.7689534321662068,0.002983394274592266
4.405,0.2774019583416201,-0.7518400981249013,0.28376826204876787,-0.8510303682765616,-0.7658383369383128,0.0031150952278939936
4.41,0.2736446410347772,-0.7510670468347385,0.27951527838712487,-0.8505967323285987,-0.7625920330394412,0.003246303898871594
4.415,0.26989148554463543,-0.750175393351235,0.2752651353771294,-0.8500286019991016,-0.7592150334704592,0.0033769995689820753
4.42,0.2661430845379556,-0.7491652784768124,0.27101850504017233,-0.8493260673914108,-0.7557078718697634,0.0035071616006957518
4.425,0.26240002993070904,-0.748036861720319,0.26677605884101235,-0.8484892398319975,-0.7520711024290279,0.0036367694407355433
4.43,0.2586629127946091,-0.7467903212718415,0.2625384675817479,-0.8475182518528857,-0.7483052998056825,0.00376580262334536
4.4350000000000005,0.25493232326377263,-0.7454258539745667,0.25830640129589433,-0.8464132571707248,-0.7444110590321785,0.0038942407735039763
4.44,0.2512088504415349,-0.7439436752936992,0.2540805291425817,-0.8451744306625196,-0.740388995422008,0.004022063610170545
4.445,0.24749308230741687,-0.7423440192824339,0.24986151930089165,-0.8438019683380158,-0.7362397444725706,0.004149250949437411
4.45,0.2437856056242825,-0.7406271385449992,0.24565003886434789,-0.84229608730875,-0.731963961764796,0.0042757827077746224
4.455,0.24008700584567805,-0.738793304196766,0.24144675373557906,-0.8406570257537674,-0.7275623228596388,0.004401638905157101
4.46,0.23639786702338397,-0.7368428058214367,0.237252328521169,-0.8388850428820122,-0.7230355231913952,0.004526799668243653
4.465,0.2327187717151857,-0.7347759514253149,0.23306742642671202,-0.8369804188913975,-0.7183842779578884,0.0046512452335067955
4.47,0.2290503008928829,-0.7325930673886705,0.22889270915208923,-0.8349434549245607,-0.713609322007526,0.0047749559503623695
4.4750000000000005,0.22539303385054307,-0.7302944984141964,0.22472883678698266,-0.8327744730213112,-0.7087114097232778,0.004897912284248185
4.48,0.22174754811303063,-0.727880607472581,0.22057646770664377,-0.830473816067779,-0.7036913149035254,0.005020094819752408
4.485,0.21811441934480238,-0.7253517757451858,0.2164362584679324,-0.8280418477422703,-0.6985498306399002,0.005141484263625262
4.49,0.21449422125900736,-0.7227084025638562,0.2123088637056432,-0.8254789524578406,-0.6932877691920303,0.005262061447869892
4.495,0.2108875255268894,-0.7199509053478597,0.20819493602913522,-0.8227855353015936,-0.687905961859283,0.00538180733274729
4.5,0.20729490168751588,-0.7170797195379734,0.20409512591928164,-0.8199620219707143,-0.6824052588494857,0.005500703009797325
4.505,0.2037169170578375,-0.7140952985277204,0.2000100816257554,-0.8170088587052495,-0.6767865291446837,0.005618729704801928
4.51,0.20015413664310405,-0.710998113591774,0.19594044906466718,-0.8139265122176418,-0.6710506603639133,0.005735868780770481
4.515,0.1966071230476452,-0.7077886538115403,0.191886871716572,-0.810715469619033,-0.6651985586230303,0.005852101740882909
4.5200000000000005,0.1930764363860248,-0.704467425997923,0.1878499905248603,-0.8073762383423453,-0.659231148391643,0.00596741023138736
4.525,0.18956263419459635,-0.7010349546112952,0.18383044379454952,-0.8039093460621539,-0.6531493723471123,0.00608177604453064
4.53,0.18606627134345963,-0.6974917816786796,0.1798288670914927,-0.8003153406113621,-0.6469541912257011,0.006195181121411264
4.535,0.18258789994883942,-0.6938384667081559,0.17584589314201923,-0.7965947898946947,-0.640646583670869,0.006307607554832062
4.54,0.17912806928590108,-0.6900755866005076,0.17188215173302412,-0.7927482817990208,-0.6342275460787298,0.006419037592139243
4.545,0.17568732570201484,-0.6862037355581257,0.1679382696125215,-0.7887764241005214,-0.6276980924407062,0.006529453638023597
4.55,0.17226621253047852,-0.6822235249911731,0.1640148703906779,-0.7846798443687165,-0.6210592541834209,0.006638838257285284
4.555,0.16886527000472065,-0.6781355834210384,0.16011257444134108,-0.7804591898673663,-0.6143120800058178,0.006747174177603066
4.5600000000000005,0.1654850351729901,-0.6739405563810834,0.15623199880407976,-0.7761151274522622,-0.6074576357135661,0.006854444292251682
4.565,0.1621260418135536,-0.66963910631471,0.15237375708675013,-0.7716483434659251,-0.6004970040507454,0.006960631662820793
4.57,0.15878882035039996,-0.6652319124707463,0.148538459368604,-0.7670595436292255,-0.5934312845288925,0.0070657195218528646
4.575,0.15547389776948536,-0.6607196707961911,0.14472671210395427,-0.762349452929943,-0.5862615932533567,0.0071696912755357944
4.58,0.15218179753551267,-0.6561030938263117,0.14093911802641285,-0.7575188155082854,-0.5789890627470691,0.007272530506287622
4.585,0.1489130395092721,-0.6513829105721287,0.13717627605371593,-0.7525683945393812,-0.5716148417716987,0.007374220975370327
4.59,0.14566813986554814,-0.6465598664052956,0.13343878119315208,-0.7474989721127677,-0.5641400951462553,0.007474746625443451
4.595,0.14244761101161155,-0.641634722940398,0.12972722444760762,-0.7423113491088913,-0.5565660035631457,0.007574091583109621
4.6000000000000005,0.13925196150630056,-0.636608257914681,0.1260421927222444,-0.7370063450726414,-0.548893763401743,0.007672240161402666
4.605,0.13608169597971906,-0.6314812650652437,0.12238426873182472,-0.7315847980839361,-0.5411245865394487,0.00776917686229428
4.61,0.1329373150535436,-0.6262545540036895,0.11875403090869781,-0.7260475646253819,-0.5332597001603434,0.007864886379105318
4.615,0.1298193152619732,-0.6209289500882851,0.11515205331146268,-0.7203955194470267,-0.5253003465613906,0.007959353598952834
4.62,0.12672818897331964,-0.6155052942936241,0.11157890553432154,-0.7146295554282285,-0.5172477829562682,0.00805256360512241
4.625,0.12366442431225816,-0.6099844430778313,0.10803515261713824,-0.7087505834366608,-0.5091032812768387,0.008144501679429483
4.63,0.12062850508274461,-0.6043672682473125,0.10452135495621584,-0.7027595321844784,-0.5008681279723038,0.008235153304534837
4.635,0.11762091069161845,-0.598654656819089,0.10103806821580752,-0.696657348081664,-0.49254362380605776,0.008324504166246083
4.64,0.11464211607289992,-0.5928475108807296,0.09758584324037461,-0.6904449950865815,-0.48413108365028035,0.008412540155777415
4.6450000000000005,0.11169259161278985,-0.5869467474478951,0.09416522596760583,-0.6841234545537571,-0.4756318362783122,0.008499247371968166
4.65,0.10877280307539287,-0.5809532983195358,0.09077675734221126,-0.677693725078914,-0.4670472241548197,0.008584612123492485
4.655,0.10588321152916666,-0.5748681099307485,0.08742097323050484,-0.6711568223412843,-0.45837860322381113,0.008668620931008564
4.66,0.1030242732741132,-0.5686921432033207,0.08409840433578872,-0.6645137789432229,-0.44962734269451876,0.00875126052929237
4.665,0.10019643976972444,-0.5624263733939916,0.08080957611455297,-0.6577656442471501,-0.4407948248251853,0.008832517869333478
4.67,0.09740015756369276,-0.5560717899404513,0.07755500869350375,-0.6509134842098457,-0.4318824447047891,0.00891238012039619
4.675,0.09463586822139365,-0.5496293963050906,0.07433521678743313,-0.6439583812141249,-0.4228916100327488,0.008990834672040315
4.68,0.09190400825615892,-0.5431002098165472,0.07115070961794354,-0.6369014338979183,-0.4138237408966306,0.009067869136118178
4.6850000000000005,0.08920500906034508,-0.5364852615090545,0.06800199083303961,-0.6297437569807867,-0.4046802695479037,0.009143471348726895
4.69,0.0865392968372144,-0.529785595959637,0.06488955842760014,-0.622486481087895,-0.39546264017576677,0.009217629372136937
4.695,0.08390729253362772,-0.5230022711231471,0.06181390466474276,-0.6151307525714756,-0.38617230867910496,0.009290331496661808
4.7,0.08130941177357649,-0.5161363581652132,0.05877551599809372,-0.6076777333298078,-0.3768107424365793,0.009361566242525654
4.705,0.07874606479254795,-0.5091889412930825,0.05577487299497501,-0.6001286006237416,-0.3673794200749182,0.00943132236166111
4.71,0.07621765637274563,-0.5021611175844161,0.052812450260521025,-0.5924845468907972,-0.3578798312354241,0.009499588839494089
4.715,0.0737245857791689,-0.49505399681404577,0.049888716362736694,-0.5847467795568664,-0.34831347633874443,0.009566354896679674
4.72,0.07126724669656587,-0.48786870127873155,0.047004133758508954,-0.5769165208455477,-0.3386818663479364,0.009631609990808032
4.7250000000000005,0.06884602716726289,-0.48060636561993,0.04415915872058323,-0.568995007585145,-0.3289865225298766,0.00969534381805981
4.73,0.06646130952989279,-0.47326813664463335,0.04135424126551643,-0.5609834910133596,-0.31922897621502777,0.00975754631484882
4.735,0.06411347035901432,-0.4658551731442622,0.03858982508261789,-0.5528832365797071,-0.30941076855563454,0.00981820765939323
4.74,0.06180288040564952,-0.4583686457116872,0.03586634746388945,-0.5446955237456894,-0.2995334502823545,0.009877318273280034
4.745,0.05952990453873697,-0.4508097365563752,0.03318423923497567,-0.5364216457827553,-0.28959858145938155,0.009934868822972953
4.75,0.05729490168751586,-0.4431796393177098,0.030543924687135272,-0.5280629095680791,-0.27960773123809585,0.009990850221285708
4.755,0.05509822478484502,-0.43547955887649487,0.027945821510244315,-0.5196206353781915,-0.2695624776092791,0.010045253628816753
4.76,0.05294022071147183,-0.427710711164693,0.025390340726841844,-0.5110961566804938,-0.2594644071539315,0.010098070455347607
4.765,0.050821230241256364,-0.4198743229734194,0.022877886627228394,-0.5024908199226901,-0.2493151147927351,0.010149292361196383
4.7700000000000005,0.048741587987357504,-0.41197163175920976,0.02040885670562755,-0.4938059843201691,-0.2391162035341981,0.010198911258537002
4.775,0.04670162234939531,-0.40400388544861865,0.017983641597420698,-0.48504302164136986,-0.22886928422152344,0.010246919312674657
4.78,0.04470165546159242,-0.39597234224115463,0.015602625017464872,-0.4762033159911652,-0.21857597527823824,0.010293308943285201
4.785,0.042742003141904406,-0.3878782704105937,0.013266183699503385,-0.46728826359229736,-0.20823790245262974,0.010338072825608502
4.79,0.04082297484214935,-0.37972294810470625,0.010974687336678886,-0.4582992725648995,-0.19785669856102014,0.010381203891609597
4.795,0.03894487359914236,-0.3715076631434262,0.00872849852315819,-0.44923776270413923,-0.18743400322992915,0.010422695331090998
4.8,0.03710799598684109,-0.3632337128154824,0.0065279726968781,-0.4401051652560179,-0.17697146263715832,0.010462540592770825
4.805,0.03531263206951428,-0.3549024036735462,0.004373458083421291,-0.430902922691362,-0.16647072925184267,0.010500733385315653
4.8100000000000005,0.03355906535593652,-0.3465150513279084,0.002265295641031082,-0.42163248847804174,-0.15593346157350774,0.010537267678334933
4.815,0.03184757275462086,-0.3380729802387384,0.00020381900677381463,-0.4122953268514535,-0.1453613238701761,0.010572137703331624
4.82,0.03017842453008854,-0.32957752350692116,-0.0018106455561426923,-0.4028929125833014,-0.13475598591555982,0.010605337954616295
4.825,0.028551884260194126,-0.3210300226635595,-0.0037777792098862705,-0.39342673074871565,-0.12411912272538664,0.01063686319017318
4.83,0.026968208794501368,-0.31243182745812126,-0.005697270592344987,-0.3838982764917433,-0.11345241429289693,0.010666708432489708
4.835,0.025427648213724872,-0.3037842956453027,-0.0075688158662912345,-0.37430905478924953,-0.10275754532355422,0.010694868969342713
4.84,0.023930445790238918,-0.2950887927706212,-0.009392118767357563,-0.36466058021326564,-0.09203620496901221,0.010721340354542003
4.845,0.02247683794966272,-0.28634669195478474,-0.011166890650816675,-0.35495437669182256,-0.08129008656038142,0.010746118408630795
4.8500000000000005,0.021067054233524396,-0.27755937367684996,-0.012892850537158206,-0.34519197726830614,-0.07052088734083078,0.010769199219550635
4.855,0.019701317263016292,-0.2687282255562437,-0.014569725156455075,-0.3353749238593737,-0.05973030819757946,0.010790579143251322
4.86,0.018379842703837777,-0.25985464213362575,-0.016197248991512418,-0.32550476701146885,-0.048920053393303436,0.010810254804276026
4.865,0.017102839232140742,-0.25094002465068427,-0.01777516431979229,-0.3155830656559742,-0.03809183029701729,0.010828223096286144
4.87,0.015870508501576695,-0.2419857808288602,-0.019303221254107484,-0.30561138686303907,-0.027247349114461056,0.010844481182556237
4.875,0.014683045111453973,-0.23299332464705633,-0.020781177782078098,-0.29559130559412294,-0.01638832261804285,0.010859026496418206
4.88,0.013540636576007214,-0.22396407611834637,-0.022208799804344558,-0.2855244044532922,-0.0055164658763698915,0.010871856741672958
4.885,0.012443463294787249,-0.21489946106574212,-0.02358586117153111,-0.2754122734373101,0.005366504016577345,0.010882969892947236
4.89,0.01139169852417432,-0.20580091089704325,-0.024912143719953907,-0.2652565096845597,0.016258868212590455,0.01089236419601311
4.8950000000000005,0.010385508350017836,-0.1966698623787927,-0.0261874373060681,-0.2550587172228383,0.02715890638066229,0.010900038168071835
4.9,0.00942505166141061,-0.18750775740940306,-0.027411539839648422,-0.24482050671606473,0.03806489697864182,0.010905990597979531
4.905,0.008510480125597807,-0.17831604279146096,-0.028584257315698115,-0.23454349520993836,0.04897511752508435,0.010910220546442528
4.91,0.007641938164026895,-0.1690961700032569,-0.029705403845081066,-0.22422930587659035,0.05988784487125354,0.010912727346169188
4.915,0.006819562929541922,-0.15984959496958306,-0.030774801683872404,-0.21387956775826736,0.07080135547322214,0.010913510601968601
4.92,0.006043484284725975,-0.15057777783182952,-0.03179228126142285,-0.20349591551008875,0.08171392566403615,0.010912570190814014
4.925,0.00531382478139345,-0.14128218271740337,-0.03275768120713243,-0.19307998914191682,0.09262383192590459,0.01090990626186844
4.93,0.0046306996412385,-0.13196427750853115,-0.03367084837592934,-0.1826334337593819,0.10352935116235976,0.010905519236455163
4.9350000000000005,0.003994216737639555,-0.1226255336104592,-0.03453163787244985,-0.17215789930410277,0.11442876097035386,0.010899409807994101
4.94,0.0034044765786257814,-0.11326742571911257,-0.03533991307391557,-0.161655040293143,0.12532033991223712,0.010891578941883265
4.945,0.002861572291004577,-0.10389143158820591,-0.036095545651704294,-0.1511265155577452,0.13620236778760594,0.010882027875368822
4.95,0.0023655896056566372,-0.09449903179590508,-0.03679841559161121,-0.14057398798138387,0.14707312590492688,0.010870758117320939
4.955,0.0019166068439974814,-0.08509170951101616,-0.03744841121279711,-0.12999912423717835,0.15793089735294566,0.010857771448018777
4.96,0.0015146949056099811,-0.07567095025878108,-0.03804542918542064,-0.11940359452470722,0.1687739672718021,0.010843069918856446
4.965,0.0011599172570482819,-0.0662382416862933,-0.03858937454695197,-0.1087890723062659,0.17960062312382674,0.010826655852024636
4.97,0.0008523299218158531,-0.05679507332758656,-0.03908016071716502,-0.09815723404260947,0.19040915496396343,0.010808531840136693
4.9750000000000005,0.0005919814715184989,-0.04734293636840932,-0.03951770951180612,-0.08750975892822101,0.2011978557097997,0.010788700745836266
4.98,0.0003789130181947264,-0.03788332341076546,-0.03990195115493687,-0.07684832862614926,0.21196502141111623,0.010767165701316528
4.985,0.00021315820782323857,-0.028417728237197622,-0.04023282428994915,-0.06617462700245583,0.22270895151897724,0.01074393010786101
4.99,9.474321501001803e-05,-0.018947645574912374,-0.04051027598925072,-0.05549033986031471,0.23342794915425388,0.010718997635276645
4.995,2.3686738855166478e-05,-0.009474570859741434,-0.04073426176261975,-0.044797154673805864,0.2441203213755849,0.010692372221331015
5.0,0.0,-3.6934477319458363e-16,-0.04090474556422698,-0.034096760321445284,0.25478437944670324,0.010664058071118337
5.005,2.3686738855166478e-05,0.009474570859740695,-0.041021699798324436,-0.023390846819492474,0.2654184391031156,0.010634059656412342
5.01,9.474321501001803e-05,0.018947645574911635,-0.04108510532359983,-0.01268110505507943,0.2760208208180607,0.010602381714945097
5.015,0.00021315820782320525,0.028417728237196883,-0.041094951456195836,-0.001969226519200888,0.28658985006772014,0.010569029249659467
5.0200000000000005,0.00037891301819475975,0.037883323410766064,-0.04105123597139389,0.008743096960390035,0.2971238575956553,0.010534007527935152
5.025,0.0005919814715185323,0.047342936368411255,-0.04095396510396219,0.019454173486339717,0.30762117967638847,0.010497322080733174
5.03,0.0008523299218158197,0.05679507332758582,-0.040803153547167875,0.030162311358862437,0.31808015837812925,0.010458978701740784
5.035,0.0011599172570482485,0.06623824168629257,-0.040598824450453486,0.04086581934287826,0.32849914182458184,0.01041898344645259
5.04,0.001514694905609948,0.07567095025878035,-0.0403410094157781,0.051563006935077156,0.33887648445579177,0.01037734263120993
5.045,0.001916606843997448,0.08509170951101544,-0.04002974849262376,0.06225218463086735,0.3492105472879917,0.010334062832199953
5.05,0.002365589605656604,0.09449903179590434,-0.03966509017166792,0.07293166419116659,0.3594996981724252,0.010289150884433496
5.055,0.0028615722910045435,0.10389143158820517,-0.039247091377122956,0.08359975890899296,0.3697423120530737,0.010242613880648455
5.0600000000000005,0.003404476578625848,0.11326742571911318,-0.03877581745774389,0.09425478387581397,0.3799367712232755,0.010194459170201842
5.065,0.003994216737639588,0.12262553361045982,-0.03825134217650583,0.10489505624761196,0.3900814655811639,0.010144694357888395
5.07,0.004630699641238433,0.13196427750853043,-0.037673747698952716,0.11551889551062319,0.400174792883945,0.010093327302781063
5.075,0.005313824781393417,0.14128218271740267,-0.037043124580219175,0.12612462374670874,0.41021515900088507,0.010040366116940092
5.08,0.006043484284725909,0.15057777783182882,-0.0363595717507276,0.136710565898316,0.42020097816505675,0.009985819164171683
5.085,0.006819562929541889,0.15984959496958234,-0.03562319650056266,0.14727505003298835,0.43013067322374127,0.009929695058684518
5.09,0.007641938164026829,0.1690961700032562,-0.03483411446252575,0.1578164076073813,0.4400026758874813,0.009872002663740054
5.095,0.008510480125597741,0.1783160427914602,-0.03399244959387204,0.1683329737307427,0.4498154269777226,0.009812751090241267
5.1000000000000005,0.009425051661410777,0.18750775740940495,-0.03309833415673295,0.17882308742781786,0.45956737667304176,0.009751949695319173
5.105,0.010385508350017902,0.19666986237879328,-0.03215190869722728,0.18928509190113457,0.46925698475385413,0.009689608080812373
5.11,0.011391698524174253,0.20580091089704255,-0.031153322023264134,0.1997173347926297,0.47888272084565875,0.009625736091804615
5.115,0.012443463294787183,0.2148994610657414,-0.030102731181041262,0.21011816844457418,0.48844306466068366,0.009560343815024908
5.12,0.013540636576007148,0.22396407611834568,-0.029000301430242483,0.22048595015975586,0.49793650623796265,0.009493441577278994
5.125,0.014683045111453873,0.2329933246470556,-0.02784620621793809,0.23081904246087878,0.5073615461817643,0.009425039943801672
5.13,0.015870508501576595,0.2419857808288595,-0.026640627151192395,0.24111581334913895,0.5167166958983777,0.009355149716613331
5.135,0.01710283923214064,0.2509400246506836,-0.025383753968382727,0.25137463656193365,0.5260004778311683,0.009283781932790669
5.14,0.01837984270383768,0.259854642133625,-0.024075784509234394,0.26159389182966647,0.5352114256938951,0.009210947862726804
5.1450000000000005,0.019701317263016358,0.26872822555624426,-0.02271692468357637,0.27177196513160506,0.5443480847022681,0.009136659008373016
5.15,0.021067054233524694,0.27755937367685174,-0.021307388438822607,0.2819072489507524,0.5534090118036586,0.009060927101390504
5.155,0.022476837949662588,0.28634669195478407,-0.019847397726184154,0.2919981425276907,0.5623927759049778,0.00898376410131918
5.16,0.023930445790238817,0.29508879277062056,-0.01833718246561736,0.30204305211335863,0.571297958098669,0.008905182193691186
5.165,0.025427648213724775,0.303784295645302,-0.01677698050951375,0.31204039122072175,0.5801231518867622,0.00882519378809321
5.17,0.026968208794501236,0.3124318274581206,-0.015167037605137275,0.3219885808752951,0.5888669634029672,0.008743811516204958
5.175,0.02855188426019399,0.32103002266355884,-0.01350760735581487,0.3318860498644809,0.5975280116327958,0.008661048229828605
5.18,0.03017842453008844,0.3295775235069205,-0.011798951180886473,0.3417312349856795,0.6061049286316285,0.008576916998832673
5.1850000000000005,0.03184757275462097,0.33807298023873894,-0.010041338274420795,0.3515225812931356,0.6145963597407341,0.008491431109105663
5.19,0.03355906535593662,0.34651505132790894,-0.008235045562703387,0.3612585423434815,0.623000963801166,0.008404604060431864
5.195,0.03531263206951415,0.3549024036735456,-0.006380357660503704,0.3709375804399365,0.6313174133655778,0.008316449564411799
5.2,0.037107995986840954,0.3632337128154817,-0.0044775668261280745,0.38055816687512595,0.6395443949078097,0.008226981542231893
5.205,0.03894487359914223,0.3715076631434256,-0.002526972915265673,0.3901187821724803,0.6476806090303302,0.008136214122520524
5.21,0.04082297484214918,0.3797229481047057,-0.0005288833336347877,0.39961791632617705,0.6557247706694138,0.008044161639083613
5.215,0.042742003141904274,0.38787827041059303,0.0015163870115631464,0.40905406903958685,0.6636756092980719,0.007950838628658086
5.22,0.04470165546159225,0.39597234224115396,0.003608515761374074,0.41842574996218557,0.6715318691266705,0.00785625982859861
5.2250000000000005,0.04670162234939574,0.4040038854486202,0.0057471731559985625,0.4277314789248976,0.679292309301256,0.007760440174585437
5.23,0.048741587987357636,0.41197163175921026,0.007932022086867711,0.4369697861738296,0.6869557040994647,0.007663394798208767
5.235,0.05082123024125623,0.41987432297341887,0.010162718149879516,0.4461392126023609,0.6945208431241142,0.007565139024649503
5.24,0.05294022071147166,0.42771071116469234,0.012438909699787275,0.4552383099815517,0.7019865314943152,0.007465688370201007
5.245,0.05509822478484485,0.4354795588764943,0.014760237905731445,0.4642656411888342,0.709351590034165,0.007365058539849811
5.25,0.05729490168751569,0.44317963931770926,0.01712633680790619,0.47321978043494894,0.7166148554589391,0.007263265424774068
5.255,0.05952990453873677,0.45080973655637463,0.019536833375351656,0.48209931348909313,0.7237751805588035,0.0071603250998644175
5.26,0.06180288040564935,0.45836864571168656,0.021991347564862863,0.4909028379022414,0.7308314343799641,0.007056253821160596
5.265,0.06411347035901412,0.4658551731442616,0.024489492381005906,0.49962896322860845,0.7377825024032454,0.0069510680232812705
5.2700000000000005,0.06646130952989296,0.4732681366446338,0.02703087393723198,0.5082763112452151,0.7446272867201063,0.0068447843168608635
5.275,0.06884602716726342,0.48060636561993153,0.029615091518079603,0.5168435161695245,0.7513647062059907,0.006737419485884466
5.28,0.07126724669656566,0.48786870127873105,0.032241737642455165,0.5253292248751129,0.7579936966910563,0.0066289904850656
5.285,0.0737245857791687,0.49505399681404527,0.034910398127981884,0.5337320971053435,0.7645132111282258,0.006519514437169471
5.29,0.07621765637274543,0.5021611175844155,0.03762065215640692,0.5420508056850073,0.7709222197585188,0.006409008630293034
5.295,0.07874606479254775,0.5091889412930819,0.04037207234005641,0.5502840367298972,0.7772197102736536,0.006297490515134729
5.3,0.08130941177357627,0.5161363581652126,0.04316422478932783,0.5584304898542853,0.783404687975918,0.006184977702264449
5.305,0.08390729253362751,0.5230022711231466,0.04599666918120917,0.5664888783762669,0.7894761759352322,0.006071487959314226
5.3100000000000005,0.08653929683721456,0.5297855959596375,0.048868958828813876,0.5744579295209413,0.7954332151434234,0.005957039208191128
5.315,0.08920500906034524,0.536485261509055,0.05178064075192086,0.5823363846213966,0.8012748646656398,0.005841649522216441
5.32,0.09190400825615871,0.5431002098165467,0.05473125574850819,0.5901229993174667,0.807000201788973,0.0057253371233332295
5.325,0.09463586822139344,0.54962939630509,0.05772033846726934,0.5978165437522284,0.8126083221681273,0.005608120379154258
5.33,0.09740015756369252,0.5560717899404507,0.06074741748110038,0.605415802766209,0.8180983399682498,0.005490017800122482
5.335,0.1001964397697242,0.5624263733939912,0.06381201536154675,0.6129195760892729,0.8234693880048003,0.00537104803655053
5.34,0.10302427327411297,0.5686921432033202,0.06691364875419754,0.6203266785301573,0.8287206178804947,0.005251229875694374
5.345,0.10588321152916642,0.5748681099307481,0.07005182845501567,0.627635940163625,0.8338512001192635,0.005130582238768833
5.3500000000000005,0.10877280307539344,0.5809532983195371,0.07322605948759173,0.6348462065152093,0.8388603242972585,0.005009124177995039
5.355,0.11169259161279006,0.5869467474478954,0.0764358411813093,0.6419563387435167,0.843747199170791,0.004886874873532454
5.36,0.1146421160728997,0.5928475108807292,0.07968066725040962,0.6489652138200624,0.8485110528013158,0.004763853630524784
5.365,0.11762091069161822,0.5986546568190886,0.08296002587394266,0.6558717247066086,0.8531511326773047,0.004640079875988912
5.37,0.12062850508274438,0.6043672682473121,0.08627339977659254,0.6626747805299765,0.8576667058330838,0.004515573155779107
5.375,0.12366442431225792,0.6099844430778308,0.08962026631036407,0.669373306754307,0.8620570589645646,0.00439035313148084
5.38,0.12672818897331942,0.6155052942936237,0.09300009753711778,0.6759662453507415,0.8663214985419001,0.004264439577335466
5.385,0.12981931526197296,0.6209289500882846,0.09641236031194025,0.6824525549644945,0.8704593509189895,0.004137852377089413
5.39,0.1329373150535433,0.6262545540036891,0.09985651636733674,0.6888312110792959,0.8744699624398466,0.0040106115208571325
5.3950000000000005,0.13608169597971925,0.631481265065244,0.1033320223982326,0.6951012061791715,0.8783526995418384,0.003882737101991718
5.4,0.13925196150630123,0.6366082579146821,0.1068383301477703,0.701261549907541,0.882106948855709,0.0037542493138705835
5.405,0.14244761101161132,0.6416347229403977,0.11037488649388832,0.707311269223605,0.8857321173024472,0.003625168446738214
5.41,0.14566813986554786,0.6465598664052953,0.11394113353666832,0.7132494085559984,0.889227632186944,0.003495514884496842
5.415,0.14891303950927182,0.6513829105721284,0.11753650868643675,0.7190750299536853,0.892592941288422,0.003365309101478031
5.42,0.1521817975355124,0.6561030938263114,0.12116044475260711,0.7247872132340704,0.8958275129476259,0.003234571659203822
5.425,0.1554738977694851,0.6607196707961908,0.12481237003324863,0.7303850561283058,0.8989308361507946,0.0031033232031687508
5.43,0.15878882035039968,0.6652319124707459,0.12849170840536747,0.7358676744237685,0.9019024206103441,0.002971584459549481
5.4350000000000005,0.16212604181355386,0.6696391063147104,0.1321978794158859,0.741234202103686,0.9047417968422975,0.0028393762319534055
5.44,0.16548503517299032,0.6739405563810836,0.13593029837330534,0.7464837914838895,0.907448516240394,0.0027067193980965243
5.445,0.1688652700047204,0.6781355834210381,0.1396883764400387,0.7516156133466728,0.910022151146971,0.002573634906577027
5.45,0.17226621253047827,0.6822235249911728,0.14347152072539737,0.7566288570717323,0.9124622949204559,0.002440143773484893
5.455,0.17568732570201456,0.6862037355581254,0.14727913437921825,0.7615227307641738,0.9147685619996035,0.002306267079147606
5.46,0.17912806928590083,0.6900755866005073,0.15111061668611606,0.7662964613795594,0.9169405879643685,0.0021720259647649565
5.465,0.18258789994883917,0.6938384667081555,0.15496536316034595,0.7709492948459805,0.918978029593454,0.002037441629085479
5.47,0.18606627134345932,0.6974917816786794,0.1588427656412616,0.7754804961831313,0.9208805649184988,0.0019025353250448074
5.4750000000000005,0.18956263419459704,0.701034954611296,0.16274221238935346,0.7798893496183713,0.9226478932749429,0.001767328356444109
5.48,0.193076436386025,0.7044674259979233,0.16666308818285222,0.7841751586997516,0.9242797353494672,0.00163184207452427
5.485,0.1966071230476449,0.7077886538115401,0.17060477441488217,0.7883372464059923,0.9257758332241401,0.0014960978746729747
5.49,0.2001541366431038,0.7109981135917738,0.17456664919114911,0.7923749552533909,0.9271359504171195,0.0013601171929793487
5.495,0.2037169170578372,0.7140952985277201,0.17854808742814735,0.7962876473996447,0.9283598719200037,0.0012239215028841954
5.5,0.20729490168751563,0.7170797195379732,0.18254846095187022,0.8000747047445731,0.9294474042317712,0.0010875323117675029
5.505,0.21088752552688914,0.7199509053478594,0.18656713859700882,0.8037355290277212,0.9303983753893532,0.0009509711575820257
5.51,0.21449422125900705,0.722708402563856,0.19060348630662297,0.8072695419228303,0.9312126349947791,0.0008142596054259155
5.515,0.21811441934480214,0.7253517757451857,0.19465686723226877,0.8106761851291622,0.931890054238915,0.0006774192441358906
5.5200000000000005,0.2217475481130309,0.7278806074725811,0.19872664183456706,0.8139549204596596,0.9324305259218242,0.0005404716829091605
5.525,0.2253930338505438,0.7302944984141968,0.2028121679841967,0.817105229925931,0.9328339644696739,0.00040343854784974376
5.53,0.2290503008928826,0.7325930673886702,0.20691280106329693,0.8201266158200461,0.9331003059482564,0.00026634147858251023
5.535,0.2327187717151854,0.7347759514253148,0.21102789406726258,0.8230186007931278,0.9332295080730881,0.00012920212483169546
5.54,0.23639786702338367,0.7368428058214365,0.21515679770691623,0.825780727930731,0.9332215502160812,-7.95785700691276e-06
5.545,0.24008700584567774,0.7387933041967659,0.2192988605110412,0.8284125608249925,0.9330764334087911,-0.00014511680729012433
5.55,0.24378560562428225,0.7406271385449991,0.22345342892925893,0.8309136836435445,0.9327941803422692,-0.00028225306652185367
5.555,0.24749308230741657,0.7423440192824337,0.2276198474352348,0.8332837011951776,0.9323748353634672,-0.0004193449788020276
5.5600000000000005,0.2512088504415351,0.7439436752936992,0.23179745863019602,0.835522238992245,0.931818464468243,-0.0005563708952242008
5.565,0.25493232326377285,0.7454258539745668,0.235985603346745,0.8376289433097976,0.9311251552909131,-0.0006933091773299038
5.57,0.25866291279460885,0.7467903212718413,0.24018362075295221,0.8396034812414404,0.9302950170904511,-0.0008301382004619606
5.575,0.26240002993070877,0.7480368617203189,0.24439084845671172,0.8414455407518998,0.9293281807332001,-0.000966836357251033
5.58,0.2661430845379553,0.7491652784768124,0.24860662261034322,0.8431548307262979,0.9282247986722274,-0.001103382060972713
5.585,0.2698914855446351,0.750175393351235,0.25283027801542385,0.844731081016121,0.9269850449232387,-0.001239753748988659
5.59,0.2736446410347769,0.7510670468347383,0.2570611482278332,0.8461740424818787,0.9256091150371041,-0.0013759298861346636
5.595,0.2774019583416198,0.7518400981249012,0.2612985656629954,0.8474834870324434,0.9240972260689652,-0.0015118889681389192
5.6000000000000005,0.28116284414120646,0.7524944251479633,0.2655418617013008,0.8486592076610688,0.9224496165439813,-0.001647609524983884
5.605,0.2849267045460694,0.7530299245781022,0.26979036679369117,0.849701018478077,0.9206665464196282,-0.001783070124353081
5.61,0.2886929451990196,0.7534465118537504,0.27404341056739223,0.8506087547402114,0.9187482970446841,-0.0019182493749441143
5.615,0.2924609713669985,0.7537441211909479,0.2783003219317755,0.8513822728766506,0.916695171114778,-0.00205312592990603
5.62,0.2962301880349943,0.7539227055937304,0.2825604291843339,0.8520214505116789,0.9145074926245971,-0.0021876784901809776
5.625,0.2999999999999998,0.7539822368615503,0.2868230601167539,0.8525261864840092,0.912185606816712,-0.00232188580788506
5.63,0.3037698119650054,0.7539227055937304,0.2910875421210677,0.8528964008627575,0.9097298801270753,-0.0024557266896366725
5.635,0.30753902863300114,0.7537441211909479,0.295353202295868,0.853132034960062,0.9071407001271463,-0.0025891799999290255
5.64,0.31130705480098003,0.7534465118537506,0.29961936755256974,0.8532330513403509,0.9044184754626828,-0.0027222246644634795
5.6450000000000005,0.3150732954539308,0.7530299245781021,0.303885364721701,0.8531994338262526,0.9015636357892244,-0.0028548396734584536
5.65,0.3188371558587943,0.7524944251479632,0.3081505206592068,0.8530311875011491,0.8985766317042301,-0.0029870040849943047
5.655,0.32259804165837985,0.7518400981249013,0.31241416235274866,0.8527283387083718,0.8954579346759264,-0.0031186970283036963
5.66,0.3263553589652227,0.7510670468347385,0.31667561702798386,0.8522909350470408,0.8922080369688639,-0.0032498977070625212
5.665,0.33010851445536454,0.7501753933512351,0.3209342122548066,0.8517190453645473,0.8888274515661763,-0.003380585402687597
5.67,0.3338569154620443,0.7491652784768125,0.32518927605353504,0.8510127597456808,0.885316712088564,-0.003510739477612268
5.675,0.3375999700692909,0.748036861720319,0.32944013700102703,0.8501721894984022,0.881676372710046,-0.0036403393785180427
5.68,0.3413370872053908,0.7467903212718415,0.33368612433670836,0.8491974671362664,0.8779070080704359,-0.0037693646396100844
5.6850000000000005,0.34506767673622735,0.7454258539745668,0.33792656806849586,0.8480887463574952,0.8740092131846076,-0.0038977948858283096
5.69,0.348791149558465,0.7439436752936992,0.34216079907859936,0.8468462020207057,0.8699836033485131,-0.004025609836094457
5.695,0.3525069176925831,0.7423440192824339,0.34638814922918587,0.8454700301172976,0.8658308140420546,-0.00415278930645846
5.7,0.35621439437571745,0.7406271385449992,0.35060795146788837,0.8439604477405017,0.8615515008286998,-0.004279313213354841
5.705,0.35991299415432193,0.738793304196766,0.35481953993314386,0.8423176930510983,0.8571463392519822,-0.004405161576717553
5.71,0.363602132976616,0.7368428058214367,0.3590222500593429,0.8405420252398069,0.8526160247288137,-0.004530314523168544
5.715,0.36728122828481424,0.7347759514253149,0.3632154186817747,0.838633724486357,0.8479612724396733,-0.0046547522891403625
5.72,0.370949699107117,0.7325930673886705,0.3673983841413509,0.8365930919152418,0.843182817215662,-0.004778455224011324
5.7250000000000005,0.37460696614945693,0.7302944984141964,0.37157048638909174,0.8344204495481676,0.8382814134224831,-0.004901403793178938
5.73,0.37825245188696927,0.727880607472581,0.37573106709035775,0.8321161402532009,0.8332578348412866,-0.005023578581196508
5.735,0.38188558065519757,0.725351775745186,0.37987946972881087,0.8296805276906247,0.8281128745465142,-0.005144960294772405
5.74,0.3855057787409926,0.7227084025638562,0.38401503971008843,0.8271139962555115,0.8228473447806403,-0.005265529765873911
5.745,0.38911247447311054,0.7199509053478597,0.38813712446517357,0.8244169510170216,0.8174620768259168,-0.005385267954723494
5.75,0.39270509831248407,0.7170797195379734,0.39224507355344573,0.8215898176544366,0.8119579208730944,-0.005504155952822387
5.755,0.39628308294216247,0.7140952985277204,0.3963382387653954,0.8186330423899395,0.8063357458871793,-0.005622174985915107
5.76,0.39984586335689587,0.7109981135917741,0.40041597422498615,0.8155470919181487,0.8005964394702058,-0.005739306416973511
5.765,0.4033928769523548,0.7077886538115404,0.40447763649164825,0.8123324533324215,0.7947409077210672,-0.005855531749138554
5.7700000000000005,0.4069235636139752,0.7044674259979231,0.40852258466188796,0.8089896340479352,0.7887700750924442,-0.0059708326286229685
5.775,0.41043736580540363,0.7010349546112953,0.41255018047049574,0.805519161721559,0.7826848842448098,-0.006085190847634481
5.78,0.4139337286565404,0.6974917816786798,0.4165597883913384,0.80192158416853,0.7764862958975765,-0.0061985883472333025
5.785,0.4174121000511605,0.6938384667081559,0.4205507757377181,0.7981974692759456,0.7701752886773889,-0.0063110072201875145
5.79,0.42087193071409884,0.6900755866005076,0.42452251276228353,0.7943474049130869,0.7637528589635862,-0.006422429713802691
5.795,0.4243126742979851,0.6862037355581257,0.4284743727564765,0.7903719988385857,0.7572200207308513,-0.006532838232734983
5.8,0.42773378746952145,0.6822235249911731,0.43240573214949873,0.7862718786044518,0.750577805389105,-0.006642215341746249
5.805,0.4311347299952793,0.6781355834210385,0.4363159706067836,0.7820476914569742,0.7438272616206261,-0.006750543768478945
5.8100000000000005,0.43451496482700985,0.6739405563810834,0.4402044711279562,0.7777001042345119,0.7369694552144556,-0.006857806406170508
5.815,0.4378739581864463,0.6696391063147101,0.4440706201442671,0.7732298032621917,0.7300054688980826,-0.006963986316372961
5.82,0.44121117964960005,0.6652319124707463,0.44791380761548477,0.7686374942435289,0.7229364021664904,-0.007069066731592244
5.825,0.44452610223051464,0.6607196707961911,0.4517334271262297,0.7639239021489865,0.7157633711085095,-0.007173031057980839
5.83,0.4478182024644873,0.6561030938263117,0.4555288759817372,0.7590897711014939,0.7084875082305905,-0.007275862877919037
5.835,0.45108696049072783,0.6513829105721288,0.4592995553030319,0.7541358642589396,0.7011099622779586,-0.007377545952631848
5.84,0.45433186013445176,0.6465598664052956,0.4630448701215002,0.7490629636936594,0.6936318980532155,-0.007478064224743175
5.845,0.4575523889883884,0.6416347229403981,0.46676422947284485,0.7438718702689359,0.6860544962323976,-0.007577401820817897
5.8500000000000005,0.46074803849369933,0.6366082579146811,0.47045704649040754,0.738563403512533,0.6783789531785416,-0.007675543053855982
5.855,0.4639183040202809,0.6314812650652438,0.4741227384978439,0.7331384014872816,0.6706064807527512,-0.007772472425790378
5.86,0.4670626849464563,0.6262545540036896,0.4777607271011376,0.7275977206587384,0.6627383061228438,-0.00786817462990741
5.865,0.4701806847380267,0.6209289500882851,0.4813704382799373,0.7219422357599397,0.6547756715695567,-0.007962634553287051
5.87,0.4732718110266803,0.6155052942936242,0.48495130247820367,0.7161728396532694,0.6467198342903776,-0.008055837279179134
5.875,0.47633557568774176,0.6099844430778314,0.488502754694151,0.7102904431894649,0.6385720662010136,-0.008147768089364016
5.88,0.47937149491725534,0.6043672682473126,0.4920242345694699,0.7042959750637822,0.6303336537345484,-0.008238412466465173
5.885,0.48237908930838147,0.598654656819089,0.4955151864778166,0.6981903816693428,0.6220058976382927,-0.00832775609625569
5.89,0.4853578839271,0.5928475108807297,0.49897505961255506,0.6919746269476866,0.6135901127683798,-0.008415784869912901
5.8950000000000005,0.4883074083872101,0.5869467474478952,0.5024033080737378,0.6856496922365535,0.605087627882138,-0.008502484886241835
5.9,0.4912271969246071,0.5809532983195359,0.5057993909543124,0.6792165761149175,0.596499785428258,-0.008587842453880001
5.905,0.4941167884708333,0.5748681099307487,0.5091627724255389,0.6726762942452985,0.5878279413348069,-0.00867184409345112
5.91,0.49697572672588675,0.5686921432033207,0.5124929218216058,0.6660298792133766,0.5790734647951116,-0.0087544765396953
5.915,0.4998035602302755,0.5624263733939916,0.5157893137234304,0.6592783803649339,0.5702377380515451,-0.008835726743566474
5.92,0.5025998424363072,0.5560717899404513,0.5190514280416312,0.6524228636401492,0.5613221561772512,-0.008915581874293865
5.925,0.5053641317786063,0.5496293963050906,0.5222787500986575,0.6454644114052736,0.5523281268558482,-0.00899402932140303
5.93,0.508095991743841,0.5431002098165473,0.5254707707100661,0.6384041222817101,0.5432570701591384,-0.009071056696709823
5.9350000000000005,0.5107949909396549,0.5364852615090545,0.5286269862649288,0.6312431109725286,0.5341104183228608,-0.009146651836277608
5.94,0.5134607031627856,0.5297855959596371,0.531746898805361,0.6239825080864401,0.5248896155205197,-0.009220802802341055
5.945,0.5160927074663723,0.5230022711231471,0.5348300161051572,0.6166234599592592,0.51559611763534,-0.009293497885179747
5.95,0.5186905882264236,0.5161363581652132,0.5378758517475216,0.6091671284728837,0.5062313920303583,-0.009364725604981694
5.955,0.521253935207452,0.5091889412930826,0.5408839252018807,0.601614690871819,0.49679691731671133,-0.009434474713646945
5.96,0.5237823436272544,0.5021611175844162,0.5438537618997671,0.5939673395772764,0.48729418312014716,-0.009502734196564167
5.965,0.526275414220831,0.4950539968140458,0.5467848933097614,0.5862262819988755,0.4777246898457894,-0.009569493274357743
5.97,0.528732753303434,0.48786870127873166,0.5496768570114813,0.5783927403439783,0.46808994844121105,-0.009634741404578373
5.9750000000000005,0.5311539728327371,0.4806063656199301,0.5525291967686047,0.5704679514246883,0.45839148015783543,-0.009698468283375616
5.98,0.5335386904701072,0.47326813664463346,0.5553414626009174,0.5624531664625427,0.4486308163107057,-0.009760663847129702
5.985,0.5358865296409856,0.4658551731442623,0.558113210855372,0.5543496508909282,0.43880949803668307,-0.009821318274022661
5.99,0.5381971195943503,0.45836864571168723,0.5608440042761483,0.5461586841552545,0.4289290760510757,-0.009880421985607346
5.995,0.540470095461263,0.4508097365563753,0.5635334120737029,0.5378815595109129,0.4189911104027618,-0.009937965648313896
6.0,0.542705098312484,0.44317963931770993,0.5661810099927982,0.5295195838190565,0.4089971702278383,-0.009993940174923499
6.005,0.5449017752151549,0.435479558876495,0.5687863803794994,0.5210740773402301,0.3989488335018403,-0.01004833672599803
6.01,0.5470597792885282,0.4277107111646931,0.5713491122471288,0.5125463735258848,0.3888476867905538,-0.01010114671128648
6.015000000000001,0.5491787697587439,0.4198743229734184,0.5738688013411679,0.5039378188078097,0.37869532499947917,-0.010152361791074649
6.0200000000000005,0.5512584120126425,0.4119716317592098,0.5763450502030955,0.4952497723855139,0.36849335112197856,-0.010201973877500603
6.025,0.5532983776506046,0.40400388544861865,0.5787774682331535,0.48648360601159185,0.3582433759861424,-0.010249975135836142
6.03,0.5552983445384075,0.39597234224115463,0.581165671752029,0.47764070377510726,0.3479470180004179,-0.010296357985724536
6.035,0.5572579968580955,0.3878782704105938,0.5835092840614442,0.4687224618830281,0.337605902898046,-0.0103411151023719
6.04,0.5591770251578506,0.37972294810470636,0.585807935503643,0.45973028843974845,0.3272216634803368,-0.010384239417709162
6.045,0.5610551264008576,0.3715076631434263,0.5880612635197666,0.4506656032247316,0.31679593935883016,-0.010425724121506663
6.05,0.5628920040131589,0.36323371281548245,0.5902689127071081,0.44152983746830954,0.3063303766963812,-0.010465562662448968
6.055,0.5646873679304857,0.35490240367354625,0.5924305348752364,0.4323244336256741,0.29582662794721276,-0.010503748749168429
6.0600000000000005,0.5664409346440634,0.3465150513279085,0.5945457891009819,0.4230508451490956,0.28528635159597,-0.010540276351242772
6.065,0.5681524272453791,0.33807298023873844,0.5966143417822739,0.413710536258405,0.2747112118958285,-0.010575139700141512
6.07,0.5698215754699114,0.32957752350692127,0.5986358666908228,0.40430498170977575,0.2641028786056865,-0.010608333290141991
6.075,0.5714481157398058,0.3210300226635596,0.600610045023637,0.39483566656284164,0.2534630267264903,-0.010639851879196194
6.08,0.5730317912054986,0.31243182745812137,0.602536565453368,0.38530408594618787,0.24279333623673297,-0.010669690489757327
6.085,0.5745723517862751,0.3037842956453028,0.6044151241774742,0.3757117448212519,0.23209549182716124,-0.010697844409571722
6.09,0.576069554209761,0.29508879277062133,0.6062454249661976,0.3660601577446718,0.22137118263474692,-0.010724309192414322
6.095,0.5775231620503373,0.28634669195478485,0.6080271792093432,0.3563508486291191,0.21062210197595005,-0.010749080658796872
6.1000000000000005,0.5789329457664756,0.27755937367685,0.6097601059618565,0.34658535050265454,0.19984994707932113,-0.010772154896628916
6.105,0.5802986827369837,0.2687282255562438,0.6114439319881897,0.3367652052666443,0.18905641881749513,-0.010793528261826002
6.11,0.5816201572961622,0.25985464213362586,0.6130783918054511,0.32689196345227484,0.17824322143859406,-0.010813197378901074
6.115,0.5828971607678592,0.2509400246506844,0.6146632277253297,0.3169671839757052,0.16741206229711175,-0.010831159141482305
6.12,0.5841294914984233,0.24198578082886027,0.6161981898947891,0.30699243389189534,0.15656465158430022,-0.010847410712811534
6.125,0.585316954888546,0.2329933246470564,0.6176830363355249,0.29696928814714874,0.14570270205811092,-0.010861949526189296
6.13,0.5864593634239927,0.22396407611834646,0.619117532982177,0.2868993293304095,0.1348279287727273,-0.01087477328538361
6.135,0.5875565367052127,0.2148994610657422,0.6205014537192938,0.2767841474233524,0.12394204880773708,-0.010885879964990228
6.140000000000001,0.5886083014758258,0.20580091089704208,0.6218345804170403,0.266625339549305,0.113046780996988,-0.010895267810749079
6.1450000000000005,0.5896144916499821,0.19666986237879278,0.6231167029656456,0.2564245097210429,0.1021438456571609,-0.0109029353398271
6.15,0.5905749483385894,0.18750775740940315,0.6243476193085831,0.2461832685874965,0.09123496431610753,-0.010908881341053375
6.155,0.5914895198744021,0.17831604279146104,0.6255271354744801,0.2359032331794099,0.08032185944100878,-0.01091310487509875
6.16,0.5923580618359731,0.169096170003257,0.6266550656077501,0.22558602665399224,0.06940625416636786,-0.010915605274640916
6.165,0.593180437070458,0.15984959496958315,0.6277312319979431,0.2152332780386013,0.05848987202190982,-0.010916382144458045
6.17,0.5939565157152741,0.15057777783182963,0.6287554651078107,0.20484662197350045,0.04757443666041969,-0.01091543536149013
6.175,0.5946861752186064,0.14128218271740348,0.6297276036000793,0.19442769845372923,0.03666167158554705,-0.01091276507487264
6.18,0.5953693003587615,0.13196427750853124,0.6306474943629299,0.18397815257012787,0.025753299879655342,-0.010908371705891706
6.1850000000000005,0.5960057832623604,0.12262553361045932,0.6315149925341776,0.17349963424955792,0.014851043931714894,-0.010902255947940448
6.19,0.5965955234213741,0.11326742571911268,0.6323299615241494,0.16299379799435854,0.003956625165330088,-0.010894418766384806
6.195,0.5971384277089954,0.10389143158820599,0.6330922730372548,0.1524623026210805,-0.006928236233108093,-0.010884861398438181
6.2,0.5976344103943434,0.09449903179590517,0.6338018070922475,0.1419068109985392,-0.017801821586048844,-0.010873585352940751
6.205,0.5980833931560025,0.08509170951101626,0.6344584520411737,0.13132898978522717,-0.028662413996191224,-0.01086059241014238
6.21,0.59848530509439,0.07567095025878116,0.6350621045870043,0.12073050916612893,-0.039508298617593196,-0.010845884621401972
6.215,0.5988400827429516,0.0662382416862934,0.6356126697999492,0.11011304258897806,-0.050337762926476556,-0.01082946430888336
6.22,0.5991476700781841,0.05679507332758665,0.6361100611324493,0.09947826650000005,-0.06114909699164319,-0.010811334065166635
6.2250000000000005,0.5994080185284815,0.047342936368409416,0.6365542004328452,0.0888278600791808,-0.07194059374450956,-0.010791496752866371
6.23,0.5996210869818053,0.03788332341076555,0.6369450179577207,0.07816350497510394,-0.08271054924865265,-0.010769955504143086
6.235,0.5997868417921768,0.028417728237197716,0.6372824523829177,0.06748688503939798,-0.09345726296890464,-0.010746713720251988
6.24,0.59990525678499,0.018947645574912464,0.6375664508132218,0.05679968606083603,-0.10417903803987234,-0.010721775070967707
6.245,0.5999763132611449,0.009474570859741526,0.6377969687907175,0.046103595499129,-0.11487418153389979,-0.010695143494027448
6.25,0.6,4.616809664932295e-16,0.6379739703018097,0.035400302218455734,-0.12554100472839674,-0.010666823194496952
6.255,0.5999763132611449,-0.009474570859740603,0.6380974277829136,0.024691496220770402,-0.13617782337251338,-0.010636818644116641
6.26,0.59990525678499,-0.018947645574911545,0.6381673221248082,0.01397886837893146,-0.14678295795310486,-0.01060513458059148
6.265000000000001,0.5997868417921768,-0.02841772823719813,0.6381836426756566,0.0032641101696917023,-0.1573547339599374,-0.01057177600683254
6.2700000000000005,0.5996210869818053,-0.037883323410765966,0.6381463872426896,-0.007451086593406049,-0.16789148215012253,-0.01053674819018513
6.275,0.5994080185284815,-0.047342936368411165,0.6380555620925537,-0.018165030027186904,-0.17839153881171207,-0.01050005666158954
6.28,0.5991476700781841,-0.056795073327585724,0.6379111819503236,-0.028876028446012517,-0.18885324602640818,-0.010461707214696109
6.285,0.5988400827429518,-0.06623824168629248,0.637713269997179,-0.03958239062891882,-0.19927495193137895,-0.010421705904970768
6.29,0.59848530509439,-0.07567095025878026,0.6374618578667456,-0.050282426086680446,-0.20965501098010517,-0.010380059048726215
6.295,0.5980833931560025,-0.08509170951101534,0.6371569856401018,-0.06097444532875901,-0.21999178420222348,-0.010336773222118317
6.3,0.5976344103943434,-0.09449903179590426,0.6367987018394513,-0.07165676013009423,-0.2302836394623523,-0.010291855260128824
6.305,0.5971384277089954,-0.10389143158820506,0.6363870634204628,-0.08232768379769534,-0.24052895171781896,-0.010245312255466654
6.3100000000000005,0.5965955234213741,-0.11326742571911307,0.6359221357632778,-0.0929855314369899,-0.25072610327527695,-0.010197151557457984
6.315,0.5960057832623603,-0.12262553361045972,0.6354039926621884,-0.10362862021788921,-0.2608734840461463,-0.010147380770869352
6.32,0.5953693003587616,-0.13196427750853032,0.6348327163139857,-0.1142552696405277,-0.2709694918008885,-0.010096007754742176
6.325,0.5946861752186066,-0.14128218271740256,0.6342083973049826,-0.1248638018006337,-0.2810125324219984,-0.010043040621109944
6.33,0.5939565157152741,-0.1505777778318287,0.6335311345967101,-0.1354525416544911,-0.2910010201557458,-0.009988487733747387
6.335,0.5931804370704582,-0.15984959496958226,0.6328010355102929,-0.1460198172834491,-0.30093337786258006,-0.00993235770683426
6.34,0.5923580618359732,-0.1690961700032561,0.6320182157095032,-0.15656396015793833,-0.31080803726618517,-0.009874659403605102
6.345,0.5914895198744022,-0.17831604279146013,0.6311827991824984,-0.16708330540095134,-0.3206234392011153,-0.009815401934930135
6.3500000000000005,0.5905749483385891,-0.18750775740940487,0.6302949182222437,-0.1775761920509474,-0.33037803385902825,-0.009754594657912952
6.355,0.589614491649982,-0.19666986237879314,0.629354713405623,-0.1880409633241381,-0.3400702810333917,-0.009692247174363455
6.36,0.5886083014758258,-0.20580091089704247,0.6283623335712424,-0.1984759668761136,-0.3496986503627273,-0.009628369329335584
6.365,0.5875565367052128,-0.21489946106574132,0.6273179357959285,-0.20887955506276776,-0.3592616215722585,-0.009562971209531201
6.37,0.5864593634239931,-0.2239640761183443,0.6262216853699262,-0.21925008520048134,-0.36875768471398096,-0.009496063141722466
6.375,0.5853169548885463,-0.23299332464705422,0.6250737557707986,-0.22958591982552096,-0.37818534040510615,-0.009427655691125192
6.38,0.5841294914984232,-0.24198578082886066,0.6238743286360355,-0.23988542695261517,-0.387543100064832,-0.00935775965972585
6.385,0.5828971607678594,-0.2509400246506835,0.6226235937343723,-0.2501469803326637,-0.3968294861493916,-0.009286386084559617
6.390000000000001,0.581620157296162,-0.25985464213362747,0.6213217489358246,-0.26036895970954266,-0.4060430323854092,-0.009213546236017556
6.3950000000000005,0.5802986827369834,-0.2687282255562455,0.6199690001804448,-0.2705497510759624,-0.41518228400140356,-0.009139251615994382
6.4,0.5789329457664754,-0.2775593736768517,0.6185655614458031,-0.2806877469283386,-0.4242457979575439,-0.009063513956140357
6.405,0.5775231620503374,-0.28634669195478396,0.6171116547132,-0.2907813465206366,-0.43323214317351255,-0.008986345215968639
6.41,0.5760695542097611,-0.2950887927706205,0.6156075099326143,-0.30082895611714877,-0.44213990075448584,-0.008907757580973286
6.415,0.5745723517862754,-0.30378429564530074,0.6140533649863934,-0.31082898924416397,-0.45096766421519985,-0.008827763460714011
6.42,0.573031791205499,-0.3124318274581193,0.6124494656516909,-0.32077986694049176,-0.45971403970204994,-0.008746375486850089
6.425,0.5714481157398058,-0.32103002266356,0.6107960655616569,-0.33068001800679875,-0.4683776462132031,-0.008663606511153166
6.43,0.5698215754699113,-0.3295775235069216,0.6090934261653883,-0.3405278792537203,-0.47695711581665445,-0.00857946960345135
6.4350000000000005,0.5681524272453793,-0.3380729802387376,0.6073418166866448,-0.3503218957487073,-0.4854510938662687,-0.00849397804961427
6.44,0.5664409346440632,-0.34651505132791005,0.6055415140813369,-0.3600605210615685,-0.49385823921568317,-0.008407145349414447
6.445,0.5646873679304859,-0.3549024036735455,0.6036928029937936,-0.3697422175086705,-0.5021772244300737,-0.008318985214390562
6.45,0.562892004013159,-0.36323371281548167,0.6017959757118148,-0.3793654563957567,-0.5104067359958042,-0.008229511565730485
6.455,0.5610551264008578,-0.3715076631434255,0.599851332120518,-0.3889287182593471,-0.518545474527824,-0.00813873853201974
6.46,0.5591770251578508,-0.3797229481047056,0.5978591796549846,-0.39843049310667883,-0.5265921549748658,-0.00804668044704182
6.465,0.557257996858096,-0.38787827041059186,0.5958198332517138,-0.4078692806541532,-0.534545506822368,-0.007953351847502232
6.47,0.5552983445384075,-0.395972342241155,0.5937336152988926,-0.4172435905642488,-0.5424042742931086,-0.007858767470740546
6.4750000000000005,0.5532983776506045,-0.40400388544861904,0.5916008555854883,-0.4265519426808629,-0.5501672165454905,-0.007762942252381944
6.48,0.5512584120126427,-0.4119716317592091,0.589421891249173,-0.4357928672630467,-0.5578331078695122,-0.007665891324021734
6.485,0.5491787697587435,-0.41987432297341987,0.5871970667230875,-0.4449649052170953,-0.5654007378803121,-0.007567630010799853
6.49,0.547059779288528,-0.42771071116469345,0.5849267336814526,-0.45406660832695594,-0.5728689117092814,-0.00746817382896936
6.495,0.5449017752151551,-0.4354795588764942,0.5826112509840381,-0.4630965394829192,-0.5802364501927846,-0.007367538483503133
6.5,0.5427050983124844,-0.44317963931770915,0.5802509846194953,-0.47205327290855603,-0.5875021900583415,-0.007265739865556897
6.505,0.5404700954612632,-0.4508097365563745,0.577846307647566,-0.4809353943858644,-0.594664984108326,-0.007162794049984544
6.51,0.538197119594351,-0.4583686457116855,0.5753976001401729,-0.4897415014785924,-0.601723701401124,-0.007058717292797945
6.515000000000001,0.5358865296409856,-0.4658551731442626,0.5729052491214044,-0.4984702037536999,-0.6086772274297279,-0.006953526028603885
6.5200000000000005,0.533538690470107,-0.4732681366446338,0.5703696485063998,-0.5071201230009237,-0.6155244642977095,-0.00684723686798161
6.525,0.5311539728327369,-0.4806063656199304,0.5677911990391478,-0.5156898934504149,-0.6222643308926237,-0.006739866594914212
6.53,0.5287327533034347,-0.48786870127872994,0.5651703082292057,-0.5241781619884104,-0.6288957630567065,-0.0066314321640827956
6.535,0.5262754142208309,-0.49505399681404616,0.5625073902873512,-0.5325835883709051,-0.6354177137549327,-0.006521950698226253
6.54,0.5237823436272546,-0.5021611175844155,0.5598028660601747,-0.5409048454352938,-0.6418291532403295,-0.006411439485396797
6.545,0.5212539352074522,-0.5091889412930819,0.557057162963625,-0.549140619309946,-0.6481290692166227,-0.006299915976293202
6.55,0.5186905882264237,-0.5161363581652126,0.5542707149155165,-0.5572896096216812,-0.6543164669980656,-0.006187397781442838
6.555,0.5160927074663725,-0.5230022711231466,0.5514439622670109,-0.5653505297011151,-0.6603903696665203,-0.006073902668454756
6.5600000000000005,0.5134607031627855,-0.5297855959596374,0.5485773517330816,-0.5733221067858396,-0.6663498182257306,-0.0059594485592102675
6.565,0.5107949909396547,-0.5364852615090548,0.5456713363219746,-0.5812030822214079,-0.6721938717527345,-0.005844053527003901
6.57,0.5080959917438417,-0.5431002098165457,0.5427263752636742,-0.5889922116600905,-0.6779216075464831,-0.005727735793748634
6.575,0.505364131778607,-0.549629396305089,0.5397429339373873,-0.5966882652573738,-0.6835321212735234,-0.005610513727040245
6.58,0.5025998424363071,-0.5560717899404516,0.5367214837980564,-0.604290027866167,-0.6890245271108159,-0.005492405837292491
6.585,0.4998035602302754,-0.5624263733939919,0.5336625023019129,-0.6117962992286892,-0.6943979578855926,-0.0053734307747767
6.59,0.496975726725887,-0.5686921432033202,0.5305664728310829,-0.6192058941660042,-0.6996515652123306,-0.0052536073267380745
6.595,0.49411678847083357,-0.574868109930748,0.527433884617257,-0.6265176427651749,-0.7047845196266986,-0.005132954414368007
6.6000000000000005,0.4912271969246066,-0.580953298319537,0.524265232664437,-0.6337303905640066,-0.7097960107165509,-0.005011491089852216
6.605,0.48830740838721,-0.5869467474478954,0.5210610176707703,-0.6408429987333514,-0.7146852472498793,-0.0048892365333284005
6.61,0.48535788392710033,-0.5928475108807292,0.5178217459494856,-0.6478543442569429,-0.7194514572997923,-0.004766210049913067
6.615,0.48237908930838175,-0.5986546568190886,0.5145479293489419,-0.6547633201087335,-0.7240938883663904,-0.004642431066598118
6.62,0.479371494917256,-0.6043672682473112,0.5112400851718033,-0.6615688354277083,-0.728611807495598,-0.004517919129207515
6.625,0.47633557568774165,-0.6099844430778316,0.5078987360933526,-0.6682698156901452,-0.7330045013949159,-0.0043926938993179565
6.63,0.47327181102668014,-0.6155052942936244,0.5045244100789561,-0.6748652028792955,-0.7372712765460334,-0.004266775151117508
6.635,0.47018068473802704,-0.6209289500882845,0.5011176403006938,-0.681353955652457,-0.7414114593143777,-0.004140182768344269
6.640000000000001,0.4670626849464558,-0.6262545540036905,0.4976789650531668,-0.6877350495054155,-0.7454243960554748,-0.004012936741097151
6.6450000000000005,0.46391830402028034,-0.6314812650652447,0.49420892766849567,-0.6940074769342265,-0.7493094532181472,-0.0038850571626724006
6.65,0.46074803849369883,-0.6366082579146821,0.4907080764305241,-0.7001702475943122,-0.7530660174445973,-0.0037565642264500987
6.655,0.45755238898838874,-0.6416347229403976,0.4871769644882399,-0.7062223884568499,-0.7566934956672402,-0.003627478222642866
6.66,0.4543318601344521,-0.6465598664052953,0.48361614976842776,-0.7121629439624239,-0.7601913152023627,-0.003497819535122515
6.665,0.45108696049072866,-0.6513829105721277,0.48002619488756815,-0.717990976171921,-0.7635589238405551,-0.0033676086381924097
6.67,0.44781820246448806,-0.6561030938263106,0.4764076670629949,-0.7237055649146431,-0.7667957899339173,-0.0032368660933621562
6.675,0.4445261022305145,-0.6607196707961913,0.47276113802332687,-0.7293058079336121,-0.7699014024800132,-0.0031056125460958706
6.68,0.4412111796495998,-0.6652319124707465,0.4690871839181866,-0.7347908210280487,-0.7728752712025441,-0.0029738687225309146
6.6850000000000005,0.43787395818644664,-0.6696391063147097,0.4653863852272216,-0.7401597381929982,-0.775716926628804,-0.0028416554262599147
6.69,0.4345149648270092,-0.6739405563810842,0.4616593266684412,-0.7454117117560835,-0.7784259201637993,-0.0027089935349953187
6.695,0.43113472999527963,-0.6781355834210381,0.4579065971058844,-0.7505459125113629,-0.7810018241610669,-0.0025759039972675923
6.7,0.4277337874695218,-0.6822235249911728,0.45412878945663304,-0.7555615298502726,-0.7834442319902445,-0.0024424078291775952
6.705,0.4243126742979854,-0.6862037355581253,0.4503265005971849,-0.7604577718896314,-0.7857527581012563,-0.002308526111011844
6.71,0.4208719307140992,-0.6900755866005073,0.4465003312692014,-0.7652338655966884,-0.7879270380852037,-0.002174279983947369
6.715,0.41741210005116136,-0.693838466708155,0.4426508859846454,-0.7698890569111956,-0.7899667287319099,-0.0020396906467061715
6.72,0.4139337286565402,-0.6974917816786799,0.438778772930323,-0.7744226108644833,-0.7918715080841248,-0.0019047793522148915
6.7250000000000005,0.4104373658054035,-0.7010349546112954,0.4348846038718454,-0.7788338116955198,-0.79364107548834,-0.0017695674042151888
6.73,0.4069235636139755,-0.7044674259979228,0.4309689940570257,-0.7831219629639401,-0.7952751516423043,-0.001634076153964381
6.735,0.4033928769523546,-0.7077886538115405,0.4270325621187256,-0.7872863876600223,-0.7967734786391105,-0.0014983269968061874
6.74,0.3998458633568957,-0.7109981135917742,0.4230759299771676,-0.7913264283115962,-0.7981358200079036,-0.0013623413687930963
6.745,0.3962830829421628,-0.7140952985277201,0.41909972274172824,-0.7952414470878658,-0.799361960751261,-0.0012261407433573623
6.75,0.3927050983124844,-0.7170797195379732,0.4151045686122276,-0.799030825900132,-0.8004517073791189,-0.0010897466278578793
6.755,0.3891124744731109,-0.7199509053478594,0.41109109877973066,-0.802693966499395,-0.8014048879393321,-0.0009531805602132071
6.76,0.3855057787409935,-0.7227084025638556,0.4070599473268765,-0.8062302905708267,-0.8022213520448299,-0.0008164641054978494
6.765000000000001,0.3818855806551974,-0.7253517757451861,0.403011751127751,-0.8096392398250944,-0.8029009708973687,-0.0006796188525387548
6.7700000000000005,0.37825245188696915,-0.727880607472581,0.39894714974731843,-0.8129202760865201,-0.8034436373078481,-0.0005426664104793977
6.775,0.3746069661494567,-0.7302944984141965,0.3948667853404281,-0.8160728813780663,-0.8038492657132756,-0.0004056284054275716
6.78,0.3709496991071179,-0.7325930673886699,0.3907713025504124,-0.8190965580031321,-0.8041177921902514,-0.00026852647697572785
6.785,0.367281228284814,-0.734775951425315,0.3866613484072917,-0.8219908286241446,-0.8042491744650779,-0.00013138227482656362
6.79,0.3636021329766163,-0.7368428058214365,0.38253757222560203,-0.8247552363379375,-0.8042433919204107,5.7825446672099545e-06
6.795,0.35991299415432226,-0.7387933041967659,0.37840062550186254,-0.8273893447479019,-0.8041004455985514,0.00014294632185929412
6.8,0.3562143943757178,-0.740627138544999,0.37425116181169804,-0.8298927380328985,-0.8038203582012592,0.0002800873972922391
6.805,0.3525069176925834,-0.7423440192824337,0.3700898367066334,-0.8322650210129221,-0.8034031740861732,0.00041718411508595565
6.8100000000000005,0.3487911495584649,-0.7439436752936992,0.3659173076105759,-0.8345058192115051,-0.8028489592598135,0.0005542148263597557
6.815,0.3450676767362272,-0.7454258539745668,0.3617342337160016,-0.8366147789148535,-0.8021578013671368,0.0006911578926767081
6.82,0.34133708720539163,-0.7467903212718412,0.3575412758798631,-0.8385915672277008,-0.8013298096777303,0.0008279916894065042
6.825,0.3375999700692918,-0.7480368617203187,0.35333909651923373,-0.840435872125879,-0.8003651150685335,0.0009646946091967923
6.83,0.3338569154620442,-0.7491652784768125,0.3491283595067058,-0.8421474025055903,-0.7992638700031871,0.001101245065346368
6.835,0.3301085144553644,-0.7501753933512351,0.3449097300655589,-0.8437258882293767,-0.7980262485079306,0.0012376214952565245
6.84,0.3263553589652231,-0.7510670468347383,0.340683874664715,-0.845171080168779,-0.7966524461441582,0.0013738023637723806
6.845,0.32259804165838024,-0.7518400981249012,0.33645146091349665,-0.8464827502436764,-0.7951426799775161,0.0015097661666421125
6.8500000000000005,0.3188371558587936,-0.7524944251479633,0.3322131574562051,-0.8476606914583047,-0.7934971885436364,0.0016454914338797089
6.855,0.31507329545393065,-0.7530299245781022,0.3279696338665354,-0.848704717933944,-0.791716231810447,0.0017809567331893428
6.86,0.3113070548009804,-0.7534465118537504,0.32372156054184403,-0.8496146649382716,-0.7898000911371549,0.0019161406732921549
6.865,0.30753902863300153,-0.7537441211909479,0.3194696085972872,-0.8503903889113753,-0.787749069229795,0.00205102190735984
6.87,0.30376981196500624,-0.7539227055937304,0.3152144497598451,-0.8510317674884242,-0.7855634900934347,0.002185579136360305
6.875,0.3000000000000007,-0.7539822368615503,0.3109567562622501,-0.8515386995189925,-0.783243698981009,0.002319791112425751
6.88,0.2962301880349941,-0.7539227055937304,0.30669720073683493,-0.8519111050830328,-0.7807900623388099,0.0024536366421991085
6.885,0.2924609713669989,-0.7537441211909479,0.30243645610931746,-0.8521489255034962,-0.7782029677485979,0.0025870945902120024
6.890000000000001,0.28869294519901895,-0.7534465118537504,0.29817519549253946,-0.8522521233555999,-0.7754828238664369,0.002720143882161019
6.8950000000000005,0.28492670454606867,-0.7530299245781021,0.29391409208017577,-0.8522206824727371,-0.7726300603581192,0.002852763508317646
6.9,0.28116284414120574,-0.7524944251479632,0.28965381904043064,-0.8520546079490307,-0.7696451278313564,0.0029849325267627957
6.905,0.2774019583416202,-0.7518400981249013,0.285395049409738,-0.8517539261385293,-0.7665284977646007,0.0031166300667556657
6.91,0.27364464103477726,-0.7510670468347385,0.28113845598648274,-0.8513186846510469,-0.7632806624325998,0.0032478353320009035
6.915,0.269891485544636,-0.7501753933512351,0.2768847112247595,-0.8507489523446438,-0.7599021348286613,0.0033785276039385304
6.92,0.26614308453795615,-0.7491652784768126,0.2726344871281857,-0.8500448193147558,-0.7563934485836463,0.0035086862450149914
6.925,0.2624000299307086,-0.7480368617203188,0.2683884551437859,-0.849206396879966,-0.7527551578817071,0.0036382907019392174
6.93,0.2586629127946087,-0.7467903212718413,0.26414728605596377,-0.848233817564428,-0.7489878373727581,0.0037673205089490125
6.9350000000000005,0.25493232326377324,-0.745425853974567,0.2599116498805791,-0.8471272350769388,-0.7450920820817597,0.003895755290998393
6.94,0.25120885044153446,-0.743943675293699,0.25568221575914574,-0.8458868242866676,-0.7410685073147444,0.004023574767015314
6.945,0.24749308230741696,-0.7423440192824339,0.25145965185316804,-0.8445127811955422,-0.7369177485616385,0.004150758753105888
6.95,0.24378560562428261,-0.7406271385449992,0.24724462523863155,-0.8430053229072987,-0.7326404613959403,0.004277287165698196
6.955,0.2400870058456781,-0.738793304196766,0.24303780180066556,-0.8413646875931992,-0.7282373213711786,0.00440314002476172
6.96,0.23639786702338406,-0.7368428058214367,0.23883984612839346,-0.8395911344544216,-0.723709023914241,0.004528297456937613
6.965,0.23271877171518632,-0.7347759514253153,0.2346514214099878,-0.8376849436811302,-0.7190562842155579,0.004652739698683073
6.97,0.22905030089288245,-0.7325930673886702,0.23047318932794664,-0.8356464164082311,-0.7142798371161714,0.004776447099386516
6.9750000000000005,0.22539303385054366,-0.7302944984141967,0.22630580995460753,-0.833475874667819,-0.7093804369916765,0.004899400124494857
6.98,0.22174754811303124,-0.7278806074725813,0.2221499416479159,-0.8311736613383266,-0.7043588576331269,0.005021579358549633
6.985,0.21811441934480194,-0.7253517757451856,0.21800624094746401,-0.8287401400903799,-0.6992158921248282,0.005142965508298736
6.99,0.21449422125900688,-0.7227084025638558,0.21387536247081715,-0.8261756953293712,-0.6939523527190898,0.005263539405738316
6.995,0.2108875255268895,-0.7199509053478598,0.20975795881014336,-0.8234807321347578,-0.6885690707079879,0.005383282011101942
7.0,0.20729490168751596,-0.7170797195379734,0.20565468042916288,-0.8206556761960961,-0.6830668962920774,0.005502174415910499
7.005,0.2037169170578376,-0.7140952985277205,0.20156617556043377,-0.81770097374582,-0.6774466984461407,0.005620197845936703
7.01,0.20015413664310466,-0.7109981135917746,0.19749309010298988,-0.8146170914887766,-0.6717093647819666,0.00573733366417406
7.015000000000001,0.19660712304764472,-0.70778865381154,0.19343606752034723,-0.8114045165285299,-0.6658558014081915,0.0058535633737751835
7.0200000000000005,0.19307643638602487,-0.7044674259979231,0.18939574873889503,-0.8080637562904398,-0.6598869327871971,0.005968868620994328
7.025,0.18956263419459687,-0.7010349546112957,0.18537277204668734,-0.8045953384415365,-0.653803701589155,0.006083231198042105
7.03,0.18606627134346015,-0.6974917816786802,0.18136777299265136,-0.8009998108071953,-0.6476070685431486,0.006196633046006372
7.035,0.182587899948839,-0.6938384667081553,0.1773813842862282,-0.7972777412846294,-0.6412980122854747,0.006309056257673973
7.04,0.17912806928590116,-0.6900755866005077,0.17341423569746214,-0.7934297177532129,-0.6348775292050891,0.006420483080385564
7.045,0.1756873257020149,-0.6862037355581257,0.1694669539575539,-0.7894563479816491,-0.6283466332862888,0.006530895918800295
7.05,0.1722662125304786,-0.6822235249911732,0.1655401626598939,-0.7853582595319959,-0.6217063559485774,0.006640277337711442
7.055,0.16886527000472074,-0.6781355834210385,0.16163448216159107,-0.7811360996605683,-0.614957745883797,0.006748610064780336
7.0600000000000005,0.16548503517299018,-0.6739405563810834,0.1577505294855124,-0.7767905352157296,-0.6081018688905316,0.006855876993265397
7.065,0.1621260418135537,-0.6696391063147101,0.15388891822284947,-0.7723222525325887,-0.6011398077057908,0.006962061184740853
7.07,0.15878882035040048,-0.665231912470747,0.15005025843622638,-0.76773195732462,-0.5940726618340555,0.007067145871735292
7.075,0.1554738977694859,-0.6607196707961918,0.14623515656336525,-0.7630203745722243,-0.5869015473736396,0.0071711144604158505
7.08,0.15218179753551225,-0.656103093826311,0.142444215321324,-0.7581882484082464,-0.5796275968404527,0.0072739505331869125
7.085,0.14891303950927168,-0.6513829105721282,0.13867803361132167,-0.7532363420004683,-0.5722519589891502,0.007375637851302574
7.09,0.1456681398655482,-0.6465598664052957,0.13493720642416618,-0.7481654374310972,-0.5647757986317513,0.007476160357398842
7.095,0.1424476110116116,-0.6416347229403981,0.13122232474629986,-0.7429763355732656,-0.5572002964536901,0.007575502178061244
7.1000000000000005,0.13925196150630062,-0.6366082579146811,0.12753397546647705,-0.7376698559645649,-0.5495266488273769,0.007673647626313174
7.105,0.1360816959797191,-0.6314812650652438,0.12387274128308888,-0.7322468366776321,-0.5417560676232682,0.007770581204108673
7.11,0.13293731505354364,-0.6262545540036896,0.12023920061214984,-0.7267081341878084,-0.533889780018514,0.007866287604754274
7.115,0.12981931526197327,-0.6209289500882851,0.11663392749596037,-0.7210546232378923,-0.5259290283031633,0.0079607517153506
7.12,0.12672818897332014,-0.615505294293625,0.11305749151246032,-0.7152871967000085,-0.5178750696839941,0.008053958619169244
7.125,0.12366442431225778,-0.6099844430778306,0.10951045768528725,-0.7094067654346136,-0.5097291760859893,0.008145893598004772
7.13,0.12062850508274425,-0.6043672682473118,0.10599338639455394,-0.7034142581466613,-0.5014926339514759,0.008236542134513414
7.135,0.11762091069161848,-0.5986546568190891,0.10250683328835919,-0.6973106212389492,-0.49316674403699634,0.008325889914479578
7.140000000000001,0.11464211607289916,-0.5928475108807282,0.09905134919504582,-0.6910968186626719,-0.484752821207896,0.008413922829100362
7.1450000000000005,0.1116925916127895,-0.5869467474478943,0.0956274800362198,-0.6847738317652027,-0.476252194230686,0.00850062697720999
7.15,0.1087728030753929,-0.580953298319536,0.09223576674054416,-0.6783426591351271,-0.4676662055632288,0.00858598866745719
7.155,0.10588321152916673,-0.5748681099307487,0.08887674515832139,-0.6718043164445561,-0.45899621114273975,0.008669994420489047
7.16,0.10302427327411325,-0.5686921432033207,0.0855509459768777,-0.6651598362887385,-0.4502435801716732,0.008752630971066544
7.165,0.10019643976972487,-0.5624263733939926,0.08225889463676267,-0.6584102680230046,-0.44140969490150817,0.008833885270165043
7.17,0.09740015756369319,-0.5560717899404523,0.07900111124877737,-0.6515566775970604,-0.4324959504144766,0.008913744487031583
7.175,0.09463586822139332,-0.5496293963050898,0.07577811051184406,-0.6446001473866619,-0.42350375440326554,0.00899219601121104
7.18,0.09190400825615859,-0.5431002098165464,0.07259040163173057,-0.6375417760226973,-0.41443452694872,0.009069227454545525
7.1850000000000005,0.08920500906034551,-0.5364852615090556,0.06943848824064207,-0.6303826782177,-0.4052897002956063,0.009144826653113725
7.19,0.08653929683721406,-0.5297855959596363,0.06632286831769295,-0.6231239845898233,-0.39607071862644,0.009218981669166293
7.195,0.08390729253362779,-0.5230022711231472,0.06324403411027144,-0.6157668414843036,-0.38677903783342715,0.009291680793012846
7.2,0.08130941177357653,-0.5161363581652133,0.060202472056309235,-0.6083124107924395,-0.3774161252885744,0.009362912544852775
7.205,0.07874606479254799,-0.5091889412930826,0.05719866270746866,-0.6007618697681161,-0.36798345961196494,0.009432665676609442
7.21,0.07621765637274566,-0.5021611175844162,0.05423308065325914,-0.5931164108419038,-0.3584825304382728,0.009500929173692163
7.215,0.07372458577916931,-0.49505399681404694,0.051306194446095334,-0.5853772414327603,-0.34891483818153035,0.009567692256742422
7.22,0.07126724669656556,-0.4878687012787307,0.04841846652730851,-0.5775455837573652,-0.33928189379819806,0.009632944383332287
7.2250000000000005,0.06884602716726329,-0.4806063656199312,0.04557035315412292,-0.569622674637119,-0.3295852185485635,0.009696675249634579
7.23,0.0664613095298932,-0.4732681366446345,0.04276230432760874,-0.561609765302835,-0.31982634375652247,0.009758874792041017
7.235,0.06411347035901402,-0.46585517314426134,0.03999476372162296,-0.5535081211971556,-0.31000681056776425,0.009819533188758223
7.24,0.06180288040564925,-0.45836864571168623,0.03726816861274933,-0.5453190217747255,-0.30012816970640255,0.009878640861361698
7.245,0.05952990453873701,-0.4508097365563754,0.03458294981124858,-0.5370437603001508,-0.29019198123010637,0.009936188476296182
7.25,0.057294901687515894,-0.44317963931771,0.03193953159302968,-0.5286836436437787,-0.28019981428374374,0.009992166946362624
7.255,0.055098224784845086,-0.43547955887649503,0.029338331632653043,-0.5202399920753278,-0.27015324685159847,0.01004656743214527
7.26,0.05294022071147216,-0.4277107111646943,0.02677976093737603,-0.5117141390554024,-0.260053865508188,0.010099381343410485
7.265000000000001,0.05082123024125613,-0.41987432297341853,0.024264223782251404,-0.5031074310249251,-0.2499032651677255,0.010150600340462473
7.2700000000000005,0.04874158798735754,-0.4119716317592099,0.021792117646288817,-0.4944212271925174,-0.23970304883226404,0.010200216335461476
7.275,0.04670162234939564,-0.40400388544861987,0.019363833149689483,-0.4856568993198667,-0.22945482733856662,0.010248221493697418
7.28,0.04470165546159275,-0.39597234224115585,0.016979753992163938,-0.47681583150510903,-0.21916021910373493,0.010294608234831693
7.285,0.04274200314190417,-0.3878782704105927,0.014640256892342614,-0.46789941996426465,-0.2088208498696446,0.010339369234090318
7.29,0.04082297484214938,-0.3797229481047064,0.012345711528288814,-0.4589090728107599,-0.19843835244622002,0.010382497423424591
7.295,0.03894487359914239,-0.37150766314342637,0.010096480479123463,-0.4498462098330702,-0.18801436645359784,0.010423985992622176
7.3,0.03710799598684112,-0.36323371281548256,0.007892919167770863,-0.44071226227051985,-0.1775505380632107,0.010463828390387148
7.305,0.035312632069514314,-0.35490240367354636,0.005735375804834499,-0.43150867258727277,-0.16704851973783869,0.010502018325372009
7.3100000000000005,0.03355906535593656,-0.34651505132790855,0.0036241913336117412,-0.42223689424455163,-0.15650996997066646,0.010538549767172223
7.315,0.0318475727546209,-0.33807298023873855,0.0015596993762561416,-0.41289839147111995,-0.14593655302339006,0.010573416947276398
7.32,0.03017842453008881,-0.32957752350692254,-0.00045777381890417697,-0.40349463903206373,-0.13532993866340898,0.010606614359981087
7.325,0.02855188426019436,-0.3210300226635609,-0.002427909428883725,-0.3940271219959096,-0.12469180190015206,0.010638136763256922
7.33,0.02696820879450117,-0.3124318274581202,-0.004350396106384305,-0.38449733550011594,-0.11402382272057413,0.01066797917957793
7.335,0.025427648213724705,-0.3037842956453016,-0.006224930028959174,-0.3749067845149736,-0.10332768582386939,0.010696136896704733
7.34,0.023930445790238952,-0.2950887927706214,-0.008051214946988947,-0.36525698360595443,-0.09260508035543477,0.01072260546843462
7.345,0.022476837949662754,-0.28634669195478496,-0.009828962230461667,-0.3555494566945442,-0.08185769964013684,0.010747380715297933
7.3500000000000005,0.021067054233524427,-0.27755937367685013,-0.011557890914549658,-0.3457857368175982,-0.07108724091491578,0.01077045872522106
7.355,0.019701317263016327,-0.2687282255562439,-0.013237727743975946,-0.33596736588525783,-0.060295405060775575,0.010791835854140203
7.36,0.018379842703837777,-0.2598546421336259,-0.014868207216163273,-0.3260958944374651,-0.04948389633419081,0.010811508726584762
7.365,0.017102839232140742,-0.25094002465068443,-0.01644907162315885,-0.31617288139911537,-0.038654422097988056,0.010829474236202757
7.37,0.015870508501576897,-0.2419857808288616,-0.017980071092328277,-0.30619989383388535,-0.027808692551734016,0.01084572954625404
7.375,0.014683045111454173,-0.23299332464705774,-0.019460963625812157,-0.2961785066967761,-0.01694842046167555,0.010860272090058465
7.38,0.01354063657600708,-0.22396407611834526,-0.020891515138739207,-0.2861103025854098,-0.006075320890272351,0.0108730995714032
7.385,0.012443463294787281,-0.2148994610657423,-0.022271499496189808,-0.2759968714901202,0.004808889074624734,0.010884209964897085
7.390000000000001,0.011391698524174054,-0.20580091089704086,-0.023600698548904182,-0.2658398105428746,0.015702490590930818,0.010893601516306084
7.3950000000000005,0.010385508350017702,-0.19666986237879155,-0.02487890216772953,-0.2556407237650692,0.02660376333374012,0.010901272742809304
7.4,0.00942505166141061,-0.18750775740940323,-0.026105908276800708,-0.24540122181423574,0.03751098576699605,0.010907222433255925
7.405,0.00851048012559784,-0.17831604279146113,-0.027281522885449213,-0.23512292172970073,0.048422435415333726,0.010911449648337679
7.41,0.007641938164026928,-0.16909617000325708,-0.028405560118835396,-0.22480744667723646,0.059336389136080914,0.010913953720747188
7.415,0.006819562929542056,-0.15984959496958456,-0.029477842247299123,-0.21445642569274512,0.07025112339136122,0.010914734255280306
7.42,0.006043484284726075,-0.15057777783183104,-0.0304981997144242,-0.20407149342501538,0.08116491452026095,0.01091379112889973
7.425,0.005313824781393383,-0.14128218271740225,-0.03146647116381217,-0.19365428987759314,0.09207603901101569,0.010911124490754737
7.43,0.0046306996412384,-0.13196427750853,-0.0323825034645612,-0.18320646014980632,0.10298277377316437,0.010906734762148679
7.4350000000000005,0.003994216737639655,-0.12262553361046072,-0.03324615173544613,-0.17272965417698508,0.11388339640965792,0.010900622636493551
7.44,0.0034044765786257146,-0.11326742571911144,-0.03405727936779572,-0.16222552646991845,0.12477618548883793,0.01089278907918001
7.445,0.0028615722910046103,-0.10389143158820607,-0.03481575804706366,-0.15169573585358848,0.1356594208162647,0.010883235327426771
7.45,0.0023655896056566372,-0.09449903179590526,-0.035521467773089774,-0.14114194520522289,0.1465313837063673,0.010871962890102616
7.455,0.0019166068439975146,-0.08509170951101636,-0.036174296879048315,-0.13056582119170798,0.1573903572538362,0.010858973547468898
7.46,0.0015146949056100145,-0.07567095025878126,-0.03677414204908033,-0.11996903400640346,0.16823462660474278,0.010844269350906571
7.465,0.001159917257048315,-0.06623824168629483,-0.03732090833460733,-0.10935325710539963,0.1790624792273348,0.010827852622592005
7.47,0.0008523299218158197,-0.056795073327585405,-0.03781450916932363,-0.09872016694325979,0.18987220518246795,0.01080972595513316
7.4750000000000005,0.0005919814715185323,-0.04734293636841084,-0.03825486638286508,-0.08807144270828951,0.2006620973936123,0.010789892211144347
7.48,0.00037891301819475975,-0.03788332341076698,-0.03864191021315195,-0.07740876605737346,0.21143045191643636,0.01076835452282407
7.485,0.00021315820782320525,-0.02841772823719647,-0.038975579317404065,-0.06673382085042286,0.22217556820787104,0.010745116291434681
7.49,9.474321500998472e-05,-0.018947645574911222,-0.03925582078182644,-0.05604829288447501,0.23289574939463512,0.010720181186764072
7.495,2.3686738855166478e-05,-0.009474570859741618,-0.03948259012996388,-0.045353869627486894,0.2435893025412092,0.01069355314657408
