time_s,desired_position_rad,desired_velocity_rad_s,position_rad,velocity_rad_s,velocity_command_rad_s,command_change_rad_s
0.0,0.0,0.0,-2e-05,-0.004,0.0,0.0
0.005,2.3686738855166478e-05,0.009474570859741653,-5.8750000000000005e-05,-0.00775,0.00021843369427583238,0.00021843369427583238
0.01,9.474321501001803e-05,0.018947645574911846,-0.000115078125,-0.011265625,0.0007674660750500901,0.0005490323807742577
0.015,0.00021315820782323857,0.028417728237197685,-0.00018788574218749998,-0.0145615234375,0.0016411816641161928,0.0008737155890661027
0.02,0.00037891301819475975,0.037883323410766105,-0.00027614288330078126,-0.01765142822265625,0.0028339938019112986,0.0011928121377951057
0.025,0.0005919814715185323,0.047342936368410554,-0.00037888395309448246,-0.020548213958740236,0.0043406217740965675,0.0015066279721852689
0.03,0.0008523299218158197,0.0567950733275857,-0.0004952037060260773,-0.02326395058631897,0.0061560693745515115,0.001815447600454944
0.035,0.0011599172570482485,0.06623824168629305,-0.0006241852138699863,-0.025796301568781797,0.008275604815371628,0.002119535440820117
0.04,0.001514694905609948,0.07567095025878008,-0.0007648655443251978,-0.028136066091042303,0.010694400597399671,0.0024187957820280426
0.045,0.0019166068439974814,0.08509170951101575,-0.0009162404848569222,-0.030274988106344897,0.013407361941613398,0.002712961344213727
0.05,0.0023655896056566372,0.09449903179590526,-0.0010772688685423166,-0.03220567673707889,0.0164091504525678,0.003001788510954402
0.055,0.0028615722910046437,0.10389143158820666,-0.0012468765339429687,-0.03392153308013042,0.0196942057977348,0.003285055345167001
0.06,0.0034044765786257814,0.11326742571911258,-0.0014239599485765327,-0.0354166829267128,0.02325676556284375,0.0035625597651089483
0.065,0.003994216737639588,0.1226255336104598,-0.0016073895232906954,-0.03668591494283253,0.027090883431080605,0.0038341178682368554
0.07,0.0046306996412384,0.13196427750852968,-0.0017960127493985355,-0.037724645221568015,0.031190445822645477,0.004099562391564872
0.075,0.005313824781393383,0.14128218271740248,-0.001988657223267881,-0.03852889477386918,0.03554918765395959,0.004358741831314114
0.08,0.006043484284725942,0.15057777783182924,-0.0021841335580039655,-0.039095266947216864,0.040160707539969115,0.004611519886009524
0.085,0.006819562929541956,0.15984959496958334,-0.0023812381825072523,-0.039420924900657385,0.045018482437729615,0.0048577748977605
0.09,0.0076419381640268624,0.16909617000325644,-0.0025787560287406953,-0.03950356924668857,0.05011588173267058,0.005097399294940963
0.095,0.008510480125597807,0.17831604279146107,-0.002775463108512335,-0.039341415954327996,0.05544618077169251,0.005330299039021935
0.1,0.009425051661410676,0.18750775740940376,-0.0029701289814786707,-0.03893317459326715,0.061002573849615056,0.005556393077922543
0.105,0.010385508350017836,0.19666986237879264,-0.0031615191162427483,-0.03827802695281548,0.06677818665748253,0.005775612807867474
0.11,0.01139169852417422,0.2058009108970425,-0.0033483971464778307,-0.037375606047016445,0.07276608820208484,0.0059879015446023115
0.115,0.012443463294787249,0.2148994610657419,-0.0035295270240614297,-0.03622597551671982,0.07895930220632538,0.006193214004240541
0.12,0.013540636576007114,0.22396407611834546,-0.0037036750712545943,-0.03482960943863292,0.08535081800034272,0.006391515794017338
0.125,0.01468304511145394,0.23299332464705594,-0.003869611934007032,-0.03318737255048758,0.09193360091354268,0.0065827829131999555
0.13,0.015870508501576695,0.2419857808288604,-0.004026114438509438,-0.031300500900481164,0.09870060217791865,0.006767001264375974
0.135,0.017102839232140676,0.2509400246506838,-0.00417196735314998,-0.02917058292810843,0.10564476835325057,0.006944166175331917
0.14,0.018379842703837777,0.2598546421336258,-0.004305965058062337,-0.02679954098247135,0.11275905028493878,0.007114281931688213
0.145,0.019701317263016393,0.2687282255562443,-0.004426913124478195,-0.024189613283171554,0.12003641160539366,0.007277361320454881
0.15,0.021067054233524563,0.2775593736768511,-0.0045336298061179545,-0.021343336327951913,0.12746983679001378,0.007433425184620118
0.155,0.022476837949662588,0.28634669195478396,-0.004624947444869747,-0.018263527750358503,0.13505233877890271,0.0075825019888889345
0.16,0.023930445790238886,0.29508879277062106,-0.004699713793018953,-0.014953269629841181,0.14277696617554317,0.007724627396640454
0.165,0.02542764821372474,0.3037842956453018,-0.004756793254298443,-0.011415892255897946,0.15063681003371848,0.007859843858175314
0.17,0.026968208794501302,0.31243182745812087,-0.004795068046033921,-0.007654958347095651,0.15862501024399872,0.007988200210280239
0.17500000000000002,0.028551884260194157,0.32103002266355973,-0.004813439284659247,-0.00367424772506507,0.1667347615311404,0.00810975128714167
0.18,0.030178424530088677,0.3295775235069218,-0.00481082799687361,0.0005222575571273589,0.1749593190737396,0.008224557542599209
0.185,0.03184757275462086,0.3380729802387384,-0.004786176058706168,0.004930387633488318,0.18329200375747234,0.008332684683732744
0.19,0.03355906535593662,0.34651505132790894,-0.004738447064744335,0.009545798792366746,0.19172620707321394,0.0084342033157416
0.195,0.035312632069514016,0.35490240367354486,-0.004666627129769578,0.014363986994951228,0.20025539567129175,0.008529188598077803
0.2,0.037107995986840926,0.3632337128154816,-0.0045697256250294945,0.019380300948016696,0.20887311558305252,0.008617719911760774
0.20500000000000002,0.03894487359914229,0.371507663143426,-0.0044467758513571844,0.024589954734461926,0.21757299612085892,0.008699880537806404
0.21,0.04082297484214942,0.3797229481047065,-0.004296835651328851,0.02998804000566678,0.22634875346753303,0.008775757346674101
0.215,0.0427420031419043,0.3878782704105933,-0.004118987962628077,0.03556953774015463,0.23519419396616575,0.008845440498632728
0.22,0.044701655461592445,0.3959723422411547,-0.003912341314760723,0.04132932957347084,0.2441032171211026,0.008909023154936857
0.225,0.046701622349395476,0.4040038854486192,-0.0036760302712378003,0.04726220870458464,0.253069818320781,0.008966601199678403
0.23,0.04874158798735747,0.41197163175920976,-0.0034092158193153557,0.05336289038448888,0.26208809129297633,0.009018272972195318
0.23500000000000001,0.0508212302412562,0.41987432297341876,-0.003111085709350296,0.05962602199301201,0.2711522303028578,0.009064139009881456
0.24,0.05294022071147176,0.42771071116469284,-0.002780854745799448,0.06604619271016957,0.2802565321041103,0.00910430180125249
0.245,0.055098224784844815,0.43547955887649414,-0.002417765031856101,0.07261794278866933,0.2893953976532213,0.00913886554911103
0.25,0.05729490168751576,0.4431796393177096,-0.002021086169683869,0.07933577243444641,0.2985633335968593,0.009167935943638017
0.255,0.05952990453873701,0.4508097365563754,-0.0015901154181721575,0.08619415030234232,0.30775495354210436,0.009191619945245033
0.26,0.06180288040564938,0.45836864571168673,-0.0011241778101008727,0.09318752161425695,0.31696497911910765,0.009210025577003289
0.265,0.06411347035901432,0.4658551731442623,-0.0006226262305644002,0.1003103159072945,0.326188240845576,0.009223261726468368
0.27,0.066461309529893,0.47326813664463396,-8.484145846642281e-05,0.10755695441959548,0.335419678802287,0.009231437956710997
0.275,0.06884602716726325,0.48060636561993103,0.0004897678271420627,0.1149218571216971,0.34465434312864834,0.00923466432636133
0.28,0.07126724669656563,0.487868701278731,0.0011017650741490365,0.12239944940139473,0.3538873943471178,0.009233051218469457
0.28500000000000003,0.07372458577916886,0.49505399681404566,0.001751685916199982,0.1299841684101891,0.3631141035250991,0.009226709177981296
0.29,0.07621765637274533,0.5021611175844153,0.0024400382615974645,0.1376704690794965,0.37232985228272675,0.009215748757627651
0.295,0.07874606479254782,0.5091889412930821,0.0031673024106718467,0.14545282981487648,0.38153013265475183,0.009200280372025083
0.3,0.08130941177357653,0.5161363581652133,0.003933931200054795,0.15332575787658964,0.39071054681452344,0.00918041415977161
0.305,0.08390729253362791,0.5230022711231477,0.004740350172329011,0.1612837944548433,0.3998668066678656,0.009156259853342175
0.31,0.0865392968372144,0.529785595959637,0.0055869577695695635,0.16932151944811047,0.40899473332442693,0.009127926656561314
0.315,0.08920500906034524,0.536485261509055,0.006474125549334174,0.17743355595292226,0.41809025645387843,0.0090955231294515
0.32,0.09190400825615852,0.543100209816546,0.007402198421701849,0.18561457447353505,0.4271494135341217,0.009059157080243296
0.325,0.09463586822139342,0.5496293963050899,0.008371494906001154,0.19385929685986109,0.4361683489984578,0.009018935464336075
0.33,0.09740015756369265,0.556071789940451,0.009382307405911292,0.20216249998202748,0.44514331328845747,0.008974964289999665
0.335,0.10019643976972453,0.5624263733939918,0.010434902501660754,0.21051901914989238,0.4540706618190662,0.008927348530608725
0.34,0.10302427327411308,0.5686921432033204,0.011529521258089759,0.2189237512858008,0.46294685386226164,0.008876192043195452
0.34500000000000003,0.1058832115291667,0.5748681099307487,0.012666379547383788,0.22737165785880564,0.4717684513553847,0.008821597493123057
0.35000000000000003,0.10877280307539311,0.5809532983195363,0.013845668385326353,0.2358577675885129,0.48053211764004666,0.008763666284661964
0.355,0.11169259161278983,0.586946747447895,0.015067554279959525,0.24437717892663446,0.48923461613731734,0.008702498497270672
0.36,0.1146421160728997,0.5928475108807292,0.016332179591580766,0.2529250623242484,0.4978728089647009,0.00863819282738354
0.365,0.11762091069161838,0.5986546568190889,0.01763966290304414,0.2614966622926745,0.5064436555001881,0.008570846535487231
0.37,0.12062850508274431,0.6043672682473119,0.018990099399373007,0.2700872992657737,0.5149442108985008,0.008500555398312737
0.375,0.12366442431225805,0.6099844430778312,0.02038356125572988,0.27869237127137436,0.5233716245644252,0.008427413665924366
0.38,0.1267281889733197,0.6155052942936243,0.021820098032826963,0.2873073554194164,0.5317231385879491,0.008351514023523854
0.385,0.12981931526197305,0.6209289500882847,0.02329973707889839,0.2959278092142852,0.5399960861457305,0.008272947557781407
0.39,0.1329373150535436,0.6262545540036895,0.02482248393739182,0.3045493716986862,0.548187889873226,0.008191803727495506
0.395,0.13608169597971928,0.6314812650652442,0.02638832275957322,0.31316776443628,0.5562960602116372,0.008108170338411269
0.4,0.13925196150630104,0.6366082579146817,0.027997216721274063,0.3217787923401688,0.5643181937336391,0.008022133522001873
0.405,0.14244761101161127,0.6416347229403976,0.029649108443044987,0.33037834435418484,0.572251971451686,0.00793377771804693
0.41000000000000003,0.14566813986554808,0.6465598664052956,0.03134392041301396,0.33896239399379513,0.5800951571125155,0.007843185660829421
0.41500000000000004,0.1489130395092718,0.6513829105721284,0.033081555411780414,0.3475269997532911,0.5878455954812891,0.007750438368773649
0.42,0.15218179753551253,0.6561030938263115,0.03486189693870935,0.35606830538578704,0.5955012106186606,0.007655615137371452
0.425,0.1554738977694854,0.6607196707961911,0.03668480963902136,0.3645825400624027,0.6030600041538802,0.007558793535219599
0.43,0.15878882035040023,0.6652319124707466,0.03855013973110564,0.373066018416855,0.6105200535568943,0.007460049403014146
0.435,0.1621260418135536,0.66963910631471,0.0404577154335133,0.38151514048153196,0.6178795104122399,0.007359456855345559
0.44,0.16548503517299032,0.6739405563810836,0.04240734739111814,0.3899263915209684,0.625136598697385,0.007257088285145152
0.445,0.1688652700047201,0.6781355834210377,0.04439882909996058,0.39829634176848844,0.6322896130680098,0.007153014370624766
0.45,0.1722662125304782,0.6822235249911728,0.0464319373303187,0.4066216460716242,0.6393369171525881,0.007047304084578321
0.455,0.1756873257020147,0.6862037355581255,0.04850643254757753,0.4148990434517652,0.6462769418584801,0.006940024705891945
0.46,0.1791280692859012,0.6900755866005077,0.050622059330494205,0.4231253565833358,0.6531081836916184,0.006831241833138324
0.465,0.1825878999488393,0.6938384667081556,0.052778546786482416,0.43129749119764227,0.6598292030917254,0.006721019400107053
0.47000000000000003,0.18606627134345965,0.6974917816786798,0.0549756089635643,0.4394124354163762,0.6664386227848862,0.006609419693160756
0.47500000000000003,0.18956263419459662,0.7010349546112955,0.057212945258662315,0.4474672590196033,0.6729351261551617,0.006496503370275519
0.48,0.19307643638602476,0.704467425997923,0.05949024082192689,0.4554591126529149,0.6793174556368122,0.006382329481650517
0.485,0.19660712304764486,0.7077886538115401,0.061807166956818205,0.46338522697826273,0.6855844111285898,0.006266955491777582
0.49,0.200154136643104,0.7109981135917739,0.06416338151568245,0.47124291177284744,0.691734848431429,0.006150437302839151
0.495,0.20371691705783712,0.71409529852772,0.06655852929058384,0.47902955498027733,0.6977676777107733,0.006032829279344343
0.5,0.20729490168751577,0.7170797195379733,0.06899224239917416,0.48674262171806537,0.7036818619846597,0.005914184273886347
0.505,0.21088752552688952,0.7199509053478598,0.07146414066540108,0.4943796532453839,0.7094764156385769,0.005794553653917234
0.51,0.21449422125900716,0.722708402563856,0.07397383199487531,0.5019382658948481,0.7151504029680305,0.005673987329453567
0.515,0.21811441934480247,0.725351775745186,0.07652091274473509,0.5094161499719569,0.7207029367496358,0.005552533781605362
0.52,0.2217475481130309,0.7278806074725811,0.07910496808786346,0.5168110686256739,0.7261331768414792,0.005430240091843341
0.525,0.22539303385054357,0.7302944984141967,0.08172557237133092,0.5241208566934926,0.7314403288134006,0.005307151971921442
0.53,0.22905030089288256,0.7325930673886702,0.08438228946895188,0.5313434195241905,0.7366236426077583,0.005183313794357658
0.535,0.23271877171518565,0.7347759514253149,0.08707467312785858,0.5384767317813397,0.7416824112311688,0.005058768623410592
0.54,0.23639786702338364,0.7368428058214365,0.08980226730901111,0.5455188362305079,0.7466159694776253,0.004933558246456471
0.545,0.24008700584567788,0.738793304196766,0.09256460652157589,0.5524678425129534,0.7514236926833339,0.004807723205708547
0.55,0.24378560562428264,0.7406271385449992,0.09536121615111832,0.5593219259084863,0.7561049955135337,0.004681302830199852
0.555,0.24749308230741718,0.742344019282434,0.09819161278156854,0.5660793260900434,0.7606593307814944,0.004554335267960674
0.56,0.25120885044153496,0.7439436752936992,0.10105530451093055,0.5727383458724006,0.7650861882998321,0.004426857518337712
0.5650000000000001,0.25493232326377285,0.7454258539745668,0.10395179126071716,0.5792973499573236,0.7693850937642116,0.004298905464379499
0.5700000000000001,0.25866291279460857,0.7467903212718413,0.10688056507910387,0.5857547636773425,0.7735556076694571,0.0041705139052454765
0.5750000000000001,0.26240002993070877,0.7480368617203189,0.10984111043780496,0.592109071740217,0.7775973242580245,0.0040417165885674455
0.58,0.26614308453795543,0.7491652784768124,0.11283290452268521,0.5983588169760493,0.7815098705007523,0.0039125462427277435
0.585,0.26989148554463543,0.7501753933512351,0.11585541751812967,0.6045025990888896,0.7852929051097511,0.00378303460899887
0.59,0.273644641034777,0.7510670468347385,0.11890811288520253,0.6105390734145735,0.7889461175832366,0.00365321247348549
0.595,0.2774019583416201,0.7518400981249013,0.12199044763363466,0.6164669496864259,0.7924692272820879,0.003523109698851279
0.6,0.28116284414120596,0.7524944251479632,0.12510187258768649,0.6222849908103654,0.7958619825378566,0.0033927552557686536
0.605,0.2849267045460691,0.7530299245781021,0.12824183264594072,0.6279920116508441,0.7991241597919131,0.003262177254056531
0.61,0.28869294519901956,0.7534465118537504,0.13140976703508553,0.6335868778289633,0.8022555627653942,0.0031314029734811344
0.615,0.2924609713669987,0.7537441211909479,0.1346051095577556,0.6390685045340125,0.805256021659566,0.003000458894171776
0.62,0.2962301880349941,0.7539227055937304,0.13782728883450354,0.644435855349589,0.8081253923861926,0.00286937072662663
0.625,0.29999999999999993,0.7539822368615503,0.1410757285399804,0.6496879410953702,0.8108635558274819,0.0027381634412892986
0.63,0.3037698119650058,0.7539227055937304,0.14434984763340802,0.6548238186855256,0.813470417125127,0.002606861297645091
0.635,0.3075390286330012,0.7537441211909479,0.14764906058343139,0.6598425900046748,0.8159459049979658,0.0024754878728387997
0.64,0.31130705480098037,0.7534465118537504,0.15097277758744249,0.6647434008022198,0.8182899710877449,0.0023440660897791066
0.645,0.3150732954539308,0.7530299245781021,0.15432040478547152,0.669525439605804,0.8205025893324416,0.0022126182446966514
0.65,0.318837155858794,0.7524944251479632,0.15769134446874442,0.6741879366545783,0.8225837553666125,0.002081166034170967
0.655,0.32259804165837974,0.7518400981249013,0.16108499528300885,0.6787301628528848,0.8245334859481767,0.001949730581564113
0.66,0.32635535896522294,0.7510670468347385,0.16450075242673334,0.6831514287449,0.8263518184110705,0.001818332462893868
0.665,0.3301085144553645,0.7501753933512351,0.16793800784428692,0.6874510835107166,0.8280388101431557,0.0016869917320851968
0.67,0.3338569154620445,0.7491652784768124,0.17139615041420833,0.6916285139842808,0.8295945380887879,0.0015557279456321904
0.675,0.33759997006929127,0.7480368617203188,0.17487456613267605,0.6956831436935409,0.8310190982754146,0.0014245601866267332
0.68,0.3413370872053914,0.7467903212718413,0.17837263829229158,0.6996144319231079,0.8323126053635768,0.0012935070881621158
0.685,0.3450676767362271,0.7454258539745668,0.18188974765628996,0.7034218727996747,0.8334751922196777,0.0011625868561009334
0.6900000000000001,0.3487911495584651,0.7439436752936992,0.1854252726282919,0.707104994400387,0.8345070095108755,0.001031817291197834
0.6950000000000001,0.35250691769258286,0.742344019282434,0.18897858941771345,0.71066335788431,0.8354082253214548,0.0009012158105792256
0.7000000000000001,0.35621439437571745,0.7406271385449992,0.1925490722009489,0.7140965566470899,0.83617902479002,0.0007707994685652864
0.705,0.35991299415432204,0.738793304196766,0.19613609327844322,0.7174042154988602,0.8368196097668656,0.000640584976845604
0.71,0.3636021329766163,0.7368428058214365,0.19973902322777026,0.720585989865405,0.8373301984908654,0.0005105887239997831
0.715,0.3672812282848143,0.7347759514253149,0.203357231052833,0.7236415650125471,0.8377110252852202,0.00038082679435480493
0.72,0.37094969910711734,0.7325930673886702,0.20699008432930144,0.7265706552936926,0.8379623402714218,0.00025131498620156734
0.725,0.3746069661494564,0.7302944984141967,0.2106369493464036,0.7293730034204278,0.8380844091007746,0.00012206882935283936
0.73,0.37825245188696904,0.7278806074725811,0.21429719124518373,0.7320483797560273,0.8380775127028273,-6.896397947375732e-06
0.735,0.3818855806551975,0.725351775745186,0.21797017415334224,0.7345965816317047,0.8379419470500689,-0.00013556565275840704
0.74,0.38550577874099284,0.722708402563856,0.22165526131676924,0.7370174326854022,0.837678022938253,-0.00026392411181586084
0.745,0.38911247447311037,0.7199509053478599,0.2253518152278837,0.7393107822228908,0.8372860657817056,-0.0003919571565473845
0.75,0.39270509831248424,0.7170797195379734,0.22905919775088832,0.741476504600924,0.8367664154230027,-0.0005196503587029389
0.755,0.39628308294216286,0.71409529852772,0.23277677024404914,0.7435144986321647,0.8361194259563727,-0.0006469894666299991
0.76,0.3998458633568959,0.710998113591774,0.23650389367910704,0.745424687011581,0.835345465564234,-0.0007739603921387284
0.765,0.40339287695235515,0.7077886538115401,0.24023992875792696,0.7472070157639865,0.8344449163662405,-0.0009005491979934277
0.77,0.4069235636139752,0.7044674259979231,0.24398423602648886,0.7488614537123782,0.8334181742802411,-0.0010267420859993992
0.775,0.41043736580540335,0.7010349546112954,0.24773617598632242,0.7503879919667111,0.8322656488945724,-0.001152525385668679
0.78,0.41393372865654027,0.6974917816786798,0.25149510920348606,0.7517866434327294,0.8309877633510893,-0.0012778855434831815
0.785,0.41741210005116075,0.6938384667081556,0.25526039641518833,0.7530574423404571,0.8295849542383735,-0.0014028091127157305
0.79,0.4208719307140988,0.6900755866005077,0.25903139863414804,0.7542004437919432,0.8280576714945522,-0.001527282743821301
0.795,0.4243126742979852,0.6862037355581255,0.26280747725078724,0.7552157233278367,0.8264063783191857,-0.0016512931753664972
0.8,0.4277337874695218,0.6822235249911727,0.26658799413334905,0.756103376512362,0.8246315510936728,-0.0017748272255129205
0.805,0.4311347299952799,0.6781355834210377,0.2703723117260303,0.7568635185362502,0.8227336793096542,-0.0018978717840185677
0.81,0.43451496482700963,0.6739405563810837,0.2741597931452162,0.7574962838371777,0.8207132655048965,-0.0020204138047577036
0.8150000000000001,0.4378739581864463,0.6696391063147101,0.2779498022739025,0.7580018257372525,0.8185708252061505,-0.0021424402987459956
0.8200000000000001,0.44121117964959977,0.6652319124707466,0.2817417038543879,0.7583803160970838,0.8163068868784864,-0.002263938327664139
0.8250000000000001,0.44452610223051464,0.6607196707961911,0.28553486357931773,0.7586319449859652,0.8139219918806337,-0.00238489499785266
0.8300000000000001,0.4478182024644875,0.6561030938263114,0.2893286481811562,0.7587569203676969,0.8114166944258489,-0.002505297454784894
0.835,0.45108696049072816,0.6513829105721284,0.29312242552016404,0.7587554678015692,0.8087915615478597,-0.002625132877989156
0.84,0.4543318601344519,0.6465598664052955,0.2969155646709542,0.7586278301580271,0.8060471730714394,-0.002744388476420334
0.845,0.45755238898838857,0.6416347229403977,0.3007074360076969,0.7583742673485349,0.8031841215871718,-0.002863051484267576
0.85,0.46074803849369894,0.6366082579146818,0.3044974112880427,0.7579950560691568,0.8002030124300102,-0.0029811091571615433
0.855,0.4639183040202807,0.6314812650652442,0.3082848637358296,0.7574904895573742,0.7971044636611901,-0.0030985487688200974
0.86,0.4670626849464564,0.6262545540036895,0.31206916812263785,0.7568608773616539,0.7938891060531341,-0.0032153576080560242
0.865,0.4701806847380268,0.6209289500882849,0.3158497008482543,0.7561065451232917,0.7905575830769449,-0.0033315229761892162
0.87,0.47327181102668026,0.6155052942936243,0.3196258400201046,0.7552278343700509,0.7871105508921297,-0.003447032184815235
0.875,0.4763355756877419,0.6099844430778312,0.32339696553171016,0.7542251023211209,0.7835486783381864,-0.003561872553943246
0.88,0.47937149491725567,0.6043672682473119,0.3271624591402248,0.7530987217029266,0.7798726469277275,-0.003676031410458913
0.885,0.48237908930838164,0.5986546568190889,0.3309217045431014,0.7518490805753181,0.7760831508407842,-0.0037894960869433447
0.89,0.4853578839271002,0.5928475108807293,0.3346740874539398,0.7504765821676815,0.7721808969199941,-0.003902253920790022
0.895,0.4883074083872101,0.5869467474478951,0.33841899567756234,0.7489816447245105,0.7681666046663516,-0.004014292253642582
0.9,0.4912271969246069,0.5809532983195363,0.3421558191843623,0.7473647013599867,0.764041006235223,-0.004125598431128585
0.905,0.4941167884708333,0.5748681099307485,0.3458839501839679,0.7456261999211241,0.759804846432355,-0.004236159802867956
0.91,0.4969757267258869,0.5686921432033205,0.3496027831982631,0.7437666028590368,0.7554588827095952,-0.00434596372275986
0.915,0.4998035602302755,0.5624263733939919,0.3533117151338026,0.741786387107896,0.751003885160062,-0.004454997549533157
0.92,0.5025998424363073,0.556071789940451,0.3570101453536584,0.7396860439711521,0.7464406365125233,-0.0045632486475386536
0.925,0.5053641317786066,0.5496293963050899,0.3606974757487314,0.737466079014602,0.7417699321247412,-0.004670704387782165
0.93,0.5080959917438416,0.543100209816546,0.36437311080856083,0.7351270119658908,0.7369925799755508,-0.004777352149190395
0.935,0.5107949909396547,0.5364852615090551,0.36803645769166105,0.7326693766200448,0.7321094006554696,-0.004883179320081199
0.9400000000000001,0.5134607031627856,0.529785595959637,0.3716869262954143,0.7300937207506417,0.7271212273556227,-0.00498817329984691
0.9450000000000001,0.516092707466372,0.5230022711231477,0.3753239293255454,0.7274006060262305,0.7220289058547888,-0.00509232150083383
0.9500000000000001,0.5186905882264236,0.5161363581652132,0.3789468823652035,0.7245906079316238,0.7168332945043907,-0.005195611350398144
0.9550000000000001,0.5212539352074522,0.509188941293082,0.382555203943672,0.7216643156936936,0.7115352642112436,-0.005298030293147127
0.96,0.5237823436272546,0.5021611175844154,0.3861483156047285,0.7186223322113097,0.7061356984179132,-0.005399565793330341
0.965,0.5262754142208311,0.4950539968140456,0.38972564197467385,0.7154652739890697,0.7006354930805131,-0.005500205337400144
0.97,0.5287327533034343,0.48786870127873116,0.39328661083004623,0.7121937710744792,0.6950355566438021,-0.005599936436710973
0.975,0.5311539728327367,0.4806063656199311,0.39683065316503746,0.7088084669982486,0.6893368100134523,-0.00569874663034986
0.98,0.5335386904701069,0.47326813664463396,0.4003572032586244,0.7053100187173825,0.6835401865253474,-0.005796623488104835
0.985,0.5358865296409856,0.4658551731442623,0.40386569874142814,0.7016990965607488,0.677646631911806,-0.005893554613541463
0.99,0.5381971195943506,0.4583686457116869,0.40735558066231226,0.6979763841768216,0.6716571042646122,-0.0059895276471937375
0.995,0.5404700954612629,0.4508097365563756,0.41082629355472877,0.6941425784833023,0.6655725739947532,-0.006084530269859001
1.0,0.5427050983124843,0.44317963931770965,0.41427728550282045,0.6901983896183336,0.6593940237887774,-0.006178550205975797
1.0050000000000001,0.5449017752151551,0.43547955887649414,0.4177080082072856,0.6861445408930285,0.6531224485616736,-0.006271575227103865
1.01,0.5470597792885282,0.4277107111646928,0.4211179170510108,0.6819817687450483,0.6467588554062131,-0.006363593155460423
1.0150000000000001,0.5491787697587438,0.4198743229734187,0.42450647116447565,0.6777108226929707,0.6403042635386649,-0.006454591867548265
1.02,0.5512584120126425,0.4119716317592098,0.42787313349093165,0.6733324652911983,0.633759704240834,-0.006544559297830821
1.025,0.5532983776506044,0.4040038854486195,0.4312173708513575,0.6688474720851705,0.6271262207983639,-0.006633483442470167
1.03,0.5552983445384075,0.39597234224115463,0.43453865400919073,0.6642566315666459,0.6204048684352503,-0.006721352363113553
1.035,0.5572579968580956,0.3878782704105935,0.4378364577348349,0.6595607451288351,0.6135967142445244,-0.00680815419072589
1.04,0.5591770251578505,0.3797229481047066,0.44111026086994076,0.6547606270211712,0.6067028371150779,-0.006893877129446557
1.045,0.5610551264008576,0.3715076631434263,0.44435954639145836,0.6498571043035146,0.5997243276545844,-0.006978509460493498
1.05,0.562892004013159,0.36323371281548156,0.44758380147545634,0.6448510167995971,0.5926622881085031,-0.007062039546081311
1.055,0.5646873679304859,0.35490240367354503,0.4507825175607039,0.6397432170495201,0.5855178322751478,-0.007144455833355323
1.06,0.5664409346440633,0.34651505132790905,0.45395519041200955,0.6345345702611283,0.578292085416797,-0.007225746858350757
1.065,0.5681524272453791,0.33807298023873844,0.45710132018331,0.6292259542600905,0.5709861841668475,-0.0073059012499494536
1.07,0.5698215754699113,0.3295775235069218,0.46022041148050263,0.6238182594385272,0.5636012764330065,-0.00738490773384104
1.075,0.5714481157398058,0.32103002266355984,0.4633119734240128,0.6183123887020308,0.5561385212965159,-0.00746275513649064
1.08,0.5730317912054986,0.3124318274581207,0.4663755197110875,0.6127092574149353,0.548599088907429,-0.007539432389086831
1.085,0.5745723517862752,0.30378429564530185,0.46941056867780595,0.6070097933436986,0.5409841603759385,-0.0076149285314904835
1.09,0.5760695542097611,0.295088792770621,0.4724166433607973,0.6012149365982673,0.5332949276597759,-0.0076892327161626195
1.095,0.5775231620503374,0.2863466919547842,0.47539327155865385,0.5953256395713036,0.5255325934477004,-0.007762334212075506
1.1,0.5789329457664754,0.27755937367685096,0.4783399858930297,0.58934286687516,0.5176983710391075,-0.007834222408592884
1.105,0.5802986827369836,0.2687282255562444,0.48125632386941214,0.5832675952764947,0.5097934842197696,-0.007904886819337986
1.11,0.5816201572961622,0.2598546421336258,0.4841418279375543,0.5771008136284281,0.5018191671337504,-0.007974317086019145
1.115,0.5828971607678592,0.25094002465068405,0.486996045551555,0.5708435228001475,0.4937766641515248,-0.008042502982225586
1.12,0.5841294914984233,0.24198578082886024,0.48981852922957436,0.5644967356038743,0.48566722973434145,-0.00810943441718337
1.125,0.5853169548885461,0.23299332464705602,0.49260883661316995,0.5580614767191134,0.47749212829485854,-0.008175101439482912
1.1300000000000001,0.5864593634239929,0.22396407611834546,0.4953665305262405,0.551538782614113,0.4692526340541145,-0.00823949424074405
1.135,0.5875565367052128,0.21489946106574187,0.49809117903356287,0.5449297014644666,0.46095003089486136,-0.00830260315925313
1.1400000000000001,0.5886083014758258,0.2058009108970424,0.5007823554989068,0.5382352930687968,0.4525856122113145,-0.00836441868354687
1.145,0.5896144916499821,0.19666986237879272,0.5034396386427141,0.5314566287614673,0.4441606807553766,-0.008424931455937867
1.1500000000000001,0.5905749483385893,0.18750775740940345,0.5060626125993255,0.5245947913222719,0.43567654847937565,-0.008484132276000977
1.155,0.5914895198744021,0.178316042791461,0.5086508669737408,0.5176508748830586,0.4271345363753831,-0.008542012103992525
1.16,0.5923580618359732,0.16909617000325666,0.5112039968978971,0.5106259848312495,0.41853597431116163,-0.008598562064221493
1.165,0.593180437070458,0.15984959496958345,0.5137216030864482,0.5035212377102253,0.40988220086280447,-0.00865377344835716
1.17,0.5939565157152741,0.1505777778318296,0.516203291892031,0.4963377611165434,0.40117456314412936,-0.00870763771867511
1.175,0.5946861752186067,0.14128218271740245,0.5186486753600008,0.48907669359397044,0.39241441663287857,-0.008760146511250788
1.18,0.5953693003587616,0.13196427750852988,0.5210573712826223,0.48173918452430825,0.3836031249938038,-0.008811291639074792
1.185,0.5960057832623603,0.12262553361045994,0.5234290032526973,0.47432639401500043,0.37474205989869,-0.008861065095113752
1.19,0.5965955234213741,0.11326742571911264,0.5257632007166148,0.4668394927835105,0.3658326008433843,-0.008909459055305713
1.195,0.5971384277089953,0.10389143158820661,0.5280595990268071,0.4592796620384664,0.3568761349619026,-0.00895646588148169
1.2,0.5976344103943433,0.09449903179590546,0.5303178394935949,0.45164809335757033,0.3478740568376809,-0.009002078124221713
1.205,0.5980833931560025,0.08509170951101556,0.5325375694364063,0.44394598856227707,0.33882776831203776,-0.009046288525643154
1.21,0.59848530509439,0.07567095025878014,0.5347184422343525,0.4361745595892475,0.32973867828991865,-0.009089090022119106
1.215,0.5988400827429518,0.06623824168629304,0.5368601173761455,0.42833502835858767,0.32060820254299627,-0.009130475746922384
1.22,0.5991476700781841,0.056795073327585946,0.5389622605093399,0.42042862663888747,0.31143776351019337,-0.009170439032802902
1.225,0.5994080185284815,0.04734293636841038,0.5410245434888853,0.4124565959090759,0.3022287900957077,-0.009208973414485677
1.23,0.5996210869818053,0.03788332341076619,0.5430466444249709,0.4044201872171137,0.2929827174645999,-0.009246072631107771
1.235,0.5997868417921768,0.028417728237197678,0.5450282477301486,0.3963206610355465,0.2837009868360296,-0.009281730628570295
1.24,0.59990525678499,0.018947645574912096,0.5469690441657183,0.38815928711394476,0.27438504527420693,-0.009315941561822694
1.245,0.5999763132611449,0.009474570859741491,0.5488687308873597,0.3799373443282605,0.2650363454771326,-0.009348699797074311
1.25,0.6,9.233619329864591e-17,0.5507270114899954,0.37165612052713126,0.2556563455632016,-0.009379999913931014
1.2550000000000001,0.5999763132611449,-0.009474570859741642,0.5525435960518712,0.3633169123751673,0.2462465088557475,-0.0094098367074541
1.26,0.59990525678499,-0.018947645574911912,0.5543182011778375,0.3549210251932568,0.2368083036655938,-0.009438205190153703
1.2650000000000001,0.5997868417921768,-0.02841772823719783,0.5560505500418171,0.3464697727959301,0.22734320307169653,-0.009465100593897269
1.27,0.5996210869818053,-0.037883323410766,0.5577403724284462,0.3379644773258224,0.21785268469994068,-0.009490518371755852
1.2750000000000001,0.5994080185284815,-0.04734293636841087,0.5593874047738726,0.3294064690852793,0.2083382305001763,-0.009514454199764377
1.28,0.5991476700781841,-0.05679507332758576,0.5609913902056983,0.3207970863651495,0.1988013265215577,-0.009536903978618616
1.285,0.5988400827429518,-0.06623824168629286,0.5625520785820524,0.3121376752708119,0.18924346268626713,-0.009557863835290559
1.29,0.59848530509439,-0.07567095025877996,0.5640692265297798,0.30342958954548577,0.17966613256168829,-0.009577330124578842
1.295,0.5980833931560025,-0.08509170951101538,0.5655425974817341,0.29467419039087395,0.17007083313111349,-0.0095952994305748
1.3,0.5976344103943434,-0.09449903179590528,0.56697196171316,0.2858728462851906,0.1604590645630466,-0.009611768568066892
1.305,0.5971384277089954,-0.10389143158820642,0.5683570963771531,0.2770269327986272,0.15083232997917695,-0.009626734583869645
1.31,0.5965955234213741,-0.11326742571911244,0.5696977855391847,0.2681378324063104,0.14119213522110485,-0.009640194758072096
1.315,0.5960057832623603,-0.12262553361045976,0.5709938202106788,0.2592069342988077,0.131539988615878,-0.009652146605226841
1.32,0.5953693003587616,-0.1319642775085297,0.57224499838163,0.25023563419023775,0.12187740074041387,-0.009662587875464146
1.325,0.5946861752186067,-0.14128218271740225,0.5734511250522503,0.24122533412404248,0.11220588418488331,-0.009671516555530557
1.33,0.5939565157152741,-0.1505777778318294,0.5746120122636327,0.23217744227648024,0.10252695331511907,-0.009678930869764235
1.335,0.593180437070458,-0.15984959496958326,0.5757274791274222,0.22309337275789878,0.0928421240341265,-0.009684829280992568
1.34,0.5923580618359732,-0.16909617000325647,0.5767973518544814,0.21397454541184915,0.083152913542755,-0.009689210491371503
1.345,0.5914895198744021,-0.17831604279146082,0.577821463782542,0.20482238561210095,0.07346084009960341,-0.009692073443151594
1.35,0.5905749483385893,-0.18750775740940392,0.5787996554028301,0.1956383240576205,0.0637674227802365,-0.009693417319366904
1.355,0.5896144916499821,-0.19666986237879255,0.5797317743856579,0.18642379656557442,0.054074181235760355,-0.00969324154447615
1.36,0.5886083014758258,-0.2058009108970425,0.58061767560497,0.17718024386242096,0.0443826354508392,-0.009691545784921152
1.365,0.5875565367052128,-0.21489946106574165,0.5814572211618357,0.16790911137315256,0.034694305501213885,-0.009688329949625318
1.37,0.5864593634239929,-0.2239640761183456,0.5822502804068795,0.15861184900875272,0.025010711310785583,-0.009683594190428302
1.375,0.5853169548885461,-0.23299332464705585,0.5829967299616392,0.1492899109519309,0.015333372408332657,-0.009677338902452925
1.3800000000000001,0.5841294914984233,-0.2419857808288604,0.5836964537388452,0.1399447554412,0.0056638076839204965,-0.00966956472441216
1.385,0.5828971607678592,-0.2509400246506839,0.584349342961612,0.13057784455336002,-0.003996464854929549,-0.009660272538850045
1.3900000000000001,0.5816201572961622,-0.2598546421336259,0.5849552961815343,0.12119064398445248,-0.013645928327248869,-0.00964946347231932
1.395,0.5802986827369836,-0.26872822555624426,0.5855142192956806,0.11178462282925007,-0.02328306722275353,-0.00963713889550466
1.4000000000000001,0.5789329457664754,-0.27755937367685135,0.5860260255624773,0.10236125335934604,-0.03290636764602617,-0.00962330042327264
1.405,0.5775231620503374,-0.286346691954784,0.5864906356164769,0.0929220107999077,-0.042514317560699566,-0.009607949914673397
1.41,0.5760695542097611,-0.29508879277062083,0.5869079774820026,0.08346837310515849,-0.05210540703357858,-0.00959108947287901
1.415,0.5745723517862752,-0.3037842956453017,0.5872779865856659,0.07400182073265299,-0.061678128478637184,-0.009572721445058607
1.42,0.5730317912054987,-0.31243182745812054,0.587600605767748,0.06452383641640913,-0.07123097690083569,-0.009552848422198501
1.425,0.5714481157398058,-0.3210300226635597,0.5878757852924428,0.05503590493896146,-0.08076245013971084,-0.009531473238875154
1.43,0.5698215754699113,-0.32957752350692165,0.5881034828569548,0.045539512902399736,-0.09027104911265738,-0.009508598972946536
1.435,0.5681524272453792,-0.3380729802387383,0.5882836635994471,0.03603614849845603,-0.0997552780578781,-0.009484228945220718
1.44,0.5664409346440633,-0.34651505132790883,0.5884163001058356,0.026527301277703867,-0.10921364477691875,-0.009458366719040656
1.445,0.564687367930486,-0.35490240367354486,0.5885013724154252,0.01701446191793255,-0.11864466087674774,-0.009431016099828993
1.45,0.5628920040131591,-0.3632337128154814,0.588538868025384,0.0074991219917595366,-0.12804684201133065,-0.00940218113458291
1.455,0.5610551264008576,-0.37150766314342615,0.5885287818940518,-0.002017226266457362,-0.1374187081226319,-0.009371866111301252
1.46,0.5591770251578506,-0.3797229481047065,0.58847111644308,-0.011533090194344862,-0.1467587836810058,-0.009340075558373906
1.465,0.5572579968580956,-0.3878782704105933,0.588365881558401,-0.02104697693581569,-0.15606559792492203,-0.009306814243916217
1.47,0.5552983445384077,-0.39597234224115446,0.5882130945900216,-0.03055739367588463,-0.1653376850999666,-0.009272087175044574
1.475,0.5532983776506044,-0.4040038854486193,0.5880127803506419,-0.04006284787593858,-0.17457358469708584,-0.009235899597119235
1.48,0.5512584120126426,-0.41197163175920964,0.5877649711130949,-0.04956184750940058,-0.18377184168999638,-0.009198256992910547
1.485,0.5491787697587438,-0.41987432297341876,0.5874697066066062,-0.05905290129772754,-0.19293100677175545,-0.009159165081759069
1.49,0.5470597792885283,-0.4277107111646926,0.5871270340118728,-0.06853451894668243,-0.20204963659038955,-0.009118629818634094
1.495,0.5449017752151551,-0.4354795588764942,0.5867370079549588,-0.0780052113828224,-0.2111262939835884,-0.00907665739319885
1.5,0.5427050983124843,-0.4431796393177095,0.5862996905000081,-0.08746349099014392,-0.2201595482123725,-0.009033254228784093
1.5050000000000001,0.540470095461263,-0.4508097365563754,0.585815151140774,-0.09690787184682778,-0.22914797519372532,-0.008988426981352826
1.51,0.5381971195943506,-0.45836864571168684,0.5852834667909639,-0.10633686996202582,-0.23809015773211706,-0.00894218253839174
1.5150000000000001,0.5358865296409856,-0.4658551731442624,0.5847047217734007,-0.11574900351263392,-0.2469846857498914,-0.00889452801777435
1.52,0.533538690470107,-0.4732681366446338,0.5840790078080007,-0.12514279307999365,-0.25583015651646834,-0.008845470766576935
1.5250000000000001,0.5311539728327367,-0.4806063656199312,0.5834064239985683,-0.13451676188646833,-0.2646251748763201,-0.008795018359851747
1.53,0.5287327533034344,-0.487868701278731,0.5826870768184091,-0.14386943603183733,-0.2733683534756698,-0.008743178599349699
1.5350000000000001,0.526275414220831,-0.49505399681404566,0.5819210800947618,-0.15319934472945532,-0.28205831298789064,-0.008689959512220846
1.54,0.5237823436272546,-0.5021611175844152,0.5811085549920513,-0.16250502054212168,-0.2906936823375361,-0.008635369349645483
1.545,0.5212539352074522,-0.5091889412930819,0.5802496299939632,-0.1717849996176073,-0.29927309892299525,-0.008579416585459132
1.55,0.5186905882264234,-0.5161363581652133,0.5793444408843443,-0.18103782192378612,-0.30779520883769895,-0.008522109914703702
1.555,0.5160927074663721,-0.5230022711231475,0.5783931307269278,-0.1902620314833195,-0.31625866708986095,-0.008463458252161993
1.56,0.5134607031627857,-0.529785595959637,0.5773958498438886,-0.19945617660784137,-0.3246621378207104,-0.00840347073084946
1.565,0.5107949909396547,-0.5364852615090548,0.5763527557932306,-0.20861881013159445,-0.3330042945211692,-0.008342156700458792
1.57,0.5080959917438415,-0.543100209816546,0.5752640133450083,-0.2177484896444658,-0.3412838202469459,-0.008279525725776726
1.575,0.5053641317786066,-0.5496293963050898,0.5741297944563865,-0.2268437777243739,-0.3494994078320085,-0.008215587585062578
1.58,0.5025998424363073,-0.5560717899404511,0.5729502782455417,-0.2359032421689567,-0.35764976010039584,-0.00815035226838734
1.585,0.4998035602302755,-0.5624263733939917,0.5717256509644091,-0.2449254562265132,-0.3657335900763309,-0.008083829975935042
1.59,0.4969757267258869,-0.5686921432033204,0.5704561059702783,-0.25390899882615053,-0.37374962119261085,-0.008016031116279965
1.595,0.49411678847083323,-0.5748681099307487,0.5691418436962429,-0.2628524548070892,-0.3816965874972253,-0.007946966304614445
1.6,0.4912271969246068,-0.5809532983195365,0.5677830716205075,-0.2717544151470802,-0.3895732338581803,-0.00787664636095503
1.605,0.48830740838721026,-0.5869467474478948,0.566380004234558,-0.2806134771898882,-0.39737831616648595,-0.007805082308305622
1.61,0.48535788392710016,-0.5928475108807294,0.5649328630101991,-0.28942824487179497,-0.40511060153728934,-0.007732285370803393
1.615,0.4823790893083817,-0.5986546568190888,0.5634418763654637,-0.29819732894707845,-0.4127688685090869,-0.007658266971797556
1.62,0.4793714949172557,-0.6043672682473118,0.5619072796294016,-0.30691934721242425,-0.42035190724104,-0.007583038731953096
1.625,0.476335575687742,-0.6099844430778311,0.5603293150057505,-0.3155929247302243,-0.4278585197082979,-0.007506612467257923
1.6300000000000001,0.47327181102668026,-0.6155052942936243,0.5587082315354969,-0.32421669405072157,-0.43528751989535097,-0.007429000187053059
1.635,0.4701806847380269,-0.6209289500882847,0.557044285058332,-0.3327892954329568,-0.44263773398734996,-0.0073502140919989856
1.6400000000000001,0.4670626849464563,-0.6262545540036896,0.5553377381730097,-0.3413093770644776,-0.44990800055937863,-0.007270266572028672
1.645,0.46391830402028067,-0.6314812650652442,0.5535888601966109,-0.3497755952797657,-0.4570971707636451,-0.00718917020426646
1.6500000000000001,0.4607480384936989,-0.6366082579146819,0.5517979271227241,-0.35818661477734537,-0.4642041085145601,-0.007106937750915032
1.655,0.4575523889883888,-0.6416347229403975,0.5499652215785464,-0.3665411088355299,-0.4712276906716767,-0.00702358215711657
1.6600000000000001,0.45433186013445176,-0.6465598664052957,0.5480910327809126,-0.37483775952676873,-0.4781668072204734,-0.006939116548796698
1.665,0.45108696049072833,-0.6513829105721283,0.5461756564912599,-0.3830752579305551,-0.4850203614509216,-0.0068535542304482
1.67,0.4478182024644875,-0.6561030938263114,0.5442193949695356,-0.3912523043448565,-0.49178727013386186,-0.006766908682940276
1.675,0.44452610223051453,-0.6607196707961911,0.5422225569270555,-0.3993676084960308,-0.49846646369510555,-0.00667919356124369
1.68,0.4412111796495997,-0.6652319124707466,0.5401854574783195,-0.4074198897471889,-0.5050568863872786,-0.006590422692173081
1.685,0.43787395818644625,-0.6696391063147101,0.5381084180917947,-0.41540787730496936,-0.5115574964593661,-0.006500610072087465
1.69,0.4345149648270098,-0.6739405563810834,0.5359917665396712,-0.4233303104246884,-0.5179672663239243,-0.006409769864558212
1.695,0.43113472999527996,-0.6781355834210376,0.5338358368466021,-0.431185938613828,-0.5242851827219561,-0.006317916398031809
1.7,0.42773378746952184,-0.6822235249911726,0.5316409692374329,-0.4389735218338301,-0.5305102468854012,-0.006225064163445038
1.705,0.4243126742979853,-0.6862037355581254,0.529407510083932,-0.44669183070015983,-0.5366414746972379,-0.006131227811836726
1.71,0.4208719307140988,-0.6900755866005077,0.527135811850529,-0.4543396466806048,-0.5426778968491663,-0.0060364221519284555
1.715,0.41741210005116075,-0.6938384667081556,0.5248262330390702,-0.4619157622917774,-0.5486185589968415,-0.005940662147675191
1.72,0.41393372865654027,-0.6974917816786798,0.5224791381326013,-0.46941898129378656,-0.5544625219126496,-0.005843962915808021
1.725,0.41043736580540335,-0.7010349546112955,0.520094897538186,-0.4768481188830472,-0.5602088616359896,-0.005746339723340044
1.73,0.40692356361397536,-0.7044674259979229,0.5176738875287701,-0.4842020018831943,-0.5658566696210534,-0.005647807985063813
1.735,0.403392876952355,-0.7077886538115402,0.5152164901840998,-0.491479468934072,-0.5714050528820755,-0.005548383261022138
1.74,0.39984586335689604,-0.7109981135917739,0.512723093330706,-0.4986793706787654,-0.5768531341360186,-0.005448081253943027
1.745,0.3962830829421629,-0.71409529852772,0.5101940904809628,-0.5058005699486452,-0.5822000519427153,-0.005346917806696716
1.75,0.39270509831248424,-0.7170797195379733,0.5076298807712308,-0.5128419419463954,-0.5874449608423926,-0.005244908899677325
1.7550000000000001,0.38911247447311054,-0.7199509053478598,0.5050308688990959,-0.5198023744269951,-0.5925870314906014,-0.0051420706482088185
1.76,0.38550577874099284,-0.722708402563856,0.5023974650597127,-0.5266807678766237,-0.5976254507905152,-0.005038419299913777
1.7650000000000001,0.3818855806551975,-0.725351775745186,0.4997300848812654,-0.5334760356894644,-0.6025594220225761,-0.004933971232060852
1.77,0.37825245188696904,-0.7278806074725812,0.49702914935955356,-0.540187104342374,-0.6073881649714818,-0.004828742948905784
1.7750000000000001,0.3746069661494563,-0.7302944984141967,0.4942950847917166,-0.5468129135673954,-0.6121109160504862,-0.004722751079004328
1.78,0.3709496991071175,-0.7325930673886702,0.4915283227091062,-0.5533524165220827,-0.6167269284229954,-0.004616012372509193
1.7850000000000001,0.3672812282848142,-0.7347759514253149,0.4887292998093181,-0.5598045799576151,-0.6212354721214599,-0.00450854369846454
1.79,0.3636021329766164,-0.7368428058214364,0.4858984578873948,-0.5661683843846714,-0.6256358341635084,-0.004400362042048522
1.795,0.35991299415432215,-0.738793304196766,0.48303624376620957,-0.5724428242370405,-0.6299273186653631,-0.004291484501854681
1.8,0.3562143943757174,-0.7406271385449992,0.48014310922604486,-0.5786269080329431,-0.634109246952461,-0.004181928287097847
1.805,0.35250691769258274,-0.742344019282434,0.47721951093337467,-0.5847196585340396,-0.6381809576673105,-0.004071710714849575
1.81,0.348791149558465,-0.7439436752936992,0.4742659103688642,-0.5907201129020994,-0.6421418068745482,-0.0039608492072377155
1.815,0.34506767673622724,-0.7454258539745668,0.47128277375459765,-0.5966273228533094,-0.6459911681631847,-0.0038493612886364437
1.82,0.3413370872053915,-0.7467903212718413,0.46827057198054667,-0.6024403548101969,-0.6497284327460306,-0.003737264582845956
1.825,0.3375999700692914,-0.7480368617203188,0.46522978053029096,-0.6081582900511447,-0.6533530095562765,-0.003624576810245861
1.83,0.33385691546204455,-0.7491652784768124,0.4621608794060036,-0.613780224857477,-0.6568643253412321,-0.00351131578495556
1.835,0.3301085144553645,-0.7501753933512351,0.45906435305271315,-0.6193052706580916,-0.6602618247531955,-0.003397499411963434
1.84,0.32635535896522294,-0.7510670468347385,0.455940690281855,-0.6247325541716201,-0.663544970437451,-0.003283145684255473
1.845,0.32259804165837974,-0.7518400981249013,0.45279038419412454,-0.6300612175460929,-0.6667132431173763,-0.0031682726799253658
1.85,0.31883715585879396,-0.7524944251479632,0.4496139321016441,-0.635290418496089,-0.6697661416766529,-0.0030528985592765956
1.855,0.3150732954539311,-0.7530299245781021,0.44641183544945734,-0.6404193304373508,-0.6727031832385649,-0.0029370415619119905
1.86,0.3113070548009802,-0.7534465118537506,0.44318459973636315,-0.6454471426188434,-0.6755239032423856,-0.0028207200038207203
1.865,0.3075390286330013,-0.7537441211909479,0.43993273443510195,-0.6503730602522404,-0.6782278555168092,-0.002703952274423549
1.87,0.30376981196500585,-0.7539227055937304,0.43665675291190786,-0.6551963046388161,-0.6808146123504805,-0.0025867568336712665
1.875,0.30000000000000004,-0.7539822368615503,0.43335717234543925,-0.6599161132937261,-0.6832837645595391,-0.0024691522090586338
1.8800000000000001,0.29623018803499424,-0.7539227055937304,0.4300345136451009,-0.664531740067659,-0.685634921552225,-0.0023511569926859544
1.885,0.2924609713669987,-0.7537441211909479,0.4266893013687717,-0.6690424552658406,-0.687867711390511,-0.002232789838285898
1.8900000000000001,0.2886929451990196,-0.7534465118537504,0.42332206363994984,-0.6734475457643747,-0.6899817808487605,-0.0021140694582495456
1.895,0.28492670454606905,-0.7530299245781021,0.4199333320643303,-0.6777463151239018,-0.6919767954694039,-0.0019950146206434427
1.9000000000000001,0.2811628441412059,-0.7524944251479632,0.4165236416458275,-0.681938083700563,-0.693852439615622,-0.0018756441462181028
1.905,0.2774019583416203,-0.7518400981249013,0.41309353070205623,-0.686022188754249,-0.6956084165210361,-0.0017559769054140695
1.9100000000000001,0.27364464103477687,-0.7510670468347383,0.4096435407792856,-0.6899979845541225,-0.6972444483363969,-0.0016360318153607611
1.915,0.2698914855446356,-0.7501753933512351,0.40617421656687863,-0.6938648424813968,-0.6987602761732501,-0.001515827836853223
1.92,0.2661430845379555,-0.7491652784768124,0.4026861058112318,-0.697622151129357,-0.7001556601446157,-0.0013953839713656269
1.925,0.2624000299307087,-0.7480368617203189,0.39917975922922877,-0.70126931640061,-0.7014303794026155,-0.0012747192579998234
1.93,0.2586629127946085,-0.7467903212718413,0.39565573042122104,-0.7048057616015482,-0.7025842321731013,-0.0011538527704857415
1.935,0.2549323232637728,-0.7454258539745668,0.39211457578355097,-0.7082309275340162,-0.7036170357872412,-0.0010328036141399322
1.94,0.25120885044153507,-0.7439436752936992,0.38855685442063015,-0.711544272584165,-0.7045286267100794,-0.0009115909228382124
1.945,0.24749308230741732,-0.742344019282434,0.38498312805658774,-0.7147452728084828,-0.7053188605660642,-0.0007902338559847566
1.95,0.2437856056242827,-0.7406271385449992,0.3813939609465028,-0.7178334220169911,-0.7059876121615252,-0.0006687515954609813
1.955,0.240087005845678,-0.738793304196766,0.3777899197872348,-0.7208082318535926,-0.706534775504124,-0.0005471633425988554
1.96,0.23639786702338364,-0.7368428058214365,0.374171573627867,-0.7236692318735618,-0.7069602638192558,-0.0004254883151317834
1.965,0.23271877171518565,-0.7347759514253149,0.3705394937797762,-0.7264159696181668,-0.7072640095634068,-0.0003037457441510405
1.97,0.22905030089288256,-0.7325930673886702,0.36689425372634416,-0.7290480106864113,-0.7074459644344682,-0.00018195487106131836
1.975,0.2253930338505435,-0.7302944984141967,0.3632364290323247,-0.7315649388038896,-0.7075060993790033,-6.013494453516177e-05
1.98,0.2217475481130311,-0.7278806074725812,0.35956659725288104,-0.7339663558887418,-0.7074444045964681,6.169478253525984e-05
1.985,0.21811441934480233,-0.7253517757451858,0.3558853378423075,-0.7362518821147032,-0.7072608895403936,0.00018351505607450136
1.99,0.2144942212590073,-0.7227084025638562,0.35219323206245134,-0.7384211559712377,-0.7069555829165011,0.0003053066238924984
1.995,0.2108875255268896,-0.7199509053478599,0.34849086289084763,-0.7404738343207483,-0.7065285326778087,0.00042705023869238357
2.0,0.20729490168751583,-0.7170797195379734,0.34477881492858337,-0.7424095924528558,-0.705979806016659,0.0005487266611496899
2.005,0.20371691705783718,-0.7140952985277201,0.3410576743079047,-0.74422812413574,-0.705309489353731,0.0006703166629280499
2.0100000000000002,0.200154136643104,-0.7109981135917739,0.337328028599582,-0.7459291416645355,-0.7045176883240034,0.0007918010297275346
2.015,0.19660712304764486,-0.7077886538115401,0.3335904667200481,-0.7475123759067767,-0.7036045277596857,0.0009131605643176721
2.02,0.19307643638602473,-0.704467425997923,0.32984557883832366,-0.7489775763448845,-0.7025701516701168,0.0010343760895689114
2.025,0.18956263419459676,-0.7010349546112956,0.3260939562827452,-0.7503245111156922,-0.7014147232186345,0.0011554284514823099
2.0300000000000002,0.18606627134345957,-0.6974917816786795,0.3223361914475102,-0.7515529670470026,-0.7001384246964281,0.0012762985222064538
2.035,0.1825878999488391,-0.6938384667081555,0.31857287769905435,-0.7526627496911731,-0.6987414574933555,0.0013969672030725855
2.04,0.17912806928590125,-0.6900755866005078,0.3148046092822757,-0.753653683355725,-0.6972240420657655,0.0015174154275899854
2.045,0.17568732570201476,-0.6862037355581256,0.31103198122662085,-0.7545256111309726,-0.6955864179013048,0.0016376241644606715
2.05,0.17226621253047847,-0.682223524991173,0.3072555892520475,-0.7552783949146691,-0.6938288434807118,0.0017575744205929889
2.055,0.1688652700047201,-0.6781355834210377,0.30347602967487913,-0.7559119154336669,-0.6919515962366369,0.0018772472440748977
2.06,0.16548503517299026,-0.6739405563810835,0.29969389931356616,-0.7564260722625894,-0.6899549725094444,0.001996623727192559
2.065,0.16212604181355378,-0.6696391063147102,0.2959097953943686,-0.7568207838395122,-0.6878392875000618,0.0021156850093825286
2.07,0.15878882035040034,-0.6652319124707469,0.29212431545697537,-0.757095987478653,-0.6856048752198414,0.002234412280220477
2.075,0.1554738977694853,-0.660719670796191,0.288338057260075,-0.7572516393800688,-0.6832520884374503,0.0023527867823910364
2.08,0.1521817975355126,-0.6561030938263116,0.2845516186868932,-0.757287714636359,-0.6807812986228121,0.002470789814638219
2.085,0.1489130395092718,-0.6513829105721284,0.28076559765071135,-0.7572042072363764,-0.6781928958881072,0.002588402734704953
2.09,0.1456681398655483,-0.646559866405296,0.2769805920003816,-0.7570011300659432,-0.6754872889258152,0.00270560696229194
2.095,0.14244761101161127,-0.6416347229403976,0.27319719942585374,-0.7566785149055756,-0.6726649049438517,0.00282238398196355
2.1,0.13925196150630095,-0.6366082579146817,0.26941601736372767,-0.7562364124252172,-0.669726189597764,0.0029387153460876947
2.105,0.13608169597971942,-0.6314812650652444,0.26563764290284775,-0.7556748921759818,-0.6666716069200412,0.003054582677722739
2.11,0.1329373150535437,-0.6262545540036898,0.2618626726899532,-0.7549940425789087,-0.6635016392465203,0.003169967673520957
2.115,0.12981931526197293,-0.6209289500882845,0.25809170283539956,-0.7541939709107336,-0.6602167871399014,0.003284852106618885
2.12,0.1267281889733198,-0.6155052942936244,0.2543253288189662,-0.7532748032866762,-0.6568175693103988,0.0033992178295025877
2.125,0.12366442431225812,-0.6099844430778312,0.25056414539576494,-0.7522366846402496,-0.6533045225335404,0.003513046776858375
2.13,0.12062850508274435,-0.604367268247312,0.24680874650226448,-0.7510797787000942,-0.6496782015651028,0.003626320968437624
2.1350000000000002,0.11762091069161838,-0.5986546568190889,0.24305972516244528,-0.7498042679638409,-0.6459391790532304,0.003739022511872414
2.14,0.11464211607289966,-0.5928475108807292,0.23931767339410023,-0.7484103536690084,-0.6420880454477282,0.003851133605502155
2.145,0.11169259161278978,-0.5869467474478949,0.23558318211529553,-0.7468982557609393,-0.6381254089065522,0.003962636541176012
2.15,0.1087728030753932,-0.5809532983195366,0.23185684105100662,-0.7452682128577804,-0.6340518951995117,0.004073513707040566
2.1550000000000002,0.10588321152916659,-0.5748681099307484,0.22813923863994404,-0.7435204822125154,-0.6298681476092003,0.004183747590311371
2.16,0.10302427327411294,-0.5686921432033201,0.22443096194158377,-0.7416553396720521,-0.6255748268291556,0.00429332078004474
2.165,0.10019643976972456,-0.5624263733939919,0.2207325965434169,-0.7396730796333757,-0.6211726108592961,0.004402215969859458
2.17,0.09740015756369269,-0.5560717899404511,0.21704472646843304,-0.7375740149967728,-0.6166621948986211,0.004510415960675029
2.1750000000000003,0.09463586822139321,-0.5496293963050894,0.21336793408285237,-0.735358477116134,-0.6120442912351991,0.004617903663421963
2.18,0.09190400825615848,-0.543100209816546,0.20970280000412064,-0.7330268157463451,-0.6073196291334695,0.004724662101729615
2.185,0.0892050090603452,-0.5364852615090548,0.20604990300918177,-0.7305793989877736,-0.6024889547188772,0.004830674414592284
2.19,0.08653929683721452,-0.5297855959596374,0.20240981994304247,-0.7280166132278599,-0.5975530308598362,0.004935923859040958
2.195,0.08390729253362805,-0.523002271123148,0.19878312562764333,-0.7253388630798246,-0.5925126370470721,0.00504039381276411
2.2,0.08130941177357644,-0.516136358165213,0.19517039277105083,-0.7225465713184994,-0.5873685692703344,0.005144067776737704
2.205,0.07874606479254788,-0.5091889412930823,0.19157219187698438,-0.7196401788132931,-0.5821216398925148,0.005246929377819676
2.21,0.0762176563727454,-0.5021611175844155,0.18798909115469287,-0.7166201444583041,-0.5767726775211949,0.005348962371319876
2.215,0.07372458577916903,-0.49505399681404616,0.18442165642919492,-0.71348694509959,-0.5713225268776192,0.00545015064357568
2.22,0.07126724669656563,-0.487868701278731,0.1808704510518969,-0.7102410754596054,-0.5657720486631465,0.005550478214472743
2.225,0.06884602716726322,-0.4806063656199309,0.1773360358116028,-0.7068830480588221,-0.5601221194231684,0.005649929239978091
2.23,0.0664613095298931,-0.4732681366446343,0.17381896884593007,-0.7034133931345415,-0.5543736314085485,0.0057484880146199124
2.235,0.06411347035901442,-0.4658551731442626,0.1703198055531455,-0.6998326585569149,-0.5485274924345782,0.0058461389739702385
2.24,0.06180288040564932,-0.4583686457116865,0.16683909850443457,-0.6961414097421824,-0.5425846257374809,0.005942866697097315
2.245,0.05952990453873708,-0.45080973655637563,0.16337739735661883,-0.6923402295631472,-0.5365459698284875,0.00603865590899344
2.25,0.0572949016875158,-0.44317963931770976,0.15993524876533433,-0.6884297182568971,-0.5304124783455151,0.006133491482972375
2.255,0.055098224784844815,-0.4354795588764942,0.15651319629868538,-0.6844104933297891,-0.5241851199024475,0.006227358443067543
2.2600000000000002,0.05294022071147176,-0.42771071116469284,0.1531117803513868,-0.6802831894597116,-0.5178648779360682,0.00632024196637937
2.265,0.0508212302412562,-0.41987432297341876,0.14973153805940861,-0.6760484583956408,-0.511452750550653,0.0064121273854151895
2.27,0.048741587987357435,-0.4119716317592096,0.14637300321513608,-0.6717069688545058,-0.5049497503602559,0.006503000190397068
2.275,0.04670162234939557,-0.40400388544861954,0.1430367061830592,-0.6672594064153796,-0.49835690432870255,0.006592846031553357
2.2800000000000002,0.04470165546159238,-0.39597234224115446,0.13972317381600413,-0.6627064734110131,-0.49167525360733405,0.006681650721368504
2.285,0.04274200314190424,-0.387878270410593,0.1364329293719205,-0.6580488888167277,-0.48490585337049946,0.0067694002368345885
2.29,0.04082297484214945,-0.3797229481047067,0.13316649243123707,-0.6532873881366865,-0.4780497726488553,0.0068560807216441755
2.295,0.038944873599142324,-0.3715076631434261,0.12992437881479926,-0.6484227232875595,-0.4711080941604737,0.006941678488381564
2.3000000000000003,0.03710799598684079,-0.36323371281548106,0.12670710050240125,-0.643455662479603,-0.4640819141397924,0.0070261800206813385
2.305,0.035312632069514016,-0.35490240367354486,0.12351516555192539,-0.6383869900951716,-0.45697234216443616,0.007109571975356221
2.31,0.03355906535593662,-0.34651505132790883,0.12034907801910198,-0.6332175065646818,-0.4497805009799438,0.0071918411844923424
2.315,0.03184757275462093,-0.33807298023873883,0.11720933787790175,-0.6279480282400454,-0.4425075263224053,0.007272974657538511
2.32,0.030178424530088743,-0.3295775235069222,0.11409644094157377,-0.622579387265596,-0.435154566739065,0.007352959583340313
2.325,0.02855188426019409,-0.32103002266355934,0.11101087878434114,-0.6171124314465258,-0.4277227834068984,0.007431783332166597
2.33,0.026968208794501337,-0.3124318274581211,0.10795313866376686,-0.611548024114855,-0.420213349949199,0.007509433457699388
2.335,0.02542764821372474,-0.30378429564530196,0.1049237034438021,-0.6058870439929538,-0.4126274522502106,0.007585897698988431
2.34,0.023930445790239018,-0.2950887927706217,0.1019230515185289,-0.6001303850546407,-0.4049662882678154,0.007661163982395192
2.345,0.022476837949662588,-0.28634669195478396,0.09895165673660952,-0.594278956383876,-0.3972310678443316,0.007735220423483791
2.35,0.021067054233524563,-0.277559373676851,0.09600998832645415,-0.5883336820310753,-0.38942301251542477,0.007808055328906827
2.355,0.01970131726301646,-0.26872822555624476,0.09309851082211883,-0.5822955008670643,-0.38154335531718847,0.0078796571982363
2.36,0.018379842703837846,-0.2598546421336262,0.09021768398994534,-0.5761653664346977,-0.3735933405914049,0.00795001472578355
2.365,0.01710283923214061,-0.2509400246506835,0.0873679627559545,-0.5699442467981672,-0.36557422378902366,0.008019116802381265
2.37,0.01587050850157673,-0.24198578082886066,0.0845497971340044,-0.5636331243900202,-0.35748727127188884,0.008086952517134816
2.375,0.01468304511145394,-0.23299332464705616,0.08176363215472483,-0.5572329958559147,-0.3493337601127523,0.00815351115913654
2.38,0.013540636576007114,-0.22396407611834554,0.07900990779523916,-0.5507448718971341,-0.3411149778935886,0.008218782219163723
2.3850000000000002,0.012443463294787249,-0.21489946106574195,0.07628905890968472,-0.5441697771108874,-0.3328322225022595,0.008282755391329055
2.39,0.01139169852417422,-0.20580091089704247,0.07360151516054263,-0.5375087498284198,-0.3244868019275525,0.008345420574706996
2.395,0.010385508350017836,-0.19666986237879253,0.07094770095078784,-0.5307628419509576,-0.31608003405262397,0.008406767874928556
2.4,0.00942505166141071,-0.18750775740940417,0.06832803535687026,-0.5239331187835158,-0.30761324644688565,0.008466787605738324
2.4050000000000002,0.008510480125597774,-0.17831604279146077,0.0657429320625373,-0.5170206588665931,-0.29908777615636245,0.008525470290523196
2.41,0.007641938164026829,-0.16909617000325608,0.06319279929350839,-0.5100265538057803,-0.29050496949255233,0.008582806663810116
2.415,0.006819562929541989,-0.15984959496958354,0.06067803975301184,-0.5029519080993102,-0.28186618181983203,0.008638787672720305
2.42,0.006043484284725942,-0.15057777783182935,0.058199050558193965,-0.4957978389635754,-0.27317277734142953,0.0086934044784025
2.4250000000000003,0.00531382478139335,-0.1412821827174019,0.05575622317741076,-0.4885654761566409,-0.2644261288840031,0.008746648457426454
2.43,0.004630699641238367,-0.13196427750852965,0.053349943368411853,-0.4812559617997812,-0.25562761768086195,0.008798511203141124
2.435,0.003994216737639555,-0.12262553361045969,0.05098059111742652,-0.4738704501970675,-0.2467786331538615,0.008848984527000447
2.44,0.0034044765786258144,-0.11326742571911305,0.04864854057916134,-0.4664101076530353,-0.2378805726940035,0.008898060459857998
2.445,0.0028615722910046437,-0.10389143158820703,0.04635416001771904,-0.4588761122884601,-0.2289348414407835,0.008945731253220013
2.45,0.0023655896056566372,-0.09449903179590491,0.044097811748447686,-0.4512696538542707,-0.219942852060312,0.008991989380471493
2.455,0.0019166068439974814,-0.08509170951101598,0.04187985208072954,-0.44359193354362897,-0.21090602452225102,0.009036827538060982
2.46,0.001514694905609948,-0.07567095025878022,0.039700631261718515,-0.43584416380220603,-0.201825785875598,0.009080238646653027
2.465,0.0011599172570482819,-0.0662382416862938,0.037560493421035096,-0.4280275681366845,-0.19270357002335117,0.009122215852246818
2.47,0.0008523299218158197,-0.0567950733275857,0.03545977651642751,-0.420143380921517,-0.1835408174960964,0.009162752527254764
2.475,0.0005919814715185323,-0.04734293636841047,0.033398812280407655,-0.41219284720397115,-0.1743389752245449,0.009201842271551519
2.48,0.00037891301819475975,-0.03788332341076661,0.03137792616787019,-0.40417722250749244,-0.16509949631106446,0.009239478913480426
2.485,0.00021315820782323857,-0.028417728237198108,0.029397437304703115,-0.39609777263341484,-0.15582383980023476,0.009275656510829705
2.49,9.474321501001803e-05,-0.01894764557491152,0.02745765843739786,-0.38795577346105126,-0.1465134704484655,0.009310369351769265
2.495,2.3686738855166478e-05,-0.00947457085974192,0.025558895883666884,-0.379752510746195,-0.13716985849271346,0.009343611955752035
2.5,0.0,-1.8467238659729181e-16,0.023701449484076566,-0.3714892799180638,-0.1277944794183344,0.009375379074379048
2.505,2.3686738855166478e-05,0.009474570859741549,0.021885612554702973,-0.36316738587471886,-0.118388813726107,0.009405665692227408
2.5100000000000002,9.474321501001803e-05,0.01894764557491182,0.02011167184081802,-0.35478814277699044,-0.10895434669846478,0.009434467027642224
2.515,0.00021315820782323857,0.028417728237197737,0.018379907471613305,-0.3463528738409432,-0.0994925681649739,0.00946177853349088
2.52,0.00037891301819475975,0.037883323410766244,0.01669059291596874,-0.33786291112891337,-0.09000497226709273,0.009487595897881174
2.525,0.0005919814715185323,0.0473429363684101,0.015043994939272984,-0.3293195953391509,-0.08049305722225104,0.009511915044841682
2.5300000000000002,0.0008523299218158197,0.056795073327586,0.013440373561302484,-0.3207242755940999,-0.07095832508728582,0.009534732134965224
2.535,0.0011599172570482819,0.06623824168629343,0.011879982015165732,-0.3120783092273503,-0.06140228152127101,0.009556043566014812
2.54,0.001514694905609948,0.07567095025877986,0.010363066707319258,-0.30338306156929495,-0.05182643554777892,0.009575845973492092
2.545,0.0019166068439974814,0.08509170951101562,0.008889867178661633,-0.2946399057315249,-0.042232299316608886,0.00959413623117003
2.5500000000000003,0.0023655896056566706,0.09449903179590587,0.007460616066711644,-0.28585022238999785,-0.03262138786502482,0.009610911451584069
2.555,0.0028615722910046437,0.10389143158820667,0.006075539068876576,-0.27701539956701365,-0.022995218878535,0.009626168986489818
2.56,0.0034044765786258144,0.11326742571911269,0.0047348549068164224,-0.2681368324120307,-0.013355312451253808,0.009639906427281192
2.565,0.003994216737639555,0.12262553361045933,0.0034387752919096317,-0.2592159229813582,-0.003703190845884335,0.009652121605369473
2.57,0.004630699641238367,0.13196427750852927,0.0021875048918258344,-0.2502540800167595,0.005959621746643678,0.009662812592528013
2.575,0.005313824781393417,0.14128218271740284,0.0009812412982108342,-0.24125271872300005,0.015631599447837912,0.009671977701194233
2.58,0.006043484284725909,0.150577777831829,-0.00017982500451104886,-0.2322132605443766,0.02531121493257537,0.009679615484737458
2.585,0.006819562929541956,0.15984959496958318,-0.0012955106692123565,-0.2231371329402615,0.03499693967026502,0.009685724737689652
2.59,0.007641938164026796,0.16909617000325572,-0.002365639515010849,-0.2140257691596985,0.04468724416619576,0.009690304495930738
2.595,0.008510480125597807,0.17831604279146107,-0.003390042555086275,-0.20488060801508512,0.05438059820304328,0.00969335403684752
2.6,0.009425051661410676,0.18750775740940384,-0.00436855802336116,-0.19570309365497707,0.06407547108248476,0.009694872879441485
2.605,0.010385508350017768,0.19666986237879214,-0.005301031400041416,-0.18649467533605113,0.07377033186689463,0.00969486078440987
2.61,0.011391698524174187,0.20580091089704208,-0.0061873154360127264,-0.17725680719426198,0.08346364962107802,0.00969331775418339
2.615,0.012443463294787281,0.21489946106574223,-0.007027270176088871,-0.16799094801522904,0.09315389365400004,0.009690244032922013
2.62,0.01354063657600708,0.2239640761183452,-0.007820762981108322,-0.15869856100389,0.10283953376047976,0.009685640106479723
2.625,0.014683045111453907,0.23299332464705577,-0.008567668548875605,-0.14938111355345665,0.11251904046281114,0.009679506702331378
2.63,0.015870508501576695,0.24198578082886027,-0.009267868933944157,-0.14004007701371032,0.1221908852522615,0.009671844789450365
2.6350000000000002,0.01710283923214064,0.25094002465068377,-0.00992125356623752,-0.13067692645867252,0.131853540830424,0.009662655578162496
2.64,0.018379842703837777,0.25985464213362586,-0.01052771926850596,-0.12129314045368811,0.1415054813503765,0.009651940519952495
2.645,0.019701317263016393,0.2687282255562444,-0.011087170272615748,-0.1118902008219576,0.1511451826576118,0.009639701307235293
2.65,0.021067054233524497,0.2775593736768507,-0.011599518234668524,-0.10246959241055525,0.16077112253070122,0.009625939873089434
2.6550000000000002,0.02247683794966262,0.28634669195478424,-0.012064682248948373,-0.09303280285596985,0.1703817809216557,0.009610658390954485
2.66,0.023930445790238952,0.2950887927706214,-0.012482588860694399,-0.08358132234920539,0.1799756401959366,0.009593859274280886
2.665,0.025427648213724705,0.30378429564530157,-0.012853172077696791,-0.07411664340047855,0.1895511853720955,0.009575545176158912
2.67,0.026968208794501267,0.31243182745812076,-0.013176373380714541,-0.0646402606035501,0.1991069043609903,0.00955571898889479
2.6750000000000003,0.028551884260194258,0.32103002266356023,-0.013452141732713179,-0.05515367039972749,0.20864128820454403,0.009534383843553734
2.68,0.030178424530088677,0.3295775235069219,-0.013680433586921057,-0.045658370841575695,0.2181528313140093,0.009511543109465281
2.685,0.03184757275462086,0.33807298023873844,-0.013861212893702925,-0.036155861356373734,0.2276400317077096,0.009487200393700296
2.69,0.03355906535593656,0.3465150513279085,-0.013994451106249696,-0.026647642509354343,0.23710139124819743,0.009461359540487824
2.695,0.03531263206951395,0.35490240367354453,-0.014080127185083516,-0.017135215766763728,0.24653541587881822,0.009434024630620791
2.7,0.03710799598684099,0.3632337128154819,-0.014118227601377412,-0.007620083258779102,0.2559406158596225,0.009405199980804302
2.705,0.03894487359914226,0.37150766314342576,-0.01410874633908902,0.0018962524576785923,0.26531550600259834,0.009374890142975822
2.71,0.04082297484214938,0.3797229481047064,-0.014051684895908023,0.011412288636199261,0.274658605906192,0.009343099903593666
2.715,0.04274200314190417,0.3878782704105926,-0.01394705228301718,0.020926522578168655,0.283968440189061,0.009309834282868967
2.72,0.044701655461592445,0.3959723422411547,-0.013794865023666954,0.030437451870045453,0.29324353872304815,0.00927509853398717
2.725,0.046701622349395476,0.4040038854486192,-0.013595147150563985,0.03994357462059375,0.3024824368653122,0.00923889814226403
2.73,0.04874158798735737,0.41197163175920926,-0.01334793020207382,0.04944338969803305,0.3116836756896068,0.009201238824294633
2.735,0.0508212302412561,0.4198743229734184,-0.013053253217238478,0.058935396967068385,0.3208458022166496,0.009162126527042791
2.74,0.05294022071147183,0.4277107111646931,-0.01271116272960966,0.06841809752576361,0.3299673696435515,0.0091215674269019
2.745,0.05509822478484475,0.43547955887649387,-0.012321712759898563,0.0778899939422197,0.33904693757227206,0.009079567928720556
2.75,0.05729490168751573,0.44317963931770943,-0.011884964807443455,0.08734959049102148,0.34808307223707147,0.009036134664799411
2.755,0.05952990453873701,0.4508097365563753,-0.011400987840496382,0.09679539338941465,0.3570743467309023,0.008991274493830859
2.7600000000000002,0.06180288040564938,0.45836864571168673,-0.010869858285330498,0.10622591103317666,0.3660193412307288,0.008944994499826497
2.765,0.06411347035901435,0.4658551731442624,-0.01029166001416978,0.11563965423214372,0.37491664322172424,0.008897301990995421
2.77,0.066461309529893,0.47326813664463396,-0.009666484331942995,0.1250351364453567,0.38376484772031394,0.008848204498589696
2.775,0.06884602716726308,0.4806063656199306,-0.00899442996186405,0.13441087401578888,0.39256255749603036,0.008797709775716422
2.7800000000000002,0.0712672466965657,0.48786870127873116,-0.008275603029840956,0.14376538640461906,0.40130838329214874,0.008745825796118378
2.785,0.07372458577916893,0.4950539968140458,-0.0075101170477158965,0.15309719642501177,0.41000094404504944,0.008692560752900702
2.79,0.0762176563727453,0.5021611175844152,-0.006698092895339051,0.16240483047536908,0.418638867102306,0.00863792305725658
2.795,0.07874606479254778,0.509188941293082,-0.00583965880147897,0.17168681877201628,0.4272207884394342,0.008581921337128151
2.8000000000000003,0.0813094117735767,0.5161363581652137,-0.004934950323572546,0.18094169558128487,0.4357453528752783,0.00852456443584415
2.805,0.08390729253362796,0.5230022711231477,-0.0039841103263177635,0.19016799945095647,0.4442112142860025,0.008465861410724196
2.81,0.08653929683721442,0.5297855959596371,-0.0029872889591126086,0.199364273441031,0.45261703581766094,0.00840582153165842
2.815,0.0892050090603451,0.5364852615090545,-0.0019446436323436978,0.20852906535378216,0.4609614900972886,0.008344454279627656
2.82,0.09190400825615838,0.5431002098165458,-0.0008563389925283732,0.2176609279630649,0.46924325944251044,0.008281769345221845
2.825,0.09463586822139348,0.5496293963050902,0.00027745310368581686,0.226758419242838,0.4774610360696093,0.008217776627098883
2.83,0.0974001575636926,0.5560717899404509,0.0014565536166601446,0.23582010259486552,0.48561352230003385,0.008152486230424527
2.835,0.10019643976972446,0.5624263733939917,0.0026807763520379528,0.24484454707556158,0.49369943076532163,0.008085908465287783
2.84,0.10302427327411284,0.5686921432033198,0.003949927990147667,0.2538303276219428,0.5017174846103745,0.00801805384505283
2.845,0.1058832115291667,0.5748681099307487,0.005263808116530926,0.2627760252766519,0.5096664176950951,0.007948933084720666
2.85,0.10877280307539311,0.5809532983195363,0.006622209253591017,0.271680227412018,0.5175449747943108,0.0078785570992157
2.855,0.11169259161278969,0.5869467474478948,0.008024916893356604,0.2805415279531175,0.5253519117959934,0.007806937001682557
2.86,0.11464211607289956,0.5928475108807288,0.009471709531355604,0.28935852759979974,0.5330859958977148,0.0077340841017213835
2.865,0.11762091069161848,0.5986546568190891,0.010962358701593828,0.29812983404764487,0.5407460058013144,0.007660009903599607
2.87,0.12062850508274425,0.6043672682473118,0.012496629012632906,0.30685406220781547,0.5483307319057521,0.007584726104437722
2.875,0.12366442431225799,0.609984443077831,0.014074278184761757,0.31552983442577043,0.5558389764981254,0.007508244592373314
2.88,0.12672818897331967,0.6155052942936242,0.01569505708825578,0.3241557806988042,0.5632695539427895,0.007430577444664133
2.8850000000000002,0.12981931526197305,0.6209289500882847,0.017358709782717672,0.3327305388923785,0.5706212908685864,0.007351736925796826
2.89,0.13293731505354361,0.6262545540036896,0.01906497355749373,0.341252754955212,0.5778930263541298,0.007271735485543385
2.895,0.13608169597971928,0.6314812650652442,0.0208135789731592,0.3497210831330934,0.5850836121111278,0.007190585756998047
2.9,0.13925196150630084,0.6366082579146815,0.02260424990406612,0.3581341861813846,0.5921919126657083,0.007108300554580449
2.9050000000000002,0.14244761101161138,0.6416347229403978,0.024436703581947026,0.3664907355761809,0.5992168055377263,0.007024892872018018
2.91,0.14566813986554816,0.6465598664052957,0.026310650640567496,0.3747894117240939,0.6061571814180057,0.0069403758802794036
2.915,0.14891303950927165,0.6513829105721282,0.02822579516142062,0.3830289041706247,0.6130119443435208,0.006854762925515123
2.92,0.15218179753551245,0.6561030938263114,0.03018183472045609,0.39120791180709374,0.6197800118704591,0.0067680675269382595
2.9250000000000003,0.15547389776948564,0.6607196707961914,0.03217846043583657,0.3993251430760959,0.6264603152451478,0.006680303374688723
2.93,0.15878882035040023,0.6652319124707466,0.0342153570167138,0.40737931617544665,0.6330517995728182,0.006591484327670427
2.935,0.16212604181355364,0.6696391063147101,0.03629220281301675,0.41536915926058915,0.6395534239841992,0.006501624411381024
2.94,0.16548503517299015,0.6739405563810834,0.03840866986624389,0.4232934106454277,0.645964161799867,0.006410737815667811
2.945,0.16886527000471996,0.6781355834210376,0.04056442396125168,0.4311508190015585,0.6522830006923803,0.006318838892513279
2.95,0.17226621253047833,0.6822235249911729,0.042759124679031,0.4389401435558648,0.6585089428461333,0.006225942153752939
2.955,0.17568732570201465,0.6862037355581254,0.044992425450463225,0.446660154286445,0.6646410051149182,0.0061320622687849324
2.96,0.1791280692859011,0.6900755866005076,0.04726397361104744,0.45430963211684333,0.6706782191771894,0.006037214062271201
2.965,0.18258789994883898,0.6938384667081553,0.04957341045659021,0.4618873691085531,0.6766196316889577,0.005941412511768274
2.97,0.18606627134345963,0.6974917816786798,0.05192037129984901,0.4693921686517602,0.682464304434347,0.0058446727453893565
2.975,0.18956263419459662,0.7010349546112955,0.0543044855281205,0.47682284565429894,0.6882113144737381,0.005747010039391043
2.98,0.1930764363860246,0.7044674259979229,0.05672537666176444,0.4841782267287886,0.6938597542895204,0.005648439815782336
2.985,0.19660712304764472,0.70778865381154,0.05918266241365405,0.4914571503779217,0.6994087319294013,0.0055489776398809365
2.99,0.20015413664310414,0.7109981135917741,0.06167595474954343,0.49865846717787593,0.7048573711472504,0.005448639217849105
2.995,0.20371691705783704,0.71409529852772,0.06420485994934252,0.5057810399598185,0.7102048115414681,0.00534744039421764
3.0,0.2072949016875157,0.7170797195379733,0.06676897866928991,0.5128237439894765,0.7154502086908658,0.005245397149397757
3.005,0.21088752552688947,0.7199509053478598,0.06936790600501362,0.5197854671447428,0.7205927342879979,0.005142525597132019
3.0100000000000002,0.21449422125900713,0.722708402563856,0.07200123155547009,0.5266651100912915,0.7256315762699674,0.005038841981969577
3.015,0.21811441934480244,0.725351775745186,0.07466853948775096,0.5334615864561734,0.7305659389466618,0.004934362676694337
3.02,0.22174754811303096,0.7278806074725811,0.07736940860274778,0.5401738229993657,0.7353950431264,0.004829104179738253
3.025,0.22539303385054338,0.7302944984141966,0.08010341240166402,0.546800759783247,0.740118126238978,0.004723083112577964
3.0300000000000002,0.2290503008928827,0.7325930673886702,0.08287011915336388,0.5533413503399732,0.7447344424560933,0.004616316217115335
3.035,0.23271877171518573,0.7347759514253149,0.0856690919625475,0.5597945618367247,0.7492432628091092,0.004508820353015919
3.04,0.2363978670233835,0.7368428058214364,0.08849988883874152,0.5661593752388023,0.7536438753041799,0.004400612495070622
3.045,0.24008700584567783,0.738793304196766,0.09136206276609424,0.5724347854705435,0.7579355850346815,0.004291709730501636
3.0500000000000003,0.2437856056242828,0.7406271385449993,0.09425516177396441,0.5786198015740345,0.7621177142909429,0.00418212925626138
3.055,0.24749308230741718,0.742344019282434,0.09717872900829237,0.5847134468655935,0.7661896026672638,0.004071888376320887
3.06,0.25120885044153496,0.7439436752936992,0.10013230280374237,0.5907147590899997,0.7701506071662129,0.0039610044989490945
3.065,0.25493232326377263,0.7454258539745668,0.10311541675660459,0.596622790572444,0.7740001023001514,0.0038494951339385075
3.0700000000000003,0.2586629127946087,0.7467903212718413,0.10612759979844548,0.6024366083681776,0.7777374801900205,0.0037373778898691645
3.075,0.2624000299307088,0.7480368617203189,0.10916837627049465,0.6081552944098341,0.7813621506613166,0.0036246704712961098
3.08,0.2661430845379554,0.7491652784768124,0.11223726599875666,0.6137779456524034,0.7848735413373037,0.0035113906759870472
3.085,0.26989148554463543,0.7501753933512351,0.11533378436983582,0.6193036742158322,0.7882710977293939,0.003397556392090162
3.09,0.2736446410347767,0.7510670468347383,0.11845744240746198,0.624731607525231,0.7915542833247045,0.0032831855953106004
3.095,0.2774019583416201,0.7518400981249013,0.1216077468497053,0.6300608884486636,0.7947225796707907,0.0031682963460862856
3.1,0.28116284414120596,0.7524944251479632,0.12478420022686779,0.6352906754324984,0.7977754864575033,0.0030529067867125503
3.105,0.2849267045460689,0.7530299245781021,0.1279863009400393,0.6404201426342996,0.8007125215960055,0.0029370351385021864
3.11,0.28869294519901945,0.7534465118537504,0.1312135433403055,0.6454484800532373,0.8035332212949008,0.0028206996988953126
3.115,0.29246097136699883,0.7537441211909479,0.13446541780859547,0.650374893657997,0.8062371401334667,0.0027039188385659108
3.12,0.29623018803499407,0.7539227055937304,0.1377414108361563,0.6551986055121662,0.808823851131993,0.0025867109985262537
3.125,0.2999999999999999,0.7539822368615503,0.1410410051056417,0.6599188538970803,0.811292945819218,0.002469094687225004
3.13,0.30376981196500574,0.7539227055937304,0.14436367957280222,0.6645348934321067,0.8136440342968203,0.0023510884776023477
3.1350000000000002,0.3075390286330012,0.7537441211909479,0.14770890954876398,0.6690459951923504,0.815876745300995,0.002232711004174659
3.14,0.31130705480098037,0.7534465118537504,0.15107616678288277,0.6734514468237598,0.8179907262610819,0.0021139809600869697
3.145,0.31507329545393087,0.7530299245781021,0.15446491954616084,0.6777505526556165,0.8199856433552405,0.0019949170941585548
3.15,0.31883715585879385,0.7524944251479632,0.1578746327152128,0.68194263381039,0.821861181563165,0.0018755382079245209
3.1550000000000002,0.3225980416583799,0.7518400981249013,0.1613047678567675,0.6860270283109418,0.8236170447158355,0.0017558631526705115
3.16,0.32635535896522305,0.7510670468347383,0.1647547833126928,0.6900030911850592,0.8252529555422777,0.0016359108264422106
3.165,0.3301085144553644,0.7501753933512351,0.16822413428552932,0.6938701945673051,0.8267686557133579,0.0015157001710801588
3.17,0.3338569154620444,0.7491652784768124,0.17171227292452015,0.6976277277981662,0.8281639058825753,0.0013952501692173769
3.1750000000000003,0.3375999700692915,0.7480368617203188,0.17521864841212256,0.7012750975204833,0.8294384857238567,0.0012745798412814313
3.18,0.3413370872053914,0.7467903212718413,0.17874270705098833,0.7048117277731509,0.8305921939663442,0.0011537082424875056
3.185,0.34506767673622685,0.745425853974567,0.18228389235139866,0.7082370600820688,0.8316248484261926,0.0010326544598483478
3.19,0.3487911495584651,0.7439436752936992,0.1858416451191403,0.7115505535483319,0.832536286035332,0.000911437609139476
3.1950000000000003,0.3525069176925832,0.7423440192824339,0.18941540354380854,0.7147516849336459,0.8333263628672144,0.0007900768318823692
3.2,0.3562143943757175,0.7406271385449992,0.1930046032875233,0.717839948742954,0.8339949541595448,0.0006685912923304338
3.205,0.359912994154322,0.738793304196766,0.1966086775740446,0.7208148573042604,0.8345419543339934,0.0005470001744485309
3.21,0.36360213297661603,0.7368428058214367,0.2002270572782728,0.7236759408456407,0.8349672770128571,0.00042532267886374875
3.215,0.3672812282848143,0.7347759514253149,0.20385917101611994,0.7264227475694252,0.8352708550327075,0.00030357801985037014
3.22,0.3709496991071176,0.7325930673886701,0.20750444523473766,0.7290548437235443,0.8354526404549883,0.0001817854222808668
3.225,0.37460696614945643,0.7302944984141967,0.21116230430308777,0.7315718136700238,0.8355126045735939,5.996411860553774e-05
3.23,0.3782524518869689,0.7278806074725813,0.21483217060284088,0.7339732599506188,0.8354507379194055,-6.186665418839166e-05
3.235,0.3818855806551977,0.7253517757451858,0.2185134646195888,0.7362588033495797,0.835267050261784,-0.00018368765762144523
3.24,0.3855057787409927,0.7227084025638562,0.22220560503435646,0.7384280829535346,0.8349615706070195,-0.0003054796547645733
3.245,0.3891124744731106,0.7199509053478597,0.22590800881539888,0.7404807562084829,0.8345343471937706,-0.00042722341324885615
3.25,0.39270509831248407,0.7170797195379734,0.22962009131026834,0.7424164989738895,0.8339854474854259,-0.0005488997083447078
3.255,0.3962830829421625,0.7140952985277204,0.2333412663381377,0.744235005573871,0.833314958159471,-0.000670489325954926
3.2600000000000002,0.3998458633568959,0.710998113591774,0.23707094628236502,0.745935988845467,0.8325229850937911,-0.0007919730656799073
3.265,0.4033928769523549,0.7077886538115403,0.24080854218328496,0.7475191801839868,0.8316096533499493,-0.0009133317438417832
3.27,0.40692356361397525,0.704467425997923,0.2445534638312121,0.7489843295854263,0.8305751071534515,-0.0010345461964977876
3.275,0.4104373658054032,0.7010349546112956,0.24830511985964185,0.7503312056859478,0.8294195098709555,-0.0011555972824960348
3.2800000000000002,0.41393372865654043,0.6974917816786796,0.25206291783863394,0.7515595957984151,0.8281430439844929,-0.0012764658864625744
3.285,0.41741210005116064,0.6938384667081557,0.25582626436836386,0.7526693059459811,0.8267459110626335,-0.0013971329218593898
3.29,0.42087193071409895,0.6900755866005075,0.2595945651728275,0.7536601608927193,0.8252283317286755,-0.001517579333958019
3.295,0.42431267429798514,0.6862037355581256,0.26336722519368394,0.7545320041712962,0.8235905456257884,-0.0016377861028871177
3.3000000000000003,0.427733787469522,0.6822235249911726,0.26714364868422236,0.7552846981076808,0.8218328113791904,-0.001757734246597975
3.305,0.43113472999527985,0.6781355834210379,0.27092323930343676,0.7559181238428855,0.8199554065552874,-0.0018774048239029728
3.31,0.4345149648270094,0.6739405563810839,0.27470540021019546,0.756432181351736,0.8179586276178632,-0.001996778937424226
3.315,0.4378739581864464,0.66963910631471,0.2784895341574888,0.7568267894586671,0.8158427898812548,-0.0021158377366083947
3.3200000000000003,0.4412111796496001,0.6652319124707462,0.2822750435867415,0.7571018858505426,0.8136082274605566,-0.002234562420698194
3.325,0.4445261022305147,0.660719670796191,0.286061330722174,0.7572574270864955,0.811255293218866,-0.002352934241690585
3.33,0.4478182024644874,0.6561030938263117,0.2898477976651979,0.7572933886047889,0.8087843587115671,-0.002470934507298961
3.335,0.45108696049072794,0.6513829105721287,0.2936338464888314,0.7572097647266951,0.8061958141276502,-0.0025885445839168852
3.34,0.4543318601344519,0.6465598664052956,0.29741887933211836,0.7570065686573931,0.8034900682281026,-0.002705745899547529
3.345,0.45755238898838885,0.6416347229403973,0.3012022984945378,0.7566838324838845,0.8006675482813524,-0.0028225199467502016
3.35,0.46074803849369894,0.6366082579146817,0.3049835065303874,0.7562416071699265,0.7977286999958058,-0.0029388482855466913
3.355,0.4639183040202805,0.6314812650652444,0.30876190634312733,0.7556799625479852,0.7946739874494655,-0.003054712546340266
3.36,0.4670626849464565,0.6262545540036895,0.3125369012796684,0.754998987308209,0.7915038930166457,-0.003170094432819792
3.365,0.4701806847380268,0.6209289500882851,0.3163078952245905,0.754198788984424,0.7882189172917922,-0.003284975724853534
3.37,0.47327181102668037,0.6155052942936241,0.3200742926942763,0.753279493937154,0.7848195790104493,-0.0033993382813428674
3.375,0.4763355756877419,0.6099844430778313,0.3238354989309446,0.7522412473336664,0.7813064149673279,-0.0035131640431214084
3.38,0.4793714949172554,0.6043672682473125,0.32759091999656986,0.7510842131250501,0.7776799799315539,-0.0036264350357739783
3.3850000000000002,0.4823790893083816,0.5986546568190889,0.3313399628666715,0.7498085740203261,0.7739408465590586,-0.003739133372495318
3.39,0.4853578839271001,0.5928475108807296,0.3350820355239595,0.7484145314575961,0.7700896053021431,-0.003851241256915494
3.395,0.4883074083872101,0.586946747447895,0.3388165470518206,0.7469023055722334,0.7661268643162531,-0.003962740985890001
3.4,0.49122719692460676,0.5809532983195367,0.34254290772763124,0.7452721351621219,0.7620532493639307,-0.004073614952322391
3.4050000000000002,0.4941167884708333,0.5748681099307485,0.34626052911588096,0.7435242776499472,0.7578694037160103,-0.004183845647920403
3.41,0.49697572672588675,0.5686921432033206,0.3499688241610937,0.7416590090425477,0.753575988050029,-0.004293415665981293
3.415,0.4998035602302756,0.5624263733939916,0.35366720728053036,0.7396766238873296,0.7491736803459095,-0.004402307704119535
3.42,0.5025998424363073,0.5560717899404511,0.35735509445665914,0.7375774352257555,0.7446631757788846,-0.004510504567024842
3.4250000000000003,0.5053641317786067,0.5496293963050896,0.3610319033293787,0.7353617745439116,0.740045186609738,-0.004617989169146686
3.43,0.5080959917438415,0.5431002098165462,0.36469705328797947,0.7330299917201628,0.7353204420723138,-0.004724744537424108
3.435,0.5107949909396545,0.5364852615090555,0.368349965562829,0.7305824549699033,0.7304896882583753,-0.004830753813938493
3.44,0.5134607031627857,0.529785595959637,0.37199006331676604,0.7280195507874111,0.7255536879997835,-0.004936000258591866
3.4450000000000003,0.5160927074663723,0.5230022711231471,0.3756167717361901,0.7253416838848172,0.7205132207480311,-0.005040467251752334
3.45,0.5186905882264236,0.5161363581652131,0.3792295181218311,0.7225492771281965,0.7153690824511671,-0.005144138296863998
3.455,0.5212539352074521,0.5091889412930823,0.38282773197918507,0.7196427714707928,0.7101220854281052,-0.005246997023061972
3.46,0.5237823436272544,0.5021611175844161,0.386410845108602,0.7166226258833879,0.7047730582403466,-0.005349027187758537
3.465,0.526275414220831,0.49505399681404577,0.38997829169501114,0.7134893172818246,0.699322845561145,-0.005450212679201649
3.47,0.5287327533034345,0.48786870127873044,0.39352950839726963,0.710243340451697,0.6937723080421168,-0.005550537519028231
3.475,0.5311539728327368,0.48060636561993103,0.39706393443712074,0.7068852079702179,0.6881223221773358,-0.0056499858647809376
3.48,0.5335386904701069,0.47326813664463435,0.4005810116877471,0.7034154501252773,0.682373780164931,-0.0057485420124048225
3.485,0.5358865296409857,0.4658551731442622,0.40408018476190566,0.6998346148317041,0.6765275897661929,-0.005846190398738127
3.49,0.5381971195943506,0.45836864571168706,0.4075609010996294,0.6961432675447442,0.6705846741622246,-0.005942915603968313
3.495,0.540470095461263,0.45080973655637513,0.4110226110554832,0.6923419911707692,0.6645459718081681,-0.006038702354056458
3.5,0.5427050983124841,0.44317963931770976,0.41446476798535936,0.6884313859752285,0.6584124362850047,-0.006133535523163425
3.505,0.5449017752151549,0.4354795588764948,0.41788682833279867,0.6844120694878602,0.6521850361489778,-0.0062274001360268505
3.5100000000000002,0.5470597792885282,0.42771071116469295,0.42128825171482454,0.6802846764051771,0.6458647547786478,-0.006320281370330028
3.515,0.5491787697587437,0.41987432297341937,0.4246685010072757,0.6760498584902406,0.6394525902195958,-0.006412164559052025
3.52,0.5512584120126426,0.41197163175920964,0.4280270424296244,0.6717082844697396,0.6329495550268344,-0.006503035192761408
3.525,0.5532983776506044,0.40400388544861965,0.43136334562926637,0.6672606399283914,0.6263566761049,-0.006592878921934386
3.5300000000000002,0.5552983445384077,0.3959723422411545,0.43467688376526975,0.6627076272006797,0.6196749945457064,-0.006681681559193575
3.535,0.5572579968580955,0.38787827041059364,0.43796713359156947,0.6580499652599483,0.6129055654641289,-0.006769429081577516
3.54,0.5591770251578506,0.37972294810470625,0.4412335755395938,0.653288389604867,0.6060494578314057,-0.006856107632723152
3.545,0.5610551264008576,0.37150766314342615,0.44447569380031027,0.6484236521432876,0.5991077543063192,-0.006941703525086496
3.5500000000000003,0.5628920040131592,0.3632337128154811,0.4476929764056778,0.6434565210735093,0.5920815510642446,-0.007026203242074591
3.555,0.564687367930486,0.3549024036735449,0.45088491530949265,0.6383877807629712,0.5849719576240411,-0.007109593440203565
3.56,0.5664409346440632,0.3465150513279095,0.4540510064676146,0.6332182316243922,0.5777800966728528,-0.007191860951188289
3.565,0.5681524272453792,0.3380729802387383,0.4571907499175615,0.6279486899893757,0.570507103888823,-0.007272992784029819
3.5700000000000003,0.5698215754699114,0.3295775235069211,0.460303649857459,0.6225799879795025,0.5631541277617497,-0.007352976127073307
3.575,0.5714481157398058,0.32103002266355946,0.46338921472433364,0.6171129733749285,0.5557223294117342,-0.007431798350015506
3.58,0.5730317912054986,0.3124318274581212,0.4664469572717362,0.6115485094805108,0.548212882405825,-0.0075094470059091645
3.585,0.5745723517862751,0.3037842956453026,0.4694763946466836,0.6058874749894814,0.5406269725726944,-0.007585909833130566
3.59,0.576069554209761,0.29508879277062117,0.4724770484659071,0.6001307638446921,0.532965797815387,-0.007661174757307432
3.595,0.5775231620503375,0.28634669195478346,0.4754484448913944,0.5942792850974503,0.525230567922152,-0.007735229893235052
3.6,0.5789329457664754,0.27755937367685113,0.4783901147052142,0.588333962763969,0.5174225043754049,-0.007808063546747013
3.605,0.5802986827369835,0.26872822555624487,0.48130159338361145,0.5822957356794544,0.5095428401588464,-0.007879664216558502
3.61,0.5816201572961622,0.25985464213362564,0.4841824211703607,0.5761655573498525,0.5015928195627539,-0.00795002059609251
3.615,0.5828971607678592,0.2509400246506842,0.4870321431493671,0.5699443958012802,0.49357369798749273,-0.00801912157526119
3.62,0.5841294914984233,0.2419857808288601,0.4898503093165029,0.5636332334271619,0.485486741745281,-0.00808695624221173
3.625,0.585316954888546,0.23299332464705624,0.4926364746506684,0.5572330668330987,0.4773332278602152,-0.0081535138850658
3.63,0.5864593634239927,0.22396407611834626,0.49539019918406585,0.5507449066794928,0.4691144438666217,-0.008218783993593493
3.6350000000000002,0.5875565367052127,0.21489946106574204,0.4981110480716756,0.5441697775219524,0.4608316876057342,-0.008282756260887536
3.64,0.5886083014758257,0.20580091089704317,0.5007985916599231,0.5375087176495025,0.45248626702075023,-0.008345420584983942
3.645,0.5896144916499821,0.1966698623787926,0.5034524055545263,0.5307627789206268,0.44407949995029505,-0.008406767070455179
3.65,0.5905749483385893,0.18750775740940429,0.5060720706875121,0.5239330265971678,0.43561271392031475,-0.0084667860299803
3.6550000000000002,0.5914895198744021,0.17831604279146085,0.5086571733833927,0.5170205391761082,0.4270872459344499,-0.008525467985864843
3.66,0.5923580618359731,0.16909617000325683,0.511207305424489,0.5100264082192654,0.41850444226290195,-0.008582803671547956
3.665,0.593180437070458,0.15984959496958295,0.5137220641153936,0.5029517381809196,0.4098656582298449,-0.008638784033057068
3.67,0.5939565157152741,0.15057777783182943,0.5162010523465606,0.49579764623340905,0.4011722579994026,-0.008693400230442294
3.6750000000000003,0.5946861752186067,0.14128218271740198,0.5186438786570141,0.48856526209071444,0.3924256143602306,-0.008746643639171992
3.68,0.5953693003587616,0.13196427750852974,0.5210501572961644,0.48125572783006443,0.38362710850873727,-0.008798505851493332
3.685,0.5960057832623603,0.12262553361046044,0.5234195082847224,0.4738701977115885,0.37477812983097936,-0.008848978677757913
3.69,0.5965955234213741,0.11326742571911248,0.5257515574747026,0.4664098379960456,0.36588007568325864,-0.008898054147720713
3.6950000000000003,0.5971384277089954,0.1038914315882058,0.5280459366085059,0.458875826760658,0.356934351171464,-0.00894572451179465
3.7,0.5976344103943434,0.09449903179590499,0.5303022833770712,0.4512693537130796,0.34794236892918773,-0.008991982242276264
3.705,0.5980833931560025,0.08509170951101608,0.5325202414770889,0.44359162000352653,0.3389055488946563,-0.009036820034531434
3.71,0.59848530509439,0.07567095025878098,0.5346994606672644,0.4358438380351022,0.3298253180865057,-0.009080230808150569
3.715,0.5988400827429516,0.06623824168629322,0.5368395968236261,0.4280272312723445,0.32070311037843635,-0.009122207708069374
3.72,0.5991476700781841,0.056795073327585134,0.5389403119938663,0.4201430340480266,0.31154036627279,-0.009162744105646325
3.725,0.5994080185284815,0.04734293636841057,0.5410012744507074,0.41219249136824143,0.302338532673076,-0.009201833599714049
3.73,0.5996210869818053,0.0378833234107667,0.5430221587442865,0.40417685871580056,0.29309906265548913,-0.009239470017586848
3.735,0.5997868417921768,0.028417728237197525,0.5450026457535464,0.39609740185197906,0.2838234152394514,-0.009275647416037702
3.74,0.59990525678499,0.018947645574912284,0.5469424227366296,0.38795539661663697,0.2745130551572178,-0.009310360082233626
3.745,0.5999763132611449,0.00947457085974134,0.5488411833802633,0.37975212872674946,0.2651694526225762,-0.009343602534641615
3.75,0.6,2.770085798959377e-16,0.5506986278481302,0.371488893573377,0.25579408309868323,-0.009375369523892951
3.755,0.5999763132611449,-0.009474570859740787,0.5525144628282157,0.36316699601710817,0.24638842706507347,-0.009405656033609766
3.7600000000000002,0.59990525678499,-0.01894764557491173,0.5542884015791257,0.354787750182007,0.2369539697838713,-0.00943445728120218
3.765,0.5997868417921768,-0.028417728237196977,0.5560201639753662,0.34635247924809726,0.22749220106525525,-0.009461768718616037
3.77,0.5996210869818053,-0.03788332341076615,0.5577094765515783,0.3378625152424173,0.21800461503219515,-0.009487586033060103
3.775,0.5994080185284815,-0.04734293636841001,0.5593560725457217,0.3293191988286772,0.20849270988451574,-0.009511905147679411
3.7800000000000002,0.5991476700781841,-0.056795073327585904,0.5609596919411995,0.3207238790955526,0.1989579876623121,-0.00953472222220364
3.785,0.5988400827429518,-0.06623824168629266,0.5625200815079178,0.31207791334364765,0.18940195400876103,-0.009556033653551066
3.79,0.59848530509439,-0.07567095025878044,0.5640369948422735,0.3033826668711616,0.17982611793236125,-0.00957583607639978
3.795,0.5980833931560025,-0.08509170951101552,0.565510192406065,0.2946395127582925,0.17023199156864455,-0.009594126363716704
3.8000000000000003,0.5976344103943433,-0.09449903179590577,0.5669394415643171,0.2858498316504114,0.16062108994139124,-0.00961090162725331
3.805,0.5971384277089953,-0.10389143158820657,0.5683245166220173,0.27701501154004293,0.15099493072339099,-0.009626159218000252
3.81,0.5965955234213742,-0.11326742571911194,0.5696651988597558,0.26813644754768473,0.1413550339967845,-0.009639896726606478
3.815,0.5960057832623603,-0.1226255336104599,0.5709612765682632,0.259215541701502,0.1317029220130228,-0.009652111983761702
3.8200000000000003,0.5953693003587616,-0.13196427750853051,0.5722125450818429,0.2502537027159307,0.12204011895249167,-0.009662803060531133
3.825,0.5946861752186066,-0.14128218271740275,0.573418806810689,0.24125234576922533,0.11236815068381811,-0.009671968268673559
3.83,0.5939565157152741,-0.1505777778318289,0.574579871272089,0.2322128922799857,0.1026885445229253,-0.009679606160892806
3.835,0.5931804370704581,-0.15984959496958243,0.5756955551205025,0.22313676968269852,0.09300282899184553,-0.009685715531079775
3.84,0.5923580618359732,-0.16909617000325627,0.5767656821765141,0.2140254112023289,0.08331253357735324,-0.00969029541449229
3.845,0.5914895198744021,-0.17831604279146163,0.5777900834546541,0.20488025562799728,0.07361918848943994,-0.009693345087913308
3.85,0.5905749483385893,-0.18750775740940376,0.578768597190083,0.19570274708577817,0.06392432441967577,-0.009694864069764164
3.855,0.5896144916499823,-0.19666986237879205,0.5797010688641363,0.18649433481065567,0.05422947229949626,-0.009694852120179509
3.86,0.5886083014758258,-0.20580091089704267,0.5805873512287246,0.17725647291767252,0.04453616305844732,-0.009693309241048942
3.865,0.5875565367052128,-0.21489946106574148,0.5814273043295861,0.16799062017230834,0.034845927382440856,-0.009690235676006465
3.87,0.5864593634239929,-0.22396407611834576,0.5822207955283867,0.15869823976012365,0.02516029547203369,-0.009685631910407166
3.875,0.5853169548885461,-0.2329933246470557,0.5829676995236652,0.14938079905570592,0.015480796800796948,-0.009679498671236741
3.88,0.5841294914984233,-0.24198578082885958,0.58366789837062,0.14003976939095403,0.005808959873790376,-0.009671836927006572
3.8850000000000002,0.5828971607678594,-0.2509400246506837,0.5843212814997337,0.13067662582273792,-0.00385368801380348,-0.009662647887593856
3.89,0.5816201572961623,-0.25985464213362514,0.5849277457342336,0.12129284689996976,-0.013505621017856906,-0.009651933004053426
3.895,0.5802986827369836,-0.26872822555624437,0.5854871953063842,0.11188991443012421,-0.023145314986249832,-0.009639693968392926
3.9,0.5789329457664755,-0.2775593736768506,0.5859995418726104,0.10246931324524355,-0.03277124769954343,-0.009625932713293595
3.9050000000000002,0.5775231620503374,-0.2863466919547841,0.5864647045274477,0.09303253096746564,-0.04238189911136503,-0.009610651411821602
3.91,0.5760695542097611,-0.29508879277062067,0.5868826098163182,0.08358105777411093,-0.05197575158843282,-0.009593852477067788
3.915,0.5745723517862752,-0.3037842956453021,0.5872531917471301,0.07411638616236628,-0.06155129015021521,-0.009575538561782393
3.92,0.5730317912054986,-0.3124318274581207,0.5875763918006981,0.06464001071360233,-0.07110700270815729,-0.009555712557942075
3.9250000000000003,0.5714481157398057,-0.3210300226635602,0.5878521589399849,0.05515342785736157,-0.080641380304462,-0.00953437759630471
3.93,0.5698215754699113,-0.32957752350692177,0.5880804496181602,0.045658135635055004,-0.0901529173503679,-0.009511537045905905
3.935,0.5681524272453793,-0.3380729802387378,0.5882612277854772,0.03615563346340375,-0.09964011186390453,-0.009487194513536634
3.94,0.5664409346440633,-0.34651505132790905,0.5883944648949655,0.02664742189766397,-0.10910146570706936,-0.009461353843164821
3.9450000000000003,0.5646873679304858,-0.35490240367354564,0.5884801399069388,0.01713500239467152,-0.1185354848223985,-0.00943401911532915
3.95,0.562892004013159,-0.3632337128154818,0.5885182392923175,0.00761987707574472,-0.1279406794688992,-0.009405194646500692
3.955,0.5610551264008578,-0.37150766314342565,0.5885087570347649,-0.0018964515105181993,-0.13731556445729876,-0.009374884988399557
3.96,0.5591770251578508,-0.37972294810470575,0.5884516946316374,-0.011412480625508805,-0.14665865938457034,-0.009343094927271589
3.9650000000000003,0.5572579968580956,-0.38787827041059314,0.5883470610937478,-0.02092670757790854,-0.15596848886770875,-0.00930982948313841
3.97,0.5552983445384074,-0.3959723422411552,0.5881948729439429,-0.03043762996098109,-0.16524358277670181,-0.00927509390899306
3.975,0.5532983776506045,-0.40400388544861915,0.5879951542144938,-0.03994374588981968,-0.1744824764666919,-0.00923889368999009
3.98,0.5512584120126426,-0.41197163175920926,0.5877479364433013,-0.04944355423851215,-0.18368371100925596,-0.009201234542564052
3.985,0.5491787697587438,-0.4198743229734189,0.5874532586689153,-0.05893555487718631,-0.19284583342278727,-0.009162122413531315
3.99,0.5470597792885283,-0.42771071116469245,0.5871111674243708,-0.06841824890889782,-0.20196739690193477,-0.009121563479147499
3.995,0.544901775215155,-0.43547955887649437,0.5867217167298391,-0.0778901389063235,-0.21104696104607856,-0.009079564144143792
4.0,0.5427050983124843,-0.4431796393177093,0.586284968084098,-0.08734972914822214,-0.22008309208677412,-0.00903613104069556
4.005,0.5404700954612631,-0.4508097365563747,0.5858009904548199,-0.09679552585562651,-0.2290743631141745,-0.008991271027400383
4.01,0.5381971195943507,-0.4583686457116867,0.5852698602676812,-0.10622603742772835,-0.23801935430234622,-0.008944991188171714
4.015,0.5358865296409858,-0.46585517314426167,0.5846916613942942,-0.11563977467741954,-0.2469166531334771,-0.008897298831130884
4.0200000000000005,0.533538690470107,-0.47326813664463385,0.584066485138962,-0.12503525106645175,-0.2557648546209357,-0.008848201487458573
4.025,0.5311539728327366,-0.4806063656199316,0.5833944302242611,-0.13441098294017842,-0.264562561531127,-0.008797706910191327
4.03,0.5287327533034343,-0.48786870127873105,0.5826756027754518,-0.14376548976184064,-0.273308384604134,-0.008745823073006975
4.035,0.5262754142208312,-0.4950539968140453,0.58191011630372,-0.15309729434636152,-0.28200094277310295,-0.008692558168968967
4.04,0.5237823436272545,-0.5021611175844155,0.581098091688252,-0.16240492309361057,-0.2906388633823276,-0.008637920609224636
4.045,0.5212539352074522,-0.5091889412930819,0.5802396571571465,-0.17168690622110222,-0.29922078240399885,-0.00858191902167127
4.05,0.5186905882264237,-0.5161363581652126,0.579334948267166,-0.18094177799609182,-0.30774534465361436,-0.008524562249615508
4.055,0.5160927074663724,-0.5230022711231467,0.5783841078823309,-0.19016807696703153,-0.3162112040039683,-0.008465859350353933
4.0600000000000005,0.5134607031627854,-0.5297855959596376,0.5773872861513591,-0.19936434619435042,-0.3246170235977275,-0.00840581959375919
4.065,0.5107949909396547,-0.536485261509055,0.5763446404839565,-0.20852913348052246,-0.332961476058522,-0.008344452460794516
4.07,0.5080959917438412,-0.5431002098165467,0.5752563355259596,-0.2176609915993853,-0.34124324370057635,-0.00828176764205435
4.075,0.5053641317786065,-0.5496293963050901,0.5741225431333362,-0.22675847852467362,-0.34946101873676527,-0.008217775036188923
4.08,0.5025998424363074,-0.5560717899404508,0.5729434423450476,-0.23582015765773243,-0.3576135034851441,-0.008152484748378819
4.085,0.4998035602302757,-0.5624263733939912,0.5717192193547758,-0.24484459805437217,-0.36569941057385924,-0.00808590708871515
4.09,0.49697572672588697,-0.5686921432033203,0.5704500674815216,-0.25383037465083186,-0.373717463144444,-0.008018052570584744
4.095,0.4941167884708335,-0.5748681099307482,0.5691361871390775,-0.2627760684888125,-0.38166639505344047,-0.007948931908996482
4.1,0.4912271969246073,-0.5809532983195355,0.5677777858043798,-0.2716802669395478,-0.38954495107235115,-0.007878556018910687
4.105,0.48830740838720993,-0.5869467474478955,0.5663750779847454,-0.28054156392687385,-0.3973518870858492,-0.007806936013498023
4.11,0.4853578839271002,-0.5928475108807293,0.5649282851839991,-0.28935856014926575,-0.4050859702882259,-0.007734083202376729
4.115,0.48237908930838175,-0.5986546568190886,0.5634376358674951,-0.2981298633008028,-0.4127459793780866,-0.007660009089860698
4.12,0.4793714949172556,-0.6043672682473121,0.5619033654260399,-0.3068540882910304,-0.42033070475119727,-0.007584725373110668
4.125,0.476335575687742,-0.609984443077831,0.5603257161387215,-0.315529857463681,-0.42783894869148964,-0.0075082439402923695
4.13,0.4732718110266805,-0.6155052942936238,0.5587049371346504,-0.3241558008142229,-0.43526952556020515,-0.0074305768687155105
4.135,0.470180684738027,-0.6209289500882847,0.5570412843536194,-0.33273055620619957,-0.44262126198311713,-0.007351736422911981
4.14,0.4670626849464566,-0.6262545540036891,0.5553350205056878,-0.3412527695863262,-0.44989299703581426,-0.007271735052697126
4.1450000000000005,0.4639183040202807,-0.6314812650652442,0.5535864150296963,-0.34972109519831124,-0.45708358242703556,-0.007190585391221305
4.15,0.46074803849369866,-0.6366082579146821,0.5517957440507195,-0.3581341957953666,-0.4641918826799882,-0.007108300252952615
4.155,0.45755238898838857,-0.6416347229403977,0.5499632903364626,-0.3664907428513743,-0.47121677531165473,-0.007024892631666557
4.16,0.45433186013445204,-0.6465598664052953,0.5480893432526093,-0.37478941677067623,-0.47815715101005296,-0.006940375698398227
4.165,0.4510869604907281,-0.6513829105721284,0.546174198717127,-0.38302890709645376,-0.48501191380940584,-0.006854762799352876
4.17,0.4478182024644875,-0.6561030938263114,0.5442181591535387,-0.3912079127176638,-0.4917799812631976,-0.006768067453791771
4.175,0.44452610223051486,-0.6607196707961908,0.5422215334431661,-0.39932514207449954,-0.498460284615119,-0.0066803033519213795
4.18,0.4412111796496002,-0.665231912470746,0.5401846368763544,-0.40737931336234257,-0.5050517689678297,-0.006591484352710675
4.1850000000000005,0.43787395818644614,-0.6696391063147104,0.5381077911026836,-0.4153691547341746,-0.5115533934495414,-0.006501624481711765
4.19,0.4345149648270097,-0.6739405563810836,0.5359913240801765,-0.42329340450141695,-0.5179641313783695,-0.00641073792882807
4.195,0.4311347299952796,-0.6781355834210382,0.5338355700235107,-0.43115081133316624,-0.5242829704244845,-0.006318839046114966
4.2,0.42773378746952173,-0.6822235249911729,0.5316408693512417,-0.4389401344537932,-0.5305089127699447,-0.006225942345460256
4.205,0.42431267429798536,-0.6862037355581254,0.5294075686320473,-0.4466601438388761,-0.5366409752662815,-0.006132062496336799
4.21,0.4208719307140991,-0.6900755866005074,0.5271360205300001,-0.4543096204094357,-0.5426781895897409,-0.006037214323459383
4.215,0.41741210005116075,-0.6938384667081556,0.5248265837488779,-0.46188735622444227,-0.5486196023941967,-0.0059414128044558145
4.22,0.4139337286565406,-0.6974917816786794,0.5224796229755201,-0.4693921546715627,-0.5544642754616866,-0.005844673067489925
4.225,0.4104373658054039,-0.701034954611295,0.5200955088222395,-0.4768228306561203,-0.5602112858505809,-0.005747010388894247
4.23,0.4069235636139749,-0.7044674259979233,0.5176746177682984,-0.4841782107882343,-0.5658597260413232,-0.005648440190742288
4.235,0.4033928769523551,-0.7077886538115402,0.5152173321004578,-0.49145713356811227,-0.5714087040797164,-0.005548978038393271
4.24,0.3998458633568962,-0.7109981135917739,0.5127240398526105,-0.49865844956946404,-0.5768573437178082,-0.0054486396380917235
4.245,0.39628308294216275,-0.7140952985277201,0.5101951347445055,-0.5057810216210098,-0.5822047845522388,-0.005347440834430617
4.25,0.39270509831248435,-0.7170797195379732,0.5076310161195753,-0.5128237249860521,-0.5874501821601058,-0.0052453976078670195
4.255,0.38911247447311076,-0.7199509053478594,0.5050320888818749,-0.5197854475400852,-0.5925927082323226,-0.005142526072216769
4.26,0.3855057787409929,-0.722708402563856,0.5023987634321428,-0.5266650899464125,-0.59763155070441,-0.0050388424720874125
4.265,0.38188558065519784,-0.7253517757451857,0.49973145560299415,-0.533461565829744,-0.602565913884725,-0.004934363180315038
4.2700000000000005,0.3782524518869691,-0.7278806074725811,0.4970305865932554,-0.540173801947748,-0.6073950185801252,-0.00482910469540021
4.275,0.3746069661494561,-0.7302944984141969,0.49429658290145273,-0.5468007383605287,-0.6121181022189964,-0.004723083638871195
4.28,0.37094969910711734,-0.7325930673886702,0.49152987625846273,-0.5533413285980022,-0.616734418971677,-0.004616316752680594
4.285,0.3672812282848145,-0.7347759514253148,0.488730903559337,-0.5597945398251473,-0.621243239868241,-0.004508820896564014
4.29,0.36360213297661625,-0.7368428058214366,0.4859001067943115,-0.5661593530051012,-0.6256438529136038,-0.004400613045362767
4.295,0.3599129941543222,-0.7387933041967659,0.4830379329790111,-0.5724347630600777,-0.6299355631999465,-0.004291710286342676
4.3,0.3562143943757177,-0.7406271385449991,0.4801448340838607,-0.5786197790300807,-0.6341176930164669,-0.004182129816520441
4.305,0.35250691769258335,-0.7423440192824337,0.4772212669627138,-0.5847134242293879,-0.6381895819563868,-0.004071888939919832
4.3100000000000005,0.34879114955846485,-0.7439436752936993,0.4742676932807099,-0.590714736400781,-0.6421505870212446,-0.003961005064857859
4.315,0.34506767673622707,-0.7454258539745668,0.4712845794413724,-0.5966227678674972,-0.6460000827224142,-0.0038494957011695474
4.32,0.34133708720539113,-0.7467903212718414,0.46827239651295804,-0.602436585682879,-0.6497374611799065,-0.003737378457492335
4.325,0.3375999700692912,-0.7480368617203189,0.46523162015406955,-0.6081552717776957,-0.6533621322183342,-0.0036246710384276737
4.33,0.33385691546204466,-0.7491652784768124,0.46216273053854395,-0.6137779231051189,-0.6568735234601244,-0.0035113912417902293
4.335,0.3301085144553648,-0.750175393351235,0.45906621227962735,-0.6193036517833231,-0.6602710804158957,-0.0033975569557712637
4.34,0.326355358965223,-0.7510670468347383,0.4559425543534489,-0.6247315852356933,-0.6635542665720218,-0.0032831861561261055
4.345,0.3225980416583801,-0.7518400981249012,0.4527922500218058,-0.6300608663286134,-0.666722563475344,-0.0031682969033222097
4.3500000000000005,0.3188371558587935,-0.7524944251479633,0.4496157967542717,-0.6352906535068191,-0.6697754708150614,-0.0030529073397174145
4.355,0.3150732954539306,-0.7530299245781022,0.44641369614964027,-0.6404201209262889,-0.6727125065017057,-0.0029370356866442737
4.36,0.31130705480098025,-0.7534465118537504,0.443186453856717,-0.6454484585846536,-0.6755332067433001,-0.0028207002415944205
4.365,0.3075390286330015,-0.7537441211909479,0.43993457949447146,-0.6503748724491062,-0.6782371261185777,-0.002703919375277586
4.37,0.3037698119650057,-0.7539227055937304,0.43665858657156253,-0.6551985845817884,-0.6808238376473288,-0.0025867115287511178
4.375,0.3000000000000001,-0.7539822368615503,0.43335899240524933,-0.6599188332626356,-0.6832929328578121,-0.0024690952104833297
4.38,0.29623018803499457,-0.7539227055937304,0.43003631803970105,-0.6645348731096622,-0.6856440218512738,-0.002351088993461703
4.385,0.29246097136699883,-0.7537441211909479,0.4266910881637177,-0.6690459751966649,-0.6878767333635111,-0.002232711512237251
4.39,0.28869294519901995,-0.7534465118537506,0.4233238310278761,-0.6734514271683296,-0.6899907148234887,-0.002113981459977654
4.3950000000000005,0.2849267045460691,-0.7530299245781021,0.4199350783611125,-0.6777505333527202,-0.6919856324090348,-0.001994917585546041
4.4,0.2811628441412057,-0.752494425147963,0.4165253652867568,-0.6819426148711332,-0.693861171099534,-0.0018755386904992788
4.405,0.2774019583416201,-0.7518400981249013,0.4130952302380303,-0.6860270097453006,-0.6956170347256835,-0.0017558636261494343
4.41,0.2736446410347772,-0.7510670468347385,0.4096452148730207,-0.690003073001924,-0.6972529460162655,-0.0016359112905820483
4.415,0.26989148554463543,-0.750175393351235,0.40617586398914807,-0.6938701767745232,-0.6987686466419263,-0.0015157006256607541
4.42,0.2661430845379556,-0.7491652784768124,0.40268772543713516,-0.6976277104025835,-0.7001638972559623,-0.0013952506140360033
4.425,0.26240002993070904,-0.748036861720319,0.39918135003449523,-0.7012750805279867,-0.7014384775321305,-0.0012745802761682246
4.43,0.2586629127946091,-0.7467903212718415,0.39565729147855166,-0.7048117111887084,-0.7025921861994305,-0.001153708667300024
4.4350000000000005,0.25493232326377263,-0.7454258539745667,0.39211610625900284,-0.7082370439097694,-0.7036248410738952,-0.001032654874464689
4.44,0.2512088504415349,-0.7439436752936992,0.3885583535700457,-0.7115505377914254,-0.7045362790873397,-0.0009114380134445099
4.445,0.24749308230741687,-0.7423440192824339,0.3849845952220728,-0.7147516695945817,-0.7053263563131441,-0.0007900772258043753
4.45,0.2437856056242825,-0.7406271385449992,0.3813953955529557,-0.7178399338234179,-0.7059949479889515,-0.0006685916758073507
4.455,0.24008700584567805,-0.738793304196766,0.3777913213389296,-0.7208148428052125,-0.7065419485363883,-0.0005470005474368378
4.46,0.23639786702338397,-0.7368428058214367,0.37417294170509285,-0.723675926767351,-0.7069672715777282,-0.00042532304133990895
4.465,0.2327187717151857,-0.7347759514253149,0.3705408280355353,-0.72642273391151,-0.7072708499495357,-0.00030357837180750025
4.47,0.2290503008928829,-0.7325930673886705,0.3668955538831103,-0.7290548304849994,-0.707452635713262,-0.0001817857637262943
4.4750000000000005,0.22539303385054307,-0.7302944984141964,0.363237694878864,-0.7315718008492584,-0.7075126001628361,-5.996444957412361e-05
4.48,0.22174754811303063,-0.727880607472581,0.3595678286411365,-0.7339732475454892,-0.7074507338291668,6.186633366933592e-05
4.485,0.21811441934480238,-0.7253517757451858,0.3558865346843494,-0.7362587913574205,-0.7072670464816706,0.00018368734749618643
4.49,0.21449422125900736,-0.7227084025638562,0.35219439432749344,-0.7384280713711897,-0.7069615671267102,0.0003054793549603918
4.495,0.2108875255268894,-0.7199509053478597,0.34849199060233177,-0.7404807450323363,-0.7065343440030202,0.0004272231236900348
4.5,0.20729490168751588,-0.7170797195379734,0.3447799081613323,-0.7424164881998941,-0.7059854445740794,0.0005488994289407634
4.505,0.2037169170578375,-0.7140952985277204,0.3410587331853444,-0.744234995197578,-0.705314955517474,0.0006704890566053834
4.51,0.20015413664310405,-0.710998113591774,0.33732905329103413,-0.7459359788620523,-0.7045229827112018,0.0007919728062721898
4.515,0.1966071230476452,-0.7077886538115403,0.33359145743809276,-0.7475191705882784,-0.7036096512169447,0.0009133314942570969
4.5200000000000005,0.1930764363860248,-0.704467425997923,0.32984653583623313,-0.7489843203719304,-0.7025751052603397,0.0010345459566050152
4.525,0.18956263419459635,-0.7010349546112952,0.32609487985198876,-0.7503311968488735,-0.701419508208184,0.0011555970521557324
4.53,0.18606627134345963,-0.6974917816786796,0.3223370819153303,-0.7515595873316989,-0.7001430425426457,0.0012764656655382955
4.535,0.18258789994883942,-0.6938384667081559,0.3185737354261137,-0.7526692978433098,-0.6987459098324543,0.0013971327101913733
4.54,0.17912806928590108,-0.6900755866005076,0.31480543466037597,-0.7536601531475531,-0.6972283307010632,0.0015175791313911668
4.545,0.17568732570201484,-0.6862037355581257,0.31103277467649154,-0.7545319967768901,-0.6955905447918056,0.0016377859092575608
4.55,0.17226621253047852,-0.6822235249911731,0.30725635122120604,-0.7552846910571057,-0.6938328107300651,0.0017577340617405124
4.555,0.16886527000472065,-0.6781355834210384,0.3034767606355608,-0.7559181171290481,-0.6919554060824269,0.0018774046476381923
4.5600000000000005,0.1654850351729901,-0.6739405563810834,0.29969459976072377,-0.756432174967398,-0.6899586273128534,0.001996778769573493
4.565,0.1621260418135536,-0.66963910631471,0.2959104658437414,-0.756826783396464,-0.6878427897358508,0.0021158375770026217
4.57,0.15878882035039996,-0.6652319124707463,0.2921249564432264,-0.7571018801030015,-0.6856082274667074,0.0022345622691434253
4.575,0.15547389776948536,-0.6607196707961911,0.28833866933499613,-0.7572574216460518,-0.6832552933687052,0.0023529340980021907
4.58,0.15218179753551267,-0.6561030938263117,0.28455220241767715,-0.7572933834638026,-0.6807843589974173,0.0024709343712878695
4.585,0.1489130395092721,-0.6513829105721287,0.2807661536182898,-0.7572097598774666,-0.6781958145420253,0.002588544455392028
4.59,0.14566813986554814,-0.6465598664052956,0.27698112079782894,-0.7570065640921783,-0.6754900687637084,0.002705745778316837
4.595,0.14244761101161155,-0.641634722940398,0.2731977016568544,-0.7566838281949078,-0.6726675489310869,0.002822519832621495
4.6000000000000005,0.13925196150630056,-0.636608257914681,0.2694164936411074,-0.7562416031493953,-0.6697287007527692,0.002938848178317688
4.605,0.13608169597971906,-0.6314812650652437,0.2656380938471669,-0.7556799587881021,-0.6666739883069418,0.0030547124458274455
4.61,0.1329373150535436,-0.6262545540036895,0.261863098928161,-0.7549989838011844,-0.6635038939681166,0.0031700943388252023
4.615,0.1298193152619732,-0.6209289500882851,0.2580921049995486,-0.7541987857224869,-0.660218918330939,0.0032849756371775563
4.62,0.12672818897331964,-0.6155052942936241,0.2543257075449858,-0.7532794909125632,-0.6568195801311448,0.0033993381997942107
4.625,0.12366442431225816,-0.6099844430778313,0.2505645013222922,-0.7522412445387209,-0.6533064161636382,0.0035131639675066717
4.63,0.12062850508274461,-0.6043672682473125,0.2468090802695317,-0.751084210552099,-0.6496799811977378,0.003626434965900316
4.635,0.11762091069161845,-0.598654656819089,0.2430600374112228,-0.7498085716617766,-0.6459408478895662,0.0037391333081716605
4.64,0.11464211607289992,-0.5928475108807296,0.2393179647646932,-0.7484145293059229,-0.6420896066916144,0.0038512411979517713
4.6450000000000005,0.11169259161278985,-0.5869467474478951,0.23558345324659327,-0.7469023036199864,-0.6381268657595167,0.003962740932097697
4.65,0.10877280307539287,-0.5809532983195358,0.2318570925795836,-0.7452721334019339,-0.6340532508560021,0.004073614903514655
4.655,0.10588321152916666,-0.5748681099307485,0.22813947119921088,-0.7435242760745404,-0.6298694052520847,0.00418384560391738
4.66,0.1030242732741132,-0.5686921432033207,0.22443117616098718,-0.7416590076447402,-0.6255759896254884,0.004293415626596242
4.665,0.10019643976972444,-0.5624263733939916,0.22073279304768698,-0.7396766226600419,-0.6211736819563137,0.00440230766917471
4.67,0.09740015756369276,-0.5560717899404513,0.2170449058768769,-0.7375774341620152,-0.6166631774199711,0.004510504536342608
4.675,0.09463586822139365,-0.5496293963050906,0.21336809700869258,-0.735361773636859,-0.6120451882774162,0.004617989142554957
4.68,0.09190400825615892,-0.5431002098165472,0.2097029470538773,-0.7330299909630554,-0.6073204437626682,0.004724744514747914
4.6850000000000005,0.08920500906034508,-0.5364852615090545,0.20605003478209669,-0.7305824543561198,-0.6024896899676611,0.004830753795007192
4.69,0.0865392968372144,-0.529785595959637,0.2024099370305444,-0.7280195503104553,-0.5975536897244115,0.004936000243249583
4.695,0.08390729253362772,-0.5230022711231471,0.1987832286128528,-0.7253416835383214,-0.5925132224845835,0.005040467239827984
4.7,0.08130941177357649,-0.5161363581652132,0.19517048222832317,-0.7225492769059245,-0.5873690841963816,0.005144138288201927
4.705,0.07874606479254795,-0.5091889412930825,0.19157226837148997,-0.7196427713666428,-0.5821220871788761,0.005246997017505417
4.71,0.07621765637274563,-0.5021611175844161,0.187989155242033,-0.7166226258913944,-0.5767730599937216,0.005349027185154509
4.715,0.0737245857791689,-0.49505399681404577,0.1844217086550522,-0.7134893173961611,-0.5713228473143205,0.005450212679401156
4.72,0.07126724669656587,-0.48786870127873155,0.1808704919517188,-0.7102433406666767,-0.5657723097924316,0.005550537521888832
4.7250000000000005,0.06884602716726289,-0.48060636561993,0.17733606591031734,-0.7068852082802959,-0.5601223239222796,0.0056499858701520855
4.73,0.06646130952989279,-0.47326813664463335,0.17381898865769208,-0.7034154505250513,-0.5543737819021227,0.005748542020156844
4.735,0.06411347035901432,-0.4658551731442622,0.1703198155811125,-0.6998346153159153,-0.5485275914933887,0.00584619040873402
4.74,0.06180288040564952,-0.4583686457116872,0.1668390992405711,-0.6961432681082782,-0.542584675877315,0.005942915616073741
4.745,0.05952990453873697,-0.4508097365563752,0.16337738928152784,-0.6923419918086559,-0.5365459735091707,0.0060387023681443
4.75,0.05729490168751586,-0.4431796393177098,0.15993523234811463,-0.6884313866826418,-0.5304124379700599,0.006133535539110779
4.755,0.05509822478484502,-0.43547955887649487,0.15651317199681403,-0.6844120702601192,-0.5241850378163481,0.006227400153711815
4.76,0.05294022071147183,-0.427710711164693,0.1531117486106253,-0.6802846772377444,-0.5178647564267109,0.006320281389637139
4.765,0.050821230241256364,-0.4198743229734194,0.14973149931373167,-0.6760498593787222,-0.5114525918468447,0.006412164579866264
4.7700000000000005,0.048741587987357504,-0.41197163175920976,0.14637295788668225,-0.6717082854098843,-0.5049495566318708,0.006503035214973862
4.775,0.04670162234939531,-0.40400388544861865,0.1430366546821018,-0.6672606409160896,-0.49835667768643466,0.0065928789454361425
4.78,0.04470165546159242,-0.39597234224115463,0.139723116540942,-0.6627076282319627,-0.49167499610254695,0.006681681583887711
4.785,0.042742003141904406,-0.3878782704105937,0.13643286670928706,-0.6580499663309868,-0.48490556699518794,0.006769429107359004
4.79,0.04082297484214935,-0.37972294810470625,0.1331664247557272,-0.6532883907119695,-0.47804945933568854,0.0068561076594994
4.795,0.03894487359914236,-0.3715076631434262,0.12992430648931272,-0.6484236532828992,-0.4711077557829242,0.006941703552764356
4.8,0.03710799598684109,-0.3632337128154824,0.12670702387810168,-0.64345652224221,-0.46408155251235816,0.007026203270566023
4.805,0.03531263206951428,-0.3549024036735462,0.1235150849683143,-0.638387781957474,-0.45697195904293697,0.007109593469421194
4.8100000000000005,0.03355906535593652,-0.3465150513279084,0.1203489938041066,-0.6332182328415411,-0.4497800980618889,0.0071918609810480705
4.815,0.03184757275462086,-0.3380729802387384,0.11720925034797589,-0.627948691226144,-0.44250710524742876,0.007272992814460144
4.82,0.03017842453008854,-0.32957752350692116,0.11409635040181093,-0.6225799892329906,-0.43515412908943674,0.007352976157992019
4.825,0.028551884260194126,-0.3210300226635595,0.11101078552859912,-0.6171129746423615,-0.427722330708084,0.007431798381352717
4.83,0.026968208794501368,-0.31243182745812126,0.10795304297480295,-0.6115485107592362,-0.4202128836704888,0.007509447037595207
4.835,0.025427648213724872,-0.3037842956453027,0.10492360559341811,-0.6058874762769675,-0.4126269738053904,0.007585909865098439
4.84,0.023930445790238918,-0.2950887927706212,0.10192295176772548,-0.600130765138525,-0.404965799015896,0.007661174789494352
4.845,0.02247683794966272,-0.28634669195478474,0.09895155533574881,-0.5942792863953316,-0.3972305690903138,0.007735229925582232
4.8500000000000005,0.021067054233524396,-0.27755937367684996,0.09600988551543024,-0.5883339640637132,-0.3894225055111221,0.007808063579191671
4.855,0.019701317263016292,-0.2687282255562437,0.09309840683053532,-0.5822957369789864,-0.3815428412620697,0.007879664249052398
4.86,0.018379842703837777,-0.25985464213362575,0.0902175790372993,-0.5761655586472053,-0.3735928206334877,0.007950020628582022
4.865,0.017102839232140742,-0.25094002465068427,0.08736785705182634,-0.5699443970945919,-0.36557369902579273,0.008019121607694968
4.87,0.015870508501576695,-0.2419857808288602,0.08454969087825298,-0.5636332347146734,-0.3574867427512482,0.008086956274544532
4.875,0.014683045111453973,-0.23299332464705633,0.08176352553768723,-0.557233068113151,-0.34933322883399504,0.008153513917253163
4.88,0.013540636576007214,-0.22396407611834637,0.07900980099793461,-0.5507449079505242,-0.34111444480840014,0.008218784025594894
4.885,0.012443463294787249,-0.21489946106574212,0.07628895210402213,-0.5441697787824958,-0.3328316885157368,0.00828275629266334
4.89,0.01139169852417432,-0.20580091089704325,0.07360140850953122,-0.5375087188981829,-0.32448626789923907,0.008345420616497734
4.8950000000000005,0.010385508350017836,-0.1966698623787927,0.07094759460875043,-0.5307627801561585,-0.3160795007975669,0.008406767101672152
4.9,0.00942505166141061,-0.18750775740940306,0.06832792946965867,-0.5239330278183516,-0.3076127147366991,0.008466786060867815
4.905,0.008510480125597807,-0.17831604279146096,0.06574282676774952,-0.5170205403818293,-0.2990872467203043,0.00852546801639481
4.91,0.007641938164026895,-0.1690961700032569,0.06319269472070707,-0.51002640940849,-0.2905044430186131,0.008582803701691177
4.915,0.006819562929541922,-0.15984959496958306,0.060677936023943606,-0.5029517393526929,-0.2818656589558257,0.008638784062787397
4.92,0.006043484284725975,-0.15057777783182952,0.05819894778700935,-0.495797647386852,-0.2731722586960882,0.008693400259737527
4.925,0.00531382478139345,-0.14128218271740337,0.05575612147088424,-0.4885652632250217,-0.2644256150280795,0.008746643668008702
4.93,0.0046306996412385,-0.13196427750853115,0.05334984282616173,-0.4812557289445015,-0.25562710914822867,0.008798505879850815
4.9350000000000005,0.003994216737639555,-0.1226255336104592,0.05098049183213429,-0.4738701988054892,-0.24677813044261088,0.008848978705617794
4.94,0.0034044765786257814,-0.11326742571911257,0.04864844263679024,-0.46640983906880945,-0.23788007626754254,0.008898054175068337
4.945,0.002861572291004577,-0.10389143158820591,0.046354063497731496,-0.45887582781174796,-0.22893435172892831,0.008945724538614225
4.95,0.0023655896056566372,-0.09449903179590508,0.0440977167240214,-0.45126935474201924,-0.2199423694603743,0.008991982268554022
4.955,0.0019166068439974814,-0.08509170951101616,0.04187975861897191,-0.443591621009898,-0.21090554940011957,0.009036820060254719
4.96,0.0015146949056099811,-0.07567095025878108,0.039700539423879196,-0.4358438390185437,-0.20182531856680966,0.009080230833309916
4.965,0.0011599172570482819,-0.0662382416862933,0.03756040326271646,-0.4280272322325479,-0.19270311083415456,0.009122207732655097
4.97,0.0008523299218158531,-0.05679507332758656,0.03545968808779278,-0.42014303498473504,-0.18354036670450302,0.00916274412965154
4.9750000000000005,0.0005919814715184989,-0.04734293636840932,0.033398725626386544,-0.4121924922812471,-0.17433853308137143,0.009201833623131594
4.98,0.0003789130181947264,-0.03788332341076546,0.031377841328361834,-0.40417685960494254,-0.1650990630409591,0.00923947004041234
4.985,0.00021315820782323857,-0.028417728237197622,0.02939735431477613,-0.3960974027171411,-0.15582341560269297,0.009275647438266116
4.99,9.474321501001803e-05,-0.018947645574912374,0.027457577327487402,-0.3879553974577454,-0.14651305549883056,0.009310360103862408
4.995,2.3686738855166478e-05,-0.009474570859741434,0.02555881667976855,-0.37975212954377097,-0.13716945294316119,0.009343602555669378
5.0,0.0,-3.6934477319458363e-16,0.023701372207936965,-0.3714888943663167,-0.12779408339884274,0.009375369544318446
5.005,2.3686738855166478e-05,0.009474570859740695,0.021885537224006928,-0.3631669967860076,-0.118388427345409,0.009405656053433742
5.01,9.474321501001803e-05,0.018947645574911635,0.020111598469372216,-0.3547877509269421,-0.10895397004498455,0.009434457300424443
5.015,0.00021315820782320525,0.028417728237196883,0.018379836069526333,-0.3463524799691765,-0.09949220130774505,0.009461768737239501
5.0200000000000005,0.00037891301819475975,0.037883323410766064,0.016690523489827434,-0.3378625159397799,-0.09000461525665787,0.009487586051087182
5.025,0.0005919814715185323,0.047342936368411255,0.015043927492314979,-0.3293191995024912,-0.08049271009154452,0.009511905165113355
5.03,0.0008523299218158197,0.05679507332758582,0.013440308093584912,-0.3207238797460132,-0.0709579878524958,0.00953472223904872
5.035,0.0011599172570482485,0.06623824168629257,0.011879918523730035,-0.3120779139709754,-0.061401954182683315,0.009556033669812482
5.04,0.001514694905609948,0.07567095025878035,0.010363005186352029,-0.30338266747560094,-0.051826118090600434,0.00957583609208288
5.045,0.001916606843997448,0.08509170951101544,0.008889807619651479,-0.29463951334010996,-0.04223199171177291,0.009594126378827526
5.05,0.002365589605656604,0.09449903179590434,0.007460558458602008,-0.2858498322098942,-0.03262109006997437,0.009610901641798536
5.055,0.0028615722910045435,0.10389143158820517,0.006075483398214521,-0.27701501207749735,-0.022994930837987322,0.00962615923198705
5.0600000000000005,0.003404476578625848,0.11326742571911318,0.004734801157897347,-0.26813644806343473,-0.013355034097943365,0.009639896740043957
5.065,0.003994216737639588,0.12262553361045982,0.0034387234469179084,-0.25921554219588777,-0.003702922101288795,0.00965211199665457
5.07,0.004630699641238433,0.13196427750853043,0.002187454930971372,-0.2502537031893073,0.005959880971602625,0.00966280307289142
5.075,0.005313824781393417,0.14128218271740267,0.0009811931998615652,-0.2412523462219614,0.015631849252110225,0.0096719682805076
5.08,0.006043484284725909,0.15057777783182882,-0.00017987126370074577,-0.2322128927124622,0.025311455424321713,0.009679606172211488
5.085,0.006819562929541889,0.15984959496958234,-0.0012955551141772834,-0.22313677009530752,0.03499717096621317,0.00968571554189146
5.09,0.007641938164026829,0.1690961700032562,-0.0023656821721546447,-0.21402541159547225,0.04468746639102056,0.009690295424807385
5.095,0.008510480125597741,0.1783160427914602,-0.003390083452165074,-0.2048802560020858,0.054380811488761935,0.009693345097741377
5.1000000000000005,0.009425051661410777,0.18750775740940495,-0.004368597189371225,-0.19570274744123026,0.06407567556787926,0.009694864079117321
5.105,0.010385508350017902,0.19666986237879328,-0.005301068865110708,-0.18649433514789648,0.07377052769694564,0.009694852129066386
5.11,0.011391698524174253,0.20580091089704255,-0.006187351231296372,-0.17725647323713284,0.08346383694642481,0.00969330924947917
5.115,0.012443463294787183,0.2148994610657414,-0.00702730433366849,-0.1679906204744237,0.09315407263041778,0.009690235683992965
5.12,0.013540636576007148,0.22396407611834568,-0.007820795533895157,-0.15869824004533345,0.10283970454837821,0.00968563191796043
5.125,0.014683045111453873,0.2329933246470556,-0.00856769953051742,-0.14938079932445247,0.11251920322674513,0.009679498678366927
5.13,0.015870508501576595,0.2419857808288595,-0.00926789837873583,-0.14003976964368176,0.12219104016047007,0.009671836933724934
5.135,0.01710283923214064,0.2509400246506836,-0.009921281509035292,-0.13067662605989255,0.13185368805438236,0.009662647893912288
5.14,0.01837984270383768,0.259854642133625,-0.010527745744645281,-0.12129284712199771,0.14150562106436487,0.009651933009982516
5.1450000000000005,0.019701317263016358,0.26872822555624426,-0.01108719531783264,-0.11188991463747175,0.1511453150383082,0.00963969397394332
5.15,0.021067054233524694,0.27755937367685174,-0.01159954188502442,-0.10246931343835612,0.16077124775678664,0.009625932718478447
5.155,0.022476837949662588,0.28634669195478407,-0.012064704540758356,-0.09303253114678729,0.17038189917343502,0.00961065141664838
5.16,0.023930445790238817,0.29508879277062056,-0.012482609830458773,-0.0835810579400837,0.17997575165498586,0.00959385248155084
5.165,0.025427648213724775,0.303784295645302,-0.01285319176203592,-0.07411638631542958,0.18955129022091774,0.00957553856593188
5.17,0.026968208794501236,0.3124318274581206,-0.013176391816306882,-0.06464001085419242,0.19910700278268578,0.009555712561768043
5.175,0.02855188426019399,0.32103002266355884,-0.013452158956236438,-0.055153427985911135,0.20864138038250435,0.009534377599818566
5.18,0.03017842453008844,0.3295775235069205,-0.0136804496349964,-0.045658135751992526,0.21815291743162438,0.009511537049120028
5.1850000000000005,0.03184757275462097,0.33807298023873894,-0.013861227802842166,-0.0361556335691533,0.22764011194808684,0.00948719451646246
5.19,0.03355906535593662,0.34651505132790894,-0.013994464912805388,-0.026647421992644603,0.2371014657938939,0.009461353845807069
5.195,0.03531263206951415,0.3549024036735456,-0.014080139925201874,-0.017135002479296956,0.2465354849115977,0.009434019117703807
5.2,0.037107995986840954,0.3632337128154817,-0.01411823931095399,-0.007619877150423036,0.25594067956021416,0.009405194648616444
5.205,0.03894487359914223,0.3715076631434256,-0.014108757053727064,0.0018964514453849255,0.2653155645504811,0.009374884990266952
5.21,0.04082297484214918,0.3797229481047057,-0.014051694650879439,0.011412480569524892,0.27465865947938123,0.00934309492890012
5.215,0.042742003141904274,0.38787827041059303,-0.013947061113226014,0.020926707530685013,0.2839684889639186,0.009309829484537346
5.22,0.04470165546159225,0.39597234224115396,-0.013794872963615337,0.03043762992213557,0.29324358287409136,0.009275093910172783
5.2250000000000005,0.04670162234939574,0.4040038854486202,-0.013595154234320452,0.039943745858976955,0.30248247656505534,0.009238893690963979
5.23,0.048741587987357636,0.41197163175921026,-0.01334793646324393,0.04944355421530428,0.31168371110839044,0.009201234543335102
5.235,0.05082123024125623,0.41987432297341887,-0.013053258688937667,0.058935554861252834,0.32084583352250085,0.009162122414110407
5.24,0.05294022071147166,0.42771071116469234,-0.012711167444438239,0.06841824889988586,0.32996739700204664,0.009121563479545791
5.245,0.05509822478484485,0.4354795588764943,-0.012321716749918799,0.0778901389038879,0.3390469611464154,0.009079564144368779
5.25,0.05729490168751569,0.44317963931770926,-0.01188496810415867,0.08734972915202563,0.3480830921871725,0.009036131040757067
5.255,0.05952990453873677,0.45080973655637463,-0.01140099047483197,0.09679552586533999,0.3570743632144773,0.008991271027304792
5.26,0.06180288040564935,0.45836864571168656,-0.010869860287616818,0.10622603744303064,0.36601935440240657,0.008944991187929296
5.265,0.06411347035901412,0.4658551731442616,-0.01029166141412683,0.11563977469799752,0.37491665323315465,0.00889729883074808
5.2700000000000005,0.06646130952989296,0.4732681366446338,-0.009666485158666827,0.1250352510920006,0.3837648547200989,0.008848201486944263
5.275,0.06884602716726342,0.48060636561993153,-0.00899443024381482,0.13441098297040152,0.39256256162965125,0.008797706909552339
5.28,0.07126724669656566,0.48786870127873105,-0.008275602794832571,0.1437654897964497,0.40130838470190233,0.00874582307225108
5.285,0.0737245857791687,0.49505399681404527,-0.007510116322907189,0.15309729438507644,0.4100009428700063,0.008692558168103992
5.29,0.07621765637274543,0.5021611175844155,-0.006698091707226391,0.16240492313615956,0.41863886347826307,0.008637920608256744
5.295,0.07874606479254775,0.5091889412930819,-0.005839657175890282,0.17168690626722174,0.42722078249887074,0.008581919020607676
5.3,0.08130941177357627,0.5161363581652126,-0.0049349482856626496,0.18094177804552658,0.4357453447473328,0.008524562248462042
5.305,0.08390729253362751,0.5230022711231466,-0.003984107900564977,0.19016807701953437,0.4442112040964508,0.008465859349118032
5.3100000000000005,0.08653929683721456,0.5297855959596375,-0.0029872861693165656,0.19936434624968236,0.45261702368889767,0.00840581959244685
5.315,0.08920500906034524,0.536485261509055,-0.0019446405016243025,0.2085291335384526,0.46096147614830907,0.0083444524594114
5.32,0.09190400825615871,0.5431002098165467,-0.0008563355433258487,0.21766099165969074,0.46924324378891513,0.008281767640606064
5.325,0.09463586822139344,0.54962939630509,0.00027745684960984876,0.2267584785871395,0.47746101882359643,0.008217775034681296
5.33,0.09740015756369252,0.5560717899404507,0.0014565576382206066,0.23582015772215156,0.4856135035704134,0.008152484746816957
5.335,0.1001964397697242,0.5624263733939912,0.002680780628823333,0.24484459812054526,0.49369941065751793,0.008085907087104549
5.34,0.10302427327411297,0.5686921432033202,0.003949932502416169,0.2538303747185673,0.5017174632264482,0.008018052568930234
5.345,0.10588321152916642,0.5748681099307481,0.0052638128452058,0.2627760685579261,0.5096663951337512,0.007948931907303058
5.3500000000000005,0.10877280307539344,0.5809532983195371,0.006622214180255114,0.2716802670098629,0.5175449511509382,0.00787855601718701
5.355,0.11169259161279006,0.5869467474478954,0.00802492200024622,0.2805415639982213,0.5253518871626748,0.007806936011736543
5.36,0.1146421160728997,0.5928475108807292,0.009471714801353637,0.28935856022148326,0.5330859703632674,0.007734083200592656
5.365,0.11762091069161822,0.5986546568190886,0.010962364118222314,0.2981298633737354,0.5407459794513229,0.0076600090880554195
5.37,0.12062850508274438,0.6043672682473121,0.012496634560044965,0.30685408836453,0.5483307048226104,0.007584725371287515
5.375,0.12366442431225792,0.6099844430778308,0.014074283847732997,0.3155298575376063,0.5558389487610648,0.007508243938454395
5.38,0.12672818897331942,0.6155052942936237,0.015695062852175194,0.32415580088843954,0.5632695256279321,0.007430576866867322
5.385,0.12981931526197296,0.6209289500882846,0.01735871563357809,0.33273055628057924,0.5706212620489888,0.007351736421056687
5.39,0.1329373150535433,0.6262545540036891,0.019064979481881825,0.34125276966074725,0.5778929970998261,0.007271735050837336
5.3950000000000005,0.13608169597971925,0.631481265065244,0.020813584958245118,0.3497210952726582,0.5850835824891871,0.007190585389361015
5.4,0.13925196150630123,0.6366082579146821,0.02260425593759277,0.3581341958695302,0.5921918827402806,0.007108300251093436
5.405,0.14244761101161132,0.6416347229403977,0.024436709652219026,0.36649074292525113,0.5992167753700928,0.007024892629812207
5.41,0.14566813986554786,0.6465598664052953,0.02631065673643987,0.37478941684416867,0.6061571510666441,0.006940375696551371
5.415,0.14891303950927182,0.6513829105721284,0.02822580127228722,0.3830289071694699,0.6130119138641598,0.006854762797515623
5.42,0.1521817975355124,0.6561030938263114,0.030181840836237806,0.3912079127901172,0.6197799813161259,0.00676806745196612
5.425,0.1554738977694851,0.6607196707961908,0.032178466546969355,0.39932514214630904,0.6264602846662364,0.006680303350110495
5.43,0.15878882035039968,0.6652319124707459,0.03421536311413652,0.40737931343343226,0.6330517690171517,0.006591484350915278
5.4350000000000005,0.16212604181355386,0.6696391063147104,0.036292208888158886,0.41536915480447356,0.6395533934970867,0.006501624479935075
5.44,0.16548503517299032,0.6739405563810836,0.038408675911013185,0.42329340457085923,0.6459641314241571,0.006410737927070365
5.445,0.1688652700047204,0.6781355834210381,0.040564429968021634,0.43115081140169054,0.6522829704685361,0.006318839044379021
5.45,0.17226621253047827,0.6822235249911728,0.04275913064062835,0.43894013452134273,0.6585089128122832,0.006225942343747071
5.455,0.17568732570201456,0.6862037355581254,0.04499243136015534,0.4466601439053986,0.664640975306931,0.006132062494647816
5.46,0.17912806928590083,0.6900755866005073,0.047263979462529755,0.45430962047488316,0.6706781896287274,0.00603721432179638
5.465,0.18258789994883917,0.6938384667081555,0.04957341624397361,0.46188735628877087,0.6766196024315472,0.00594141280281979
5.47,0.18606627134345932,0.6974917816786794,0.05192037701764727,0.4693921547347325,0.6824642754974286,0.005844673065881434
5.4750000000000005,0.18956263419459704,0.701034954611296,0.05430449117123774,0.4768228307180952,0.6882112858847489,0.005747010387320284
5.48,0.193076436386025,0.7044674259979233,0.05672538222548265,0.484178210848982,0.6938597260739363,0.00564844018918742
5.485,0.1966071230476449,0.7077886538115401,0.05918266789362067,0.4914571336276038,0.6994087041108112,0.00554897803687493
5.49,0.2001541366431038,0.7109981135917738,0.061675960141759044,0.498658449627674,0.7048573437474157,0.005448639636604469
5.495,0.2037169170578372,0.7140952985277201,0.06420486525014862,0.505781021677916,0.7102047845803907,0.005347440832975003
5.5,0.20729490168751563,0.7170797195379732,0.0667689838753568,0.5128237250416355,0.7154501821868351,0.00524539760644438
5.505,0.21088752552688914,0.7199509053478594,0.06936791111332846,0.5197854475943301,0.7205927082576615,0.005142526070826436
5.51,0.21449422125900705,0.722708402563856,0.072001236563325,0.5266650899993055,0.7256315507283929,0.005038842470731386
5.515,0.21811441934480214,0.7253517757451857,0.07466854439273136,0.5334615658812746,0.7305659139073857,0.004934363178992762
5.5200000000000005,0.2217475481130309,0.7278806074725811,0.07736941340272091,0.5401738019979084,0.7353950186014977,0.004829104694112019
5.525,0.2253930338505438,0.7302944984141968,0.08010341709476748,0.5468007384093135,0.7401181022391145,0.004723083637616754
5.53,0.2290503008928826,0.7325930673886702,0.08287012373799453,0.5533413286454086,0.7447344189905757,0.004616316751461236
5.535,0.2327187717151854,0.7347759514253148,0.0856690964373504,0.5597945398711744,0.7492432398859544,0.00450882089537874
5.54,0.23639786702338367,0.7368428058214365,0.08849989320259916,0.5661593530497506,0.7536438529301663,0.00440061304421191
5.545,0.24008700584567774,0.7387933041967659,0.09136206701811592,0.5724347631033528,0.7579355632153929,0.004291710285226569
5.55,0.24378560562428225,0.7406271385449991,0.09425516591347585,0.5786197790719869,0.7621176930308317,0.004182129815438751
5.555,0.24749308230741657,0.7423440192824337,0.09717873303482552,0.5847134242699323,0.7661895819697035,0.004071888938871893
5.5600000000000005,0.2512088504415351,0.7439436752936992,0.10013230671702539,0.5907147364399725,0.770150587033548,0.003961005063844447
5.565,0.25493232326377285,0.7454258539745668,0.10311542055655212,0.5966227679053464,0.7740000827337373,0.0038494957001893315
5.57,0.25866291279460885,0.7467903212718413,0.10612760348514912,0.6024365857193976,0.7777374611902836,0.003737378456546314
5.575,0.26240002993070877,0.7480368617203189,0.1091683798442136,0.6081552718128973,0.7813621322277984,0.0036246710375147373
5.58,0.2661430845379553,0.7491652784768124,0.1122372694599087,0.6137779231390182,0.7848735234687086,0.0035113912409102666
5.585,0.2698914855446351,0.750175393351235,0.11533378771898838,0.619303651815936,0.788271080423632,0.0033975569549233864
5.59,0.2736446410347769,0.7510670468347383,0.11845744564532357,0.6247315852670368,0.7915542665789427,0.0032831861553106467
5.595,0.2774019583416198,0.7518400981249012,0.1216077499771171,0.6300608663587055,0.7947225634814812,0.0031682969025385033
5.6000000000000005,0.28116284414120646,0.7524944251479633,0.1247842032447955,0.6352906535356792,0.7977754708204468,0.0030529073389655714
5.605,0.2849267045460694,0.7530299245781022,0.1279863038495652,0.6404201209539366,0.8007125065063694,0.0029370356859226288
5.61,0.2886929451990196,0.7534465118537504,0.13121354614262074,0.6454484586111099,0.8035332067472721,0.0028207002409027515
5.615,0.2924609713669985,0.7537441211909479,0.1344654205049927,0.6503748724743925,0.8062371261218888,0.00270391937461667
5.62,0.2962301880349943,0.7539227055937304,0.13774141342802232,0.655198584605927,0.808823837650008,0.002586711528119179
5.625,0.2999999999999998,0.7539822368615503,0.14104100759445057,0.659918833285649,0.8112929328598875,0.0024690952098794794
5.63,0.3037698119650054,0.7539227055937304,0.14436368196010843,0.6645348731315739,0.8136440218527742,0.0023510889928867185
5.635,0.30753902863300114,0.7537441211909479,0.14770891183619592,0.6690459752174986,0.8158767333644635,0.002232711511689356
5.64,0.31130705480098003,0.7534465118537506,0.15107616897213647,0.6734514271881095,0.8179907148239206,0.0021139814594570705
5.6450000000000005,0.3150732954539308,0.7530299245781021,0.1544649216389938,0.6777505333714706,0.8199856324089717,0.0019949175850511036
5.65,0.3188371558587943,0.7524944251479632,0.1578746347134382,0.6819426148888792,0.8218611710990025,0.0018755386900307647
5.655,0.32259804165837985,0.7518400981249013,0.16130476976224856,0.6860270097620672,0.8236170347247083,0.0017558636257057891
5.66,0.3263553589652227,0.7510670468347385,0.16475478512733724,0.6900030730177364,0.8252529460148708,0.001635911290162495
5.665,0.33010851445536454,0.7501753933512351,0.16822413601128428,0.6938701767894069,0.8267686466401365,0.0015157006252657368
5.67,0.3338569154620443,0.7491652784768125,0.1717122745633671,0.697627710416564,0.8281638972538002,0.0013952506136637455
5.675,0.3375999700692909,0.748036861720319,0.17521864996607256,0.7012750805410894,0.8294384775296189,0.0012745802758186153
5.68,0.3413370872053908,0.7467903212718415,0.17874270852207735,0.704811711200959,0.8305921861965913,0.0011537086669723973
5.6850000000000005,0.34506767673622735,0.7454258539745668,0.18228389374168333,0.7082370439211934,0.83162484107075,0.0010326548741587116
5.69,0.348791149558465,0.7439436752936992,0.18584164643069356,0.7115505378020482,0.8325362790839085,0.0009114380131585165
5.695,0.3525069176925831,0.7423440192824339,0.1894154047787157,0.7147516696044287,0.8333263563094475,0.000790077225539032
5.7,0.35621439437571745,0.7406271385449992,0.1930046044478783,0.7178399338325144,0.8339949479850086,0.0006685916755611032
5.705,0.35991299415432193,0.738793304196766,0.1966086786619462,0.7208148428135834,0.8345419485322182,0.0005470005472095751
5.71,0.363602132976616,0.7368428058214367,0.2002270582958213,0.7236759267750215,0.8349672715733489,0.00042532304113074293
5.715,0.36728122828481424,0.7347759514253149,0.2038591719654138,0.7264227339185045,0.8352708499449647,0.00030357837161576473
5.72,0.370949699107117,0.7325930673886705,0.20750444611787053,0.7290548304913422,0.8354526357085159,0.00018178576355121212
5.7250000000000005,0.37460696614945693,0.7302944984141964,0.2111623051221454,0.7315718008549739,0.835512600157932,5.9964449416138876e-05
5.73,0.37825245188696927,0.727880607472581,0.2148321713598984,0.733973247550601,0.8354507338241193,-6.186633381277673e-05
5.735,0.38188558065519757,0.725351775745186,0.21851346531670818,0.736258791361952,0.8352670464764957,-0.000183687347623529
5.74,0.3855057787409926,0.7227084025638562,0.222205605673584,0.7384280713751643,0.8349615671214222,-0.00030547935507352353
5.745,0.38911247447311054,0.7199509053478597,0.22590800939876288,0.7404807450357769,0.8345343439976327,-0.00042722312378951077
5.75,0.39270509831248407,0.7170797195379734,0.229620091839777,0.742416488202823,0.8339854445686059,-0.0005488994290268057
5.755,0.39628308294216247,0.7140952985277204,0.23334126681577708,0.7442349952000173,0.8333149555119274,-0.0006704890566785471
5.76,0.39984586335689587,0.7109981135917741,0.2370709467100972,0.7459359788640237,0.832522982705594,-0.0007919728063333631
5.765,0.4033928769523548,0.7077886538115404,0.24080854256304624,0.7475191705898032,0.831609651211288,-0.0009133314943059467
5.7700000000000005,0.4069235636139752,0.7044674259979231,0.2445534641649114,0.7489843203730294,0.8305751052546448,-0.001034545956643207
5.775,0.41043736580540363,0.7010349546112953,0.24830512014915923,0.7503311968495672,0.8294195082024612,-0.001155597052183599
5.78,0.4139337286565404,0.6974917816786798,0.25206291808581927,0.7515595873320071,0.8281430425369057,-0.001276465665555504
5.785,0.4174121000511605,0.6938384667081559,0.25582626457503554,0.7526692978432521,0.826745909826706,-0.0013971327101997
5.79,0.42087193071409884,0.6900755866005076,0.2595945653407713,0.7536601531471485,0.8252283306953165,-0.0015175791313895015
5.795,0.4243126742979851,0.6862037355581257,0.26336722532465207,0.7545319967761572,0.823590544786069,-0.0016377859092475688
5.8,0.42773378746952145,0.6822235249911731,0.26714364877993235,0.7552846910560627,0.8218328107243469,-0.0017577340617220827
5.805,0.4311347299952793,0.6781355834210385,0.2709232393655709,0.7559181171277126,0.8199554060767347,-0.001877404647612213
5.8100000000000005,0.43451496482700985,0.6739405563810834,0.2747054002403998,0.7564321749657872,0.8179586273071948,-0.001996778769539853
5.815,0.4378739581864463,0.6696391063147101,0.27848953415737276,0.7568267833945946,0.8158427897302325,-0.0021158375769623206
5.82,0.44121117964960005,0.6652319124707463,0.2822750435578772,0.7571018801008897,0.8136082274611365,-0.0022345622690960187
5.825,0.44452610223051464,0.6607196707961911,0.28606133066609574,0.7572574216437135,0.8112552933631872,-0.002352934097949233
5.83,0.4478182024644873,0.6561030938263117,0.289847797583402,0.7572933834612531,0.8087843589919577,-0.002470934371229583
5.835,0.45108696049072783,0.6513829105721288,0.2936338463827756,0.7572097598747207,0.806195814536629,-0.002588544455328634
5.84,0.45433186013445176,0.6465598664052956,0.29741887920322185,0.7570065640892504,0.8034900687583807,-0.0027057457782483363
5.845,0.4575523889883884,0.6416347229403981,0.3012022983441809,0.7566838281918118,0.8006675489258328,-0.0028225198325478873
5.8500000000000005,0.46074803849369933,0.6366082579146811,0.3049835063599116,0.7562416031461446,0.7977287007475922,-0.0029388481782406384
5.855,0.4639183040202809,0.6314812650652438,0.30876190615383514,0.7556799587847098,0.7946739883018463,-0.003054712445745844
5.86,0.4670626849464563,0.6262545540036896,0.31253690107282345,0.7549989837976628,0.7915038939631058,-0.0031700943387404923
5.865,0.4701806847380267,0.6209289500882851,0.3163078950014177,0.7541987857188482,0.7882189183260163,-0.0032849756370895156
5.87,0.4732718110266803,0.6155052942936242,0.3200742924559618,0.7532794909088191,0.784819580126313,-0.0033993381997032834
5.875,0.47633557568774176,0.6099844430778314,0.3238354986786362,0.7522412445348824,0.7813064161588998,-0.003513163967413191
5.88,0.47937149491725534,0.6043672682473126,0.3275909197313771,0.7510842105481768,0.7776799811930957,-0.0036264349658041706
5.885,0.48237908930838147,0.598654656819089,0.331339962589666,0.7498085716577811,0.7739408478850218,-0.00373913330807385
5.89,0.4853578839271,0.5928475108807297,0.33508203523617536,0.7484145293018639,0.7700896066871699,-0.0038512411978519623
5.8950000000000005,0.4883074083872101,0.5869467474478952,0.3388165467542547,0.7469023036158734,0.7661268657551736,-0.003962740931996223
5.9,0.4912271969246071,0.5809532983195359,0.3425429074212436,0.7452721333977759,0.7620532508517619,-0.0040736149034117375
5.905,0.4941167884708333,0.5748681099307487,0.34626052880159536,0.7435242760703461,0.7578694052479484,-0.004183845603813463
5.91,0.49697572672588675,0.5686921432033207,0.34996882383979794,0.741659007640518,0.7535759896214569,-0.004293415626491548
5.915,0.4998035602302755,0.5624263733939916,0.35366720695307696,0.7396766226557995,0.7491736819523878,-0.004402307669069128
5.92,0.5025998424363072,0.5560717899404513,0.3573550941238658,0.7375774341577601,0.7446631774161511,-0.0045105045362366925
5.925,0.5053641317786063,0.5496293963050906,0.3610319029920288,0.7353617736325985,0.7400451882737025,-0.0046179891424485975
5.93,0.508095991743841,0.5431002098165473,0.3646970529468228,0.7330299909587962,0.735320443759061,-0.0047247445146414435
5.9350000000000005,0.5107949909396549,0.5364852615090545,0.36834996521858215,0.7305824543518682,0.7304896899641602,-0.004830753794900833
5.94,0.5134607031627856,0.5297855959596371,0.3719900629701132,0.7280195503062175,0.7255536897210171,-0.004936000243143113
5.945,0.5160927074663723,0.5230022711231471,0.3756167713877837,0.7253416835341031,0.7205132224812951,-0.005040467239721957
5.95,0.5186905882264236,0.5161363581652132,0.37922951777229236,0.7225492769017311,0.7153690841931992,-0.005144138288095901
5.955,0.521253935207452,0.5091889412930826,0.3828277316291048,0.7196427713624793,0.7101220871757983,-0.005246997017400945
5.96,0.5237823436272544,0.5021611175844162,0.3864108447585411,0.7166226258872657,0.7047730599907481,-0.005349027185050148
5.965,0.526275414220831,0.4950539968140458,0.38997829134550144,0.7134893173920716,0.6993228473114497,-0.005450212679298461
5.97,0.528732753303434,0.48786870127873166,0.3935295080488146,0.7102433406626306,0.6937723097896631,-0.0055505375217865804
5.9750000000000005,0.5311539728327371,0.4806063656199301,0.3970639340901961,0.7068852082762972,0.6881223239196127,-0.005649985870050389
5.98,0.5335386904701072,0.47326813664463346,0.4005810113428016,0.7034154505211035,0.6823737818995554,-0.005748542020057257
5.985,0.5358865296409856,0.4658551731442623,0.4040801844193617,0.699834615312022,0.6765275914909199,-0.005846190408635543
5.99,0.5381971195943503,0.45836864571168723,0.40756090075988394,0.6961432681044424,0.6705846758749432,-0.005942915615976707
5.995,0.540470095461263,0.4508097365563753,0.41102261071890833,0.6923419918048803,0.6645459735068954,-0.006038702368047821
6.0,0.542705098312484,0.44317963931770993,0.414464767652303,0.6884313866789292,0.6584124379678785,-0.0061335355390168544
6.005,0.5449017752151549,0.435479558876495,0.41788682800358534,0.684412070256472,0.6521850378142596,-0.006227400153618889
6.01,0.5470597792885282,0.4277107111646931,0.4212882513897562,0.6802846772341647,0.6458647564247144,-0.006320281389545213
6.015000000000001,0.5491787697587439,0.4198743229734184,0.42466850068663226,0.6760498593752119,0.6394525918449387,-0.00641216457977567
6.0200000000000005,0.5512584120126425,0.4119716317592098,0.4280270421136645,0.6717082854064451,0.6329495566300511,-0.006503035214887598
6.025,0.5532983776506046,0.40400388544861865,0.4313633453182281,0.6672606409127233,0.6263566776847007,-0.006592878945350433
6.03,0.5552983445384075,0.39597234224115463,0.4346768834593715,0.6627076282286705,0.6196749961008972,-0.006681681583803556
6.035,0.5572579968580955,0.3878782704105938,0.43796713329101034,0.6580499663277698,0.6129055669936201,-0.00676942910727707
6.04,0.5591770251578506,0.37972294810470636,0.4412335752445545,0.6532883907088288,0.6060494593342014,-0.0068561076594186865
6.045,0.5610551264008576,0.3715076631434263,0.4444756935109537,0.6484236532798356,0.5991077557815159,-0.00694170355268553
6.05,0.5628920040131589,0.36323371281548245,0.4476929761221498,0.6434565222392241,0.5920815525110259,-0.007026203270489972
6.055,0.5646873679304857,0.35490240367354625,0.45088491503192263,0.6383877819545664,0.5849719590416793,-0.007109593469346587
6.0600000000000005,0.5664409346440634,0.3465150513279085,0.4540510061961162,0.633218232838712,0.577780098060704,-0.007191860980975351
6.065,0.5681524272453791,0.33807298023873844,0.45719074965223316,0.6279486912233938,0.5705071052463142,-0.007272992814389756
6.07,0.5698215754699114,0.32957752350692127,0.46030364959838477,0.6225799892303193,0.5631541290883912,-0.0073529761579229636
6.075,0.5714481157398058,0.3210300226635596,0.4633892144715836,0.6171129746397691,0.5557223307071052,-0.007431798381286048
6.08,0.5730317912054986,0.31243182745812137,0.4664469570253672,0.6115485107567227,0.5482128836695752,-0.0075094470375299816
6.085,0.5745723517862751,0.3037842956453028,0.4694763944067399,0.6058874762745324,0.5406269738045394,-0.0075859098650358225
6.09,0.576069554209761,0.29508879277062133,0.4724770482324207,0.6001307651361681,0.5329657990151058,-0.007661174789433622
6.095,0.5775231620503373,0.28634669195478485,0.47544844466438596,0.5942792863930523,0.5252305690895829,-0.007735229925522891
6.1000000000000005,0.5789329457664756,0.27755937367685,0.47839011448469354,0.588333964061511,0.5174225055104481,-0.007808063579134772
6.105,0.5802986827369837,0.2687282255562438,0.4813015931695778,0.5822957369768605,0.5095428412614509,-0.00787966424899722
6.11,0.5816201572961622,0.25985464213362586,0.4841824209628036,0.5761655586451552,0.5015928206329221,-0.007950020628528787
6.115,0.5828971607678592,0.2509400246506844,0.4870321429482667,0.5699443970926167,0.49357369902527815,-0.008019121607643953
6.12,0.5841294914984233,0.24198578082886027,0.48985030912183053,0.5636332347127723,0.4854867427507831,-0.008086956274495072
6.125,0.585316954888546,0.2329933246470564,0.4926364744623871,0.5572330681113229,0.47733322883357715,-0.008153513917205923
6.13,0.5864593634239927,0.22396407611834646,0.49539019900213094,0.5507449079487682,0.4691144448080281,-0.008218784025549042
6.135,0.5875565367052127,0.2148994610657422,0.498111047896035,0.5441697787808109,0.46083168851540873,-0.008282756292619375
6.140000000000001,0.5886083014758258,0.20580091089704208,0.5007985914905179,0.5375087188965678,0.45248626789895385,-0.00834542061645488
6.1450000000000005,0.5896144916499821,0.19666986237879278,0.5034524053912909,0.5307627801546122,0.4440795007973214,-0.008406767101632462
6.15,0.5905749483385894,0.18750775740940315,0.5060720705303753,0.5239330278168729,0.43561271473649243,-0.008466786060828957
6.155,0.5914895198744021,0.17831604279146104,0.5086571732322773,0.5170205403804169,0.4270872467201342,-0.008525468016358229
6.16,0.5923580618359731,0.169096170003257,0.511207305279313,0.5100264094071426,0.41850444301847867,-0.00858280370165554
6.165,0.593180437070458,0.15984959496958315,0.51372206397607,0.5029517393514092,0.4098656589557248,-0.008638784062753868
6.17,0.5939565157152741,0.15057777783182963,0.5162010522129982,0.49579764738563076,0.40117225869602036,-0.008693400259704442
6.175,0.5946861752186064,0.14128218271740348,0.5186438785291175,0.4885652632238614,0.3924256150280414,-0.008746643667978948
6.18,0.5953693003587615,0.13196427750853124,0.5210501571738345,0.48125572894340085,0.3836271091482196,-0.008798505879821783
6.1850000000000005,0.5960057832623604,0.12262553361045932,0.5234195081678568,0.4738701988044467,0.37477813044262953,-0.008848978705590094
6.19,0.5965955234213741,0.11326742571911268,0.5257515573631959,0.4664098390678237,0.3658800762675868,-0.008898054175042747
6.195,0.5971384277089954,0.10389143158820599,0.52804593650225,0.4588758278108175,0.35693435172899746,-0.008945724538589328
6.2,0.5976344103943434,0.09449903179590517,0.5303022832759556,0.45126935474114266,0.3479423694604672,-0.008991982268530263
6.205,0.5980833931560025,0.08509170951101626,0.532520241381001,0.44359162100907384,0.3389055494002341,-0.009036820060233097
6.21,0.59848530509439,0.07567095025878116,0.5346994605760899,0.43584383901777046,0.3298253185669453,-0.009080230833288794
6.215,0.5988400827429516,0.0662382416862934,0.536839596737249,0.42802723223182415,0.3207031108343089,-0.00912220773263639
6.22,0.5991476700781841,0.05679507332758665,0.5389403119121693,0.4201430349840593,0.31154036670467566,-0.009162744129633249
6.2250000000000005,0.5994080185284815,0.047342936368409416,0.5410012743735724,0.41219249228061794,0.3023385330815609,-0.009201833623114775
6.23,0.5996210869818053,0.03788332341076555,0.5430221586715942,0.4041768596043585,0.2930990630411645,-0.00923947004039638
6.235,0.5997868417921768,0.028417728237197716,0.5450026456851772,0.3960974027166007,0.2838234156029129,-0.0092756474382516
6.24,0.59990525678499,0.018947645574912464,0.5469424226724634,0.3879553974572473,0.2745130554990638,-0.009310360103849114
6.245,0.5999763132611449,0.009474570859741526,0.54884118332018,0.3797521295433136,0.2651694529434073,-0.009343602555656472
6.25,0.6,4.616809664932295e-16,0.5506986277920094,0.3714888943658987,0.25579408339910015,-0.009375369544307177
6.255,0.5999763132611449,-0.009474570859740603,0.5525144627759375,0.3631669967856276,0.24638842734567734,-0.009405656053422806
6.26,0.59990525678499,-0.018947645574911545,0.5542884015305705,0.35478775092659864,0.2369539700452622,-0.009434457300415144
6.265000000000001,0.5997868417921768,-0.02841772823719813,0.5560201639304148,0.3463524799688683,0.2274922013080316,-0.009461768737230591
6.2700000000000005,0.5996210869818053,-0.037883323410765966,0.5577094765101123,0.3378625159395055,0.21800461525695258,-0.009487586051079022
6.275,0.5994080185284815,-0.047342936368411165,0.5593560725076235,0.32931919950224936,0.208492710091846,-0.009511905165106582
6.28,0.5991476700781841,-0.056795073327585724,0.5609596919063525,0.3207238797458025,0.19895798785280305,-0.009534722239042948
6.285,0.5988400827429518,-0.06623824168629248,0.5625200814762065,0.3120779139707947,0.1894019541829961,-0.009556033669806951
6.29,0.59848530509439,-0.07567095025878026,0.5640369948135837,0.30338266747544895,0.17982611809091775,-0.00957583609207835
6.295,0.5980833931560025,-0.08509170951101534,0.5655101923802837,0.2946395133399854,0.1702319917120937,-0.009594126378824064
6.3,0.5976344103943434,-0.09449903179590426,0.5669394415413327,0.2858498322097958,0.16062109007029868,-0.009610901641795011
6.305,0.5971384277089954,-0.10389143158820506,0.5683245166017198,0.27701501207742396,0.1509949308383135,-0.009626159231985176
6.3100000000000005,0.5965955234213741,-0.11326742571911307,0.5696651988420367,0.26813644806338516,0.14135503409827166,-0.009639896740041842
6.315,0.5960057832623603,-0.12262553361045972,0.570961276553016,0.25921554219586085,0.13170292210161805,-0.009652111996653612
6.32,0.5953693003587616,-0.13196427750853032,0.5722125450689625,0.2502537031893019,0.12204011902872791,-0.009662803072890136
6.325,0.5946861752186066,-0.14128218271740256,0.5734188068000724,0.2412523462219764,0.11236815074822049,-0.009671968280507426
6.33,0.5939565157152741,-0.1505777778318287,0.5745798712636349,0.23221289271249654,0.1026885445760084,-0.009679606172212085
6.335,0.5931804370704582,-0.15984959496958226,0.5756955551141116,0.2231367700953601,0.09300282903411672,-0.009685715541891682
6.34,0.5923580618359732,-0.1690961700032561,0.5767656821720893,0.21402541159554206,0.08331253360930768,-0.009690295424809037
6.345,0.5914895198744022,-0.17831604279146013,0.5777900834521003,0.2048802560021718,0.07361918851156446,-0.009693345097743222
6.3500000000000005,0.5905749483385891,-0.18750775740940487,0.578768597189307,0.19570274744133156,0.06392432443244445,-0.009694864079120014
6.355,0.589614491649982,-0.19666986237879314,0.579701068865047,0.1864943351480121,0.05422947230337538,-0.009694852129069065
6.36,0.5886083014758258,-0.20580091089704247,0.5805873512312333,0.17725647323726187,0.04453616305389374,-0.00969330924948164
6.365,0.5875565367052128,-0.21489946106574132,0.5814273043336061,0.1679906204745653,0.034845927369897556,-0.009690235683996185
6.37,0.5864593634239931,-0.2239640761183443,0.5822207955338335,0.15869824004548672,0.025160295451934767,-0.00968563191796279
6.375,0.5853169548885463,-0.23299332464705422,0.5829676995304567,0.14938079932461656,0.015480796773563732,-0.009679498678371035
6.38,0.5841294914984232,-0.24198578082886066,0.5836678983786759,0.1400397696438558,0.005808959839832539,-0.009671836933731193
6.385,0.5828971607678594,-0.2509400246506835,0.5843212815089763,0.1306766260600758,-0.0038536880540829266,-0.009662647893915466
6.390000000000001,0.581620157296162,-0.25985464213362747,0.5849277457445873,0.12129284712218942,-0.013505621064071605,-0.009651933009988678
6.3950000000000005,0.5802986827369834,-0.2687282255562455,0.5854871953177756,0.11188991463767117,-0.02314531503801953,-0.009639693973947927
6.4,0.5789329457664754,-0.2775593736768517,0.5859995418849684,0.10246931343856265,-0.0327712477565012,-0.009625932718481667
6.405,0.5775231620503374,-0.28634669195478396,0.5864647045407034,0.09303253114700022,-0.042381899173155047,-0.009610651416653848
6.41,0.5760695542097611,-0.2950887927706205,0.586882609830405,0.08358105794030224,-0.051975751654711466,-0.00959385248155642
6.415,0.5745723517862754,-0.30378429564530074,0.5872531917619832,0.07411638631565316,-0.06155129022064776,-0.009575538565936292
6.42,0.573031791205499,-0.3124318274581193,0.5875763918162553,0.06464001085442037,-0.07110700278242121,-0.009555712561773455
6.425,0.5714481157398058,-0.32103002266356,0.587852158956186,0.055153427986142874,-0.08064138038224755,-0.009534377599826338
6.43,0.5698215754699113,-0.3295775235069216,0.5880804496349472,0.045658135752227616,-0.09015291743137366,-0.009511537049126106
6.4350000000000005,0.5681524272453793,-0.3380729802387376,0.5882612278027942,0.0361556335693912,-0.09964011194783962,-0.009487194516465958
6.44,0.5664409346440632,-0.34651505132791005,0.5883944649127586,0.026647421992884786,-0.1091014657936551,-0.009461353845815479
6.445,0.5646873679304859,-0.3549024036735455,0.5884801399251562,0.017135002479539002,-0.11853548491136345,-0.009434019117708359
6.45,0.562892004013159,-0.36323371281548167,0.5885182393109096,0.0076198771506664886,-0.12794067955998634,-0.009405194648622883
6.455,0.5610551264008578,-0.3715076631434255,0.5885087570536839,-0.00189645144514064,-0.1373155645502594,-0.009374884990273058
6.46,0.5591770251578508,-0.3797229481047056,0.5884516946508375,-0.011412480569280204,-0.14665865947916523,-0.009343094928905837
6.465,0.557257996858096,-0.38787827041059186,0.5883470611131852,-0.020926707530440167,-0.15596848896370752,-0.009309829484542287
6.47,0.5552983445384075,-0.395972342241155,0.5881948729635758,-0.0304376299218911,-0.16524358287388852,-0.009275093910180998
6.4750000000000005,0.5532983776506045,-0.40400388544861904,0.5879951542342821,-0.03994374585873312,-0.17448247656485616,-0.009238893690967642
6.48,0.5512584120126427,-0.4119716317592091,0.5877479364632068,-0.04944355421506145,-0.1836837111081968,-0.009201234543340653
6.485,0.5491787697587435,-0.41987432297341987,0.5874532586889017,-0.05893555486101132,-0.19284583352231655,-0.009162122414119733
6.49,0.547059779288528,-0.42771071116469345,0.5871111674444035,-0.06841824889964594,-0.20196739700186872,-0.009121563479552175
6.495,0.5449017752151551,-0.4354795588764942,0.5867217167498853,-0.07789013890364979,-0.21104696114624177,-0.009079564144373053
6.5,0.5427050983124844,-0.44317963931770915,0.5862849681041263,-0.0873497291517897,-0.2200830921870045,-0.00903613104076273
6.505,0.5404700954612632,-0.4508097365563745,0.5858009904748008,-0.09679552586510635,-0.2290743632143155,-0.00899127102731101
6.51,0.538197119594351,-0.4583686457116855,0.5852698602875869,-0.10622603744279951,-0.23801935440224908,-0.00894499118793357
6.515000000000001,0.5358865296409856,-0.4658551731442626,0.584691661414098,-0.11563977469776933,-0.24691665323300638,-0.008897298830757294
6.5200000000000005,0.533538690470107,-0.4732681366446338,0.5840664851586391,-0.12503525109177555,-0.2557648547199548,-0.008848201486948426
6.525,0.5311539728327369,-0.4806063656199304,0.5833944302437882,-0.13441098297017967,-0.2645625616295111,-0.00879770690955628
6.53,0.5287327533034347,-0.48786870127872994,0.5826756027948071,-0.14376548979623122,-0.27330838470176755,-0.008745823072256464
6.535,0.5262754142208309,-0.49505399681404616,0.5819101163228828,-0.15309729438486147,-0.2820009428698811,-0.00869255816811354
6.54,0.5237823436272546,-0.5021611175844155,0.5810980917072031,-0.1624049231359482,-0.29063886347814094,-0.008637920608259853
6.545,0.5212539352074522,-0.5091889412930819,0.580239657175868,-0.17168690626701433,-0.29922078249875417,-0.008581919020613227
6.55,0.5186905882264237,-0.5161363581652126,0.5793349482856414,-0.1809417780453231,-0.3077453447472217,-0.008524562248467538
6.555,0.5160927074663725,-0.5230022711231466,0.5783841079005447,-0.19016807701933486,-0.3162112040963444,-0.008465859349122695
6.5600000000000005,0.5134607031627855,-0.5297855959596374,0.5773872861692972,-0.1993643462494869,-0.3246170236887963,-0.008405819592451902
6.565,0.5107949909396547,-0.5364852615090548,0.5763446405016059,-0.20852913353826152,-0.3329614761482125,-0.008344452459416174
6.57,0.5080959917438417,-0.5431002098165457,0.5752563355433085,-0.21766099165950398,-0.3412432437888213,-0.00828176764060884
6.575,0.505364131778607,-0.549629396305089,0.5741225431503737,-0.2267584785869571,-0.34946101882350755,-0.008217775034686237
6.58,0.5025998424363071,-0.5560717899404516,0.5729434423617639,-0.23582015772197365,-0.35761350357033317,-0.008152484746825617
6.585,0.4998035602302754,-0.5624263733939919,0.571719219371162,-0.24484459812037182,-0.3656994106574424,-0.008085907087109212
6.59,0.496975726725887,-0.5686921432033202,0.57045006749757,-0.25383037471839837,-0.37371746322637484,-0.008018052568932454
6.595,0.49411678847083357,-0.574868109930748,0.5691361871547812,-0.26277606855776175,-0.3816663951336821,-0.007948931907307277
6.6000000000000005,0.4912271969246066,-0.580953298319537,0.5677777858197327,-0.271680267009703,-0.38954495115087306,-0.007878556017190952
6.605,0.48830740838721,-0.5869467474478954,0.5663750779997424,-0.2805415639980658,-0.3973518871626136,-0.0078069360117405395
6.61,0.48535788392710033,-0.5928475108807292,0.5649282851986357,-0.2893585602213325,-0.40508597036321037,-0.007734083200596764
6.615,0.48237908930838175,-0.5986546568190886,0.5634376358817678,-0.2981298633735894,-0.41274597945126973,-0.007660009088059361
6.62,0.479371494917256,-0.6043672682473112,0.5619033654399458,-0.3068540883643885,-0.4203307048225588,-0.007584725371289069
6.625,0.47633557568774165,-0.6099844430778316,0.5603257161522585,-0.3155298575374693,-0.4278389487610207,-0.007508243938461889
6.63,0.47327181102668014,-0.6155052942936244,0.5587049371478169,-0.32415580088830703,-0.43526952562789156,-0.007430576866870875
6.635,0.47018068473802704,-0.6209289500882845,0.5570412843664146,-0.3327305562804512,-0.4426212620489492,-0.007351736421057631
6.640000000000001,0.4670626849464558,-0.6262545540036905,0.5553350205181116,-0.3412527696606236,-0.4498929970997942,-0.007271735050844996
6.6450000000000005,0.46391830402028034,-0.6314812650652447,0.5535864150417489,-0.34972109527253903,-0.45708358248915615,-0.007190585389361959
6.65,0.46074803849369883,-0.6366082579146821,0.5517957440624018,-0.35813419586941525,-0.46419188274025025,-0.007108300251094102
6.655,0.45755238898838874,-0.6416347229403976,0.5499632903477761,-0.3664907429251406,-0.4712167753700655,-0.00702489262981526
6.66,0.4543318601344521,-0.6465598664052953,0.5480893432635559,-0.37478941684406253,-0.4781571510666202,-0.0069403756965547014
6.665,0.45108696049072866,-0.6513829105721277,0.546174198727709,-0.38302890716936794,-0.48501191386413595,-0.006854762797515734
6.67,0.44781820246448806,-0.6561030938263106,0.5442181591637589,-0.3912079127900196,-0.49177998131610473,-0.0067680674519687845
6.675,0.4445261022305145,-0.6607196707961913,0.5422215334530278,-0.3993251421462156,-0.4984602846662223,-0.006680303350117545
6.68,0.4412111796495998,-0.6652319124707465,0.540184636885861,-0.40737931343334277,-0.5050517690171399,-0.006591484350917609
6.6850000000000005,0.43787395818644664,-0.6696391063147097,0.5381077911118392,-0.41536915480438796,-0.511553393497072,-0.006501624479932078
6.69,0.4345149648270092,-0.6739405563810842,0.5359913240889853,-0.42329340457077747,-0.5179641314241499,-0.006410737927077914
6.695,0.43113472999527963,-0.6781355834210381,0.5338355700319772,-0.4311508114016124,-0.5242829704685283,-0.006318839044378466
6.7,0.4277337874695218,-0.6822235249911728,0.5316408693593709,-0.4389401345212681,-0.5305089128122773,-0.006225942343748958
6.705,0.4243126742979854,-0.6862037355581253,0.5294075686398443,-0.44666014390532777,-0.5366409753069277,-0.00613206249465037
6.71,0.4208719307140992,-0.6900755866005073,0.5271360205374702,-0.45430962047481604,-0.5426781896287256,-0.006037214321797935
6.715,0.41741210005116136,-0.693838466708155,0.5248265837560266,-0.46188735628870703,-0.5486196024315443,-0.00594141280281868
6.72,0.4139337286565402,-0.6974917816786799,0.5224796229823533,-0.4693921547346722,-0.5544642754974322,-0.005844673065887873
6.7250000000000005,0.4104373658054035,-0.7010349546112954,0.5200955088287631,-0.4768228307180382,-0.5602112858847488,-0.00574701038731662
6.73,0.4069235636139755,-0.7044674259979228,0.5176746177745185,-0.48417821084892815,-0.5658597260739379,-0.005648440189189086
6.735,0.4033928769523546,-0.7077886538115405,0.5152173321063808,-0.4914571336275531,-0.5714087041108196,-0.005548978036881702
6.74,0.3998458633568957,-0.7109981135917742,0.5127240398582427,-0.4986584496276264,-0.5768573437474254,-0.005448639636605801
6.745,0.3962830829421628,-0.7140952985277201,0.5101951347498533,-0.5057810216778713,-0.5822047845803993,-0.005347440832973893
6.75,0.3927050983124844,-0.7170797195379732,0.5076310161246453,-0.5128237250415939,-0.5874501821868447,-0.00524539760644549
6.755,0.3891124744731109,-0.7199509053478594,0.5050320888866738,-0.5197854475942911,-0.5925927082576721,-0.005142526070827325
6.76,0.3855057787409935,-0.7227084025638556,0.5023987634366774,-0.5266650899992691,-0.5976315507284016,-0.005038842470729499
6.765000000000001,0.3818855806551974,-0.7253517757451861,0.4997314556072712,-0.5334615658812409,-0.6025659139074002,-0.004934363178998646
6.7700000000000005,0.37825245188696915,-0.727880607472581,0.49703058659728183,-0.5401738019978775,-0.6073950186015104,-0.004829104694110131
6.775,0.3746069661494567,-0.7302944984141965,0.4942965829052354,-0.5468007384092851,-0.6121181022391255,-0.0047230836376152
6.78,0.3709496991071179,-0.7325930673886699,0.4915298762620085,-0.5533413286453825,-0.6167344189905877,-0.004616316751462124
6.785,0.367281228284814,-0.734775951425315,0.48873090356265275,-0.5597945398711507,-0.6212432398859724,-0.004508820895384735
6.79,0.3636021329766163,-0.7368428058214365,0.4859001067974041,-0.5661593530497289,-0.6256438529301822,-0.0044006130442098
6.795,0.35991299415432226,-0.7387933041967659,0.4830379329818874,-0.5724347631033333,-0.6299355632154091,-0.004291710285226902
6.8,0.3562143943757178,-0.740627138544999,0.4801448340865276,-0.5786197790719694,-0.6341176930308481,-0.004182129815438973
6.805,0.3525069176925834,-0.7423440192824337,0.477221266965178,-0.5847134242699167,-0.6381895819697209,-0.004071888938872781
6.8100000000000005,0.3487911495584649,-0.7439436752936992,0.47426769328297824,-0.5907147364399586,-0.6421505870335655,-0.003961005063844669
6.815,0.3450676767362272,-0.7454258539745668,0.4712845794434516,-0.5966227679053345,-0.6460000827337553,-0.0038494957001897756
6.82,0.34133708720539163,-0.7467903212718412,0.46827239651485464,-0.6024365857193875,-0.6497374611902997,-0.003737378456544427
6.825,0.3375999700692918,-0.7480368617203187,0.46523162015579017,-0.6081552718128889,-0.653362132227814,-0.003624671037514293
6.83,0.3338569154620442,-0.7491652784768125,0.4621627305400951,-0.6137779231390114,-0.6568735234687297,-0.0035113912409157066
6.835,0.3301085144553644,-0.7501753933512351,0.45906621228101546,-0.6193036518159307,-0.6602710804236536,-0.0033975569549238305
6.84,0.3263553589652231,-0.7510670468347383,0.4559425543546803,-0.6247315852670329,-0.6635542665789618,-0.0032831861553082042
6.845,0.32259804165838024,-0.7518400981249012,0.45279225002288676,-0.6300608663587031,-0.6667225634815002,-0.0031682969025383922
6.8500000000000005,0.3188371558587936,-0.7524944251479633,0.44961579675520835,-0.6352906535356778,-0.669775470820466,-0.0030529073389657935
6.855,0.31507329545393065,-0.7530299245781022,0.4464136961504387,-0.6404201209539363,-0.6727125065063886,-0.0029370356859226288
6.86,0.3113070548009804,-0.7534465118537504,0.44318645385738314,-0.6454484586111109,-0.6755332067472913,-0.0028207002409027515
6.865,0.30753902863300153,-0.7537441211909479,0.4399345794950112,-0.6503748724743948,-0.678237126121908,-0.00270391937461667
6.87,0.30376981196500624,-0.7539227055937304,0.43665858657198153,-0.6551985846059303,-0.6808238376500247,-0.0025867115281167363
6.875,0.3000000000000007,-0.7539822368615503,0.43335899240555326,-0.6599188332856534,-0.6832929328599041,-0.0024690952098793684
6.88,0.2962301880349941,-0.7539227055937304,0.43003631803989534,-0.6645348731315791,-0.6856440218527957,-0.0023510889928916034
6.885,0.2924609713669989,-0.7537441211909479,0.4266910881638078,-0.6690459752175048,-0.6878767333644822,-0.0022327115116864693
6.890000000000001,0.28869294519901895,-0.7534465118537504,0.4233238310278672,-0.6734514271881165,-0.6899907148239443,-0.0021139814594620665
6.8950000000000005,0.28492670454606867,-0.7530299245781021,0.4199350783610098,-0.6777505333714784,-0.6919856324089926,-0.001994917585048328
6.9,0.28116284414120574,-0.7524944251479632,0.41652536528656536,-0.6819426148888875,-0.6938611710990203,-0.001875538690027767
6.905,0.2774019583416202,-0.7518400981249013,0.41309523023775496,-0.6860270097620761,-0.6956170347247259,-0.001755863625705567
6.91,0.27364464103477726,-0.7510670468347385,0.40964521487266625,-0.6900030730177461,-0.6972529460148885,-0.001635911290162606
6.915,0.269891485544636,-0.7501753933512351,0.4061758639887192,-0.6938701767894171,-0.6987686466401513,-0.0015157006252627392
6.92,0.26614308453795615,-0.7491652784768126,0.40268772543663633,-0.697627710416575,-0.7001638972538151,-0.0013952506136638565
6.925,0.2624000299307086,-0.7480368617203188,0.39918135003393085,-0.7012750805411011,-0.7014384775296387,-0.0012745802758236113
6.93,0.2586629127946087,-0.7467903212718413,0.395657291477926,-0.7048117112009711,-0.7025921861966109,-0.0011537086669721752
6.9350000000000005,0.25493232326377324,-0.745425853974567,0.39211610625832,-0.7082370439212058,-0.7036248410707637,-0.0010326548741528274
6.94,0.25120885044153446,-0.743943675293699,0.3885583535693097,-0.711550537802061,-0.7045362790839277,-0.0009114380131639566
6.945,0.24749308230741696,-0.7423440192824339,0.3849845952212875,-0.7147516696044417,-0.7053263563094636,-0.0007900772255359234
6.95,0.24378560562428261,-0.7406271385449992,0.3813953955521248,-0.7178399338325275,-0.7059949479850243,-0.0006685916755606591
6.955,0.2400870058456781,-0.738793304196766,0.3777913213380568,-0.720814842813597,-0.7065419485322335,-0.0005470005472092421
6.96,0.23639786702338406,-0.7368428058214367,0.37417294170418164,-0.7236759267750353,-0.7069672715733638,-0.00042532304113029884
6.965,0.23271877171518632,-0.7347759514253153,0.37054082803458904,-0.7264227339185184,-0.7072708499449766,-0.00030357837161276713
6.97,0.22905030089288245,-0.7325930673886702,0.36689555388213224,-0.7290548304913564,-0.707452635708533,-0.00018178576355643017
6.9750000000000005,0.22539303385054366,-0.7302944984141967,0.3632376948778573,-0.7315718008549882,-0.7075126001579429,-5.996444940992163e-05
6.98,0.22174754811303124,-0.7278806074725813,0.3595678286401042,-0.7339732475506154,-0.7074507338241303,6.186633381266571e-05
6.985,0.21811441934480194,-0.7253517757451856,0.3558865346832944,-0.7362587913619666,-0.7072670464765114,0.00018368734761886607
6.99,0.21449422125900688,-0.7227084025638558,0.3521943943264185,-0.738428071375179,-0.7069615671214375,0.0003054793550738566
6.995,0.2108875255268895,-0.7199509053478598,0.3484919906012396,-0.7404807450357913,-0.7065343439976451,0.00042722312379239735
7.0,0.20729490168751596,-0.7170797195379734,0.3447799081602254,-0.7424164882028377,-0.7059854445686181,0.0005488994290270277
7.005,0.2037169170578376,-0.7140952985277205,0.34105873318422525,-0.7442349952000318,-0.7053149555119391,0.0006704890566789912
7.01,0.20015413664310466,-0.7109981135917746,0.33732905328990503,-0.745935978864038,-0.704522982705603,0.0007919728063361386
7.015000000000001,0.19660712304764472,-0.70778865381154,0.33359145743695595,-0.7475191705898175,-0.7036096512113016,0.0009133314943013948
7.0200000000000005,0.19307643638602487,-0.7044674259979231,0.3298465358350907,-0.7489843203730437,-0.7025751052546554,0.0010345459566462045
7.025,0.18956263419459687,-0.7010349546112957,0.3260948798508428,-0.7503311968495814,-0.7014195082024692,0.0011555970521861525
7.03,0.18606627134346015,-0.6974917816786802,0.3223370819141827,-0.7515595873320212,-0.7001430425369132,0.0012764656655560591
7.035,0.182587899948839,-0.6938384667081553,0.31857373542496636,-0.7526692978432661,-0.6987459098267185,0.001397132710194704
7.04,0.17912806928590116,-0.6900755866005077,0.31480543465923055,-0.7536601531471622,-0.697228330695326,0.0015175791313924991
7.045,0.1756873257020149,-0.6862037355581257,0.3110327746753497,-0.7545319967761709,-0.6955905447860783,0.0016377859092476799
7.05,0.1722662125304786,-0.6822235249911732,0.3072563512200693,-0.7552846910560762,-0.6938328107243553,0.0017577340617229709
7.055,0.16886527000472074,-0.6781355834210385,0.30347676063443063,-0.7559181171277257,-0.6919554060767428,0.001877404647612546
7.0600000000000005,0.16548503517299018,-0.6739405563810834,0.2996945997596016,-0.7564321749658,-0.6899586273072023,0.0019967787695405192
7.065,0.1621260418135537,-0.6696391063147101,0.2959104658426286,-0.7568267833946074,-0.6878427897302396,0.0021158375769626536
7.07,0.15878882035040048,-0.665231912470747,0.29212495644212405,-0.7571018801009023,-0.6856082274611406,0.0022345622690990163
7.075,0.1554738977694859,-0.6607196707961918,0.2883386693339054,-0.7572574216437258,-0.6832552933631908,0.002352934097949788
7.08,0.15218179753551225,-0.656103093826311,0.28455220241659906,-0.7572933834612652,-0.6807843589919658,0.002470934371225031
7.085,0.14891303950927168,-0.6513829105721282,0.2807661536172254,-0.7572097598747325,-0.6781958145366369,0.002588544455328856
7.09,0.1456681398655482,-0.6465598664052957,0.2769811207967791,-0.7570065640892618,-0.675490068758386,0.00270574577825089
7.095,0.1424476110116116,-0.6416347229403981,0.27319770165582,-0.7566838281918229,-0.6726675489258376,0.0028225198325484424
7.1000000000000005,0.13925196150630062,-0.6366082579146811,0.26941649364008924,-0.7562416031461553,-0.669728700747597,0.0029388481782405274
7.105,0.1360816959797191,-0.6314812650652438,0.26563809384616566,-0.75567995878472,-0.6666739883018508,0.003054712445746288
7.11,0.13293731505354364,-0.6262545540036896,0.2618630989271773,-0.7549989837976729,-0.66350389396311,0.0031700943387407143
7.115,0.12981931526197327,-0.6209289500882851,0.258092104998583,-0.7541987857188582,-0.6602189183260201,0.0032849756370899597
7.12,0.12672818897332014,-0.615505294293625,0.2543257075440388,-0.7532794909088287,-0.6568195801263143,0.003399338199705837
7.125,0.12366442431225778,-0.6099844430778306,0.2505645013213644,-0.7522412445348918,-0.6533064161589053,0.003513163967408972
7.13,0.12062850508274425,-0.6043672682473118,0.24680908026862344,-0.7510842105481859,-0.6496799811931007,0.0036264349658046147
7.135,0.11762091069161848,-0.5986546568190891,0.2430600374103345,-0.7498085716577899,-0.6459408478850248,0.003739133308075848
7.140000000000001,0.11464211607289916,-0.5928475108807282,0.23931796476382514,-0.7484145293018725,-0.6420896066871767,0.0038512411978480765
7.1450000000000005,0.1116925916127895,-0.5869467474478943,0.23558345324574573,-0.7469023036158817,-0.6381268657551782,0.003962740931998554
7.15,0.1087728030753929,-0.580953298319536,0.2318570925787568,-0.7452721333977838,-0.634053250851764,0.00407361490341418
7.155,0.10588321152916673,-0.5748681099307487,0.22813947119840502,-0.7435242760703539,-0.6298694052479503,0.004183845603813685
7.16,0.10302427327411325,-0.5686921432033207,0.2244311761602024,-0.7416590076405255,-0.6255759896214588,0.004293415626491548
7.165,0.10019643976972487,-0.5624263733939926,0.22073279304692336,-0.7396766226558067,-0.6211736819523876,0.004402307669071126
7.17,0.09740015756369319,-0.5560717899404523,0.21704490587613454,-0.7375774341577673,-0.6166631774161508,0.0045105045362368035
7.175,0.09463586822139332,-0.5496293963050898,0.21336809700797152,-0.7353617736326055,-0.6120451882737061,0.004617989142444712
7.18,0.09190400825615859,-0.5431002098165464,0.2097029470531775,-0.7330299909588028,-0.6073204437590647,0.0047247445146414435
7.1850000000000005,0.08920500906034551,-0.5364852615090556,0.20605003478141812,-0.7305824543518745,-0.6024896899641599,0.00483075379490483
7.19,0.08653929683721406,-0.5297855959596363,0.202409937029887,-0.7280195503062236,-0.5975536897210203,0.00493600024313956
7.195,0.08390729253362779,-0.5230022711231472,0.19878322861221645,-0.7253416835341088,-0.592513222481296,0.005040467239724289
7.2,0.08130941177357653,-0.5161363581652133,0.19517048222770778,-0.7225492769017364,-0.5873690841931996,0.005144138288096456
7.205,0.07874606479254799,-0.5091889412930826,0.19157226837089536,-0.7196427713624846,-0.5821220871757989,0.005246997017400612
7.21,0.07621765637274566,-0.5021611175844162,0.187989155241459,-0.7166226258872708,-0.5767730599907485,0.005349027185050481
7.215,0.07372458577916931,-0.49505399681404694,0.18442170865449864,-0.7134893173920763,-0.5713228473114486,0.005450212679299904
7.22,0.07126724669656556,-0.4878687012787307,0.18087049195118546,-0.7102433406626353,-0.5657723097896654,0.005550537521783139
7.2250000000000005,0.06884602716726329,-0.4806063656199312,0.17733606590980394,-0.7068852082763015,-0.5601223239196108,0.005649985870054608
7.23,0.0664613095298932,-0.4732681366446345,0.17381898865719841,-0.7034154505211077,-0.5543737818995538,0.005748542020057035
7.235,0.06411347035901402,-0.46585517314426134,0.17031981558063827,-0.6998346153120258,-0.548527591490922,0.005846190408631768
7.24,0.06180288040564925,-0.45836864571168623,0.16683909924011603,-0.696143268104446,-0.5425846758749452,0.005942915615976818
7.245,0.05952990453873701,-0.4508097365563754,0.1633773892810916,-0.6923419918048836,-0.5365459735068951,0.006038702368050042
7.25,0.057294901687515894,-0.44317963931771,0.15993523234769694,-0.6884313866789326,-0.5304124379678786,0.006133535539016521
7.255,0.055098224784845086,-0.43547955887649503,0.15651317199641457,-0.684412070256475,-0.5241850378142593,0.0062274001536193335
7.26,0.05294022071147216,-0.4277107111646943,0.15311174861024374,-0.6802846772341674,-0.517864756424712,0.006320281389547322
7.265000000000001,0.05082123024125613,-0.41987432297341853,0.14973149931336766,-0.6760498593752146,-0.5114525918449381,0.0064121645797738935
7.2700000000000005,0.04874158798735754,-0.4119716317592099,0.14637295788633542,-0.6717082854064477,-0.5049495566300506,0.006503035214887487
7.275,0.04670162234939564,-0.40400388544861987,0.1430366546817718,-0.6672606409127256,-0.4983566776846988,0.0065928789453517656
7.28,0.04470165546159275,-0.39597234224115585,0.13972311654062844,-0.6627076282286727,-0.49167499610089527,0.006681681583803556
7.285,0.04274200314190417,-0.3878782704105927,0.13643286670898958,-0.6580499663277718,-0.48490556699362136,0.0067694291072739055
7.29,0.04082297484214938,-0.3797229481047064,0.13316642475544543,-0.6532883907088306,-0.47804945933420095,0.006856107659420407
7.295,0.03894487359914239,-0.37150766314342637,0.12992430648904624,-0.6484236532798373,-0.4711077557815152,0.006941703552685752
7.3,0.03710799598684112,-0.36323371281548256,0.1267070238778501,-0.6434565222392257,-0.4640815525110256,0.007026203270489584
7.305,0.035312632069514314,-0.35490240367354636,0.12351508496807725,-0.6383877819545677,-0.45697195904167887,0.007109593469346753
7.3100000000000005,0.03355906535593656,-0.34651505132790855,0.12034899380388368,-0.6332182328387131,-0.4497800980607035,0.007191860980975351
7.315,0.0318475727546209,-0.33807298023873855,0.1172092503477667,-0.6279486912233949,-0.4425071052463139,0.0072729928143895894
7.32,0.03017842453008881,-0.32957752350692254,0.1140963504016151,-0.6225799892303203,-0.4351541290883895,0.007352976157924407
7.325,0.02855188426019436,-0.3210300226635609,0.11101078552841626,-0.61711297463977,-0.42772233070710375,0.00743179838128577
7.33,0.02696820879450117,-0.3124318274581202,0.10795304297463264,-0.6115485107567235,-0.42021288366957543,0.007509447037528316
7.335,0.025427648213724705,-0.3037842956453016,0.10492360559325997,-0.6058874762745332,-0.41262697380453967,0.007585909865035767
7.34,0.023930445790238952,-0.2950887927706214,0.10192295176757912,-0.6001307651361688,-0.4049657990151051,0.007661174789434566
7.345,0.022476837949662754,-0.28634669195478496,0.09895155533561385,-0.5942792863930528,-0.3972305690895819,0.007735229925523224
7.3500000000000005,0.021067054233524427,-0.27755937367685013,0.0960098855153063,-0.5883339640615114,-0.38942250551044716,0.007808063579134716
7.355,0.019701317263016327,-0.2687282255562439,0.09309840683042199,-0.5822957369768609,-0.3815428412614499,0.007879664248997276
7.36,0.018379842703837777,-0.2598546421336259,0.09021757903719621,-0.5761655586451555,-0.3735928206329211,0.007950020628528787
7.365,0.017102839232140742,-0.25094002465068443,0.08736785705173312,-0.569944397092617,-0.3655736990252773,0.008019121607643787
7.37,0.015870508501576897,-0.2419857808288616,0.08454969087816926,-0.5636332347127725,-0.35748674275078113,0.008086956274496182
7.375,0.014683045111454173,-0.23299332464705774,0.08176352553761264,-0.5572330681113231,-0.3493332288335754,0.008153513917205701
7.38,0.01354063657600708,-0.22396407611834526,0.07900980099786879,-0.5507449079487684,-0.3411144448080278,0.008218784025547654
7.385,0.012443463294787281,-0.2148994610657423,0.07628895210396473,-0.544169778780811,-0.33283168851540756,0.008282756292620208
7.390000000000001,0.011391698524174054,-0.20580091089704086,0.0736014085094819,-0.5375087188965678,-0.3244862678989534,0.008345420616454158
7.3950000000000005,0.010385508350017702,-0.19666986237879155,0.07094759460870884,-0.5307627801546122,-0.316079500797321,0.008406767101632406
7.4,0.00942505166141061,-0.18750775740940323,0.06832792946962447,-0.5239330278168728,-0.3076127147364911,0.0084667860608299
7.405,0.00851048012559784,-0.17831604279146113,0.06574282676772239,-0.5170205403804167,-0.2990872467201332,0.008525468016357896
7.41,0.007641938164026928,-0.16909617000325708,0.06319269472068668,-0.5100264094071424,-0.2905044430184773,0.008582803701655928
7.415,0.006819562929542056,-0.15984959496958456,0.06067793602392964,-0.5029517393514089,-0.28186565895572313,0.008638784062754146
7.42,0.006043484284726075,-0.15057777783183104,0.058198947787001486,-0.4957976473856304,-0.2731722586960178,0.00869340025970533
7.425,0.005313824781393383,-0.14128218271740225,0.05575612147088218,-0.48856526322386107,-0.2644256150280405,0.008746643667977283
7.43,0.0046306996412384,-0.13196427750853,0.05334984282616518,-0.48125572894340046,-0.2556271091482189,0.008798505879821616
7.4350000000000005,0.003994216737639655,-0.12262553361046072,0.05098049183214295,-0.47387019880444625,-0.24677813044262764,0.00884897870559126
7.44,0.0034044765786257146,-0.11326742571911144,0.04864844263680383,-0.4664098390678232,-0.23788007626758617,0.00889805417504147
7.445,0.0028615722910046103,-0.10389143158820607,0.046354063497749745,-0.4588758278108169,-0.22893435172899612,0.00894572453859005
7.45,0.0023655896056566372,-0.09449903179590526,0.044097716724044035,-0.451269354741142,-0.21994236946046553,0.008991982268530596
7.455,0.0019166068439975146,-0.08509170951101636,0.04187975861899867,-0.4435916210090731,-0.21090554940023262,0.009036820060232903
7.46,0.0015146949056100145,-0.07567095025878126,0.03970053942390982,-0.43584383901776974,-0.20182531856694327,0.009080230833289349
7.465,0.001159917257048315,-0.06623824168629483,0.0375604032627507,-0.4280272322318234,-0.1927031108343075,0.009122207732635779
7.47,0.0008523299218158197,-0.056795073327585405,0.03545968808783041,-0.4201430349840585,-0.18354036670467444,0.009162744129633055
7.4750000000000005,0.0005919814715185323,-0.04734293636841084,0.03339872562642733,-0.4121924922806171,-0.17433853308155942,0.009201833623115024
7.48,0.00037891301819475975,-0.03788332341076698,0.03137784132840554,-0.4041768596043576,-0.16509906304116284,0.009239470040396575
7.485,0.00021315820782320525,-0.02841772823719647,0.029397354314822544,-0.3960974027165998,-0.15582341560291169,0.009275647438251156
7.49,9.474321500998472e-05,-0.018947645574911222,0.02745757732753631,-0.3879553974572463,-0.1465130554990628,0.009310360103848891
7.495,2.3686738855166478e-05,-0.009474570859741618,0.025558816679819747,-0.3797521295433126,-0.1371694529434057,0.009343602555657082
