time_s,desired_position_rad,desired_velocity_rad_s,position_rad,velocity_rad_s,velocity_command_rad_s,command_change_rad_s
0.0,0.0,0.0,-2e-05,-0.004,0.0,0.0
0.005,2.3686738855166478e-05,0.009474570859741653,-5.8750000000000005e-05,-0.00775,0.0026875431878844963,0.0026875431878844963
0.01,9.474321501001803e-05,0.018947645574911846,-0.000115078125,-0.011265625,0.00572653549354424,0.0030389923056597435
0.015,0.00021315820782323857,0.028417728237197685,-0.00018788574218749998,-0.0145615234375,0.009112421579635014,0.0033858860860907745
0.02,0.00037891301819475975,0.037883323410766105,-0.00027614288330078126,-0.01765142822265625,0.012840864994981457,0.0037284434153464427
0.025,0.0005919814715185323,0.047342936368410554,-0.00037888395309448246,-0.020548213958740236,0.01690773175530791,0.004066866760326452
0.03,0.0008523299218158197,0.0567950733275857,-0.0004952037060260773,-0.02326395058631897,0.021309074961000485,0.004401343205692576
0.035,0.0011599172570482485,0.06623824168629305,-0.0006234136171532335,-0.025641982225431254,0.026041120387516117,0.0047320454265156325
0.04,0.001514694905609948,0.07567095025878008,-0.0007618208664932099,-0.027681449867995287,0.031064978983737127,0.005023858596221009
0.045,0.0019166068439974814,0.08509170951101575,-0.0009087300310058019,-0.029381832902518393,0.03636973495116613,0.005304755967429006
0.05,0.0023655896056566372,0.09449903179590526,-0.0010624446024254251,-0.030742914283924654,0.04194447346569089,0.005574738514524759
0.055,0.0028615722910046437,0.10389143158820666,-0.0012212683469577882,-0.03176474890647262,0.047778283617564046,0.005833810151873155
0.06,0.0034044765786257814,0.11326742571911258,-0.001383506521531566,-0.03244763491475555,0.05386026098610675,0.006081977368542706
0.065,0.003994216737639588,0.1226255336104598,-0.001547466960073384,-0.032792087708363574,0.06017950988956569,0.006319248903458939
0.07,0.0046306996412384,0.13196427750852968,-0.0017114720652739205,-0.03280102104010728,0.06672514534691149,0.006545635457345794
0.075,0.005313824781393383,0.14128218271740248,-0.001873861309227184,-0.03247784879065269,0.07348675775635558,0.00676161240944409
0.08,0.006043484284725942,0.15057777783182924,-0.00203299357747534,-0.03182645364963122,0.08045408635576551,0.006967328599409933
0.085,0.006819562929541956,0.15984959496958334,-0.0021872493653274975,-0.03085115757043152,0.0876170277935624,0.007162941437796888
0.09,0.0076419381640268624,0.16909617000325644,-0.002335032834880737,-0.02955669391064788,0.09496564413938999,0.007348616345827591
0.095,0.008510480125597807,0.17831604279146107,-0.0024747737407464095,-0.02794818117313453,0.10249017036925087,0.007524526229860884
0.1,0.009425051661410676,0.18750775740940376,-0.0026049292320745676,-0.026031098265631655,0.1101810213577994,0.007690850988548534
0.105,0.010385508350017836,0.19666986237879264,-0.002723985393395855,-0.02381123226425745,0.1180287984085508,0.00784777705075139
0.11,0.01139169852417422,0.2058009108970425,-0.002830458642648385,-0.021294649850506015,0.12602428927445444,0.007995490865903648
0.115,0.012443463294787249,0.2148994610657419,-0.002922896992637144,-0.01848766999775174,0.13415847158953842,0.008134182315083976
0.12,0.013540636576007114,0.22396407611834546,-0.0029998811819580457,-0.015396837864180384,0.14242251571276304,0.008264044123224623
0.125,0.01468304511145394,0.23299332464705594,-0.0030600256812060005,-0.01202889984959093,0.15080778701249445,0.008385271299731406
0.13,0.015870508501576695,0.2419857808288604,-0.0031019795800766455,-0.008390779774129034,0.15930584761881744,0.008498060606322994
0.135,0.017102839232140676,0.2509400246506838,-0.0031244273607652032,-0.004489556137711547,0.16790845766977025,0.008602610050952808
0.14,0.018379842703837777,0.2598546421336258,-0.0031260895647624593,-0.0003324407994511735,0.1766075760764586,0.008699118406688355
0.145,0.019701317263016393,0.2687282255562443,-0.003105723358638156,0.004073241224860675,0.1853953609106983,0.008787784834239698
0.15,0.021067054233524563,0.2775593736768511,-0.0030621230042363833,0.008720070880354574,0.19426416939433458,0.008868808483636276
0.155,0.022476837949662588,0.28634669195478396,-0.002994120238543317,0.013600553138613317,0.2032065575167911,0.008942388122456513
0.16,0.023930445790238886,0.29508879277062106,-0.0029005845683251867,0.018707134043626075,0.2122152793064546,0.009008721789663499
0.165,0.02542764821372474,0.3037842956453018,-0.002780423484473886,0.024032216770260087,0.2212832857806012,0.0090680064741466
0.17,0.026968208794501302,0.31243182745812087,-0.0026325826008393987,0.029568176726897495,0.23040372359766606,0.00912043781706487
0.17500000000000002,0.028551884260194157,0.32103002266355973,-0.0024560457221474733,0.03530737573838504,0.23956993343480054,0.009166209837134481
0.18,0.030178424530088677,0.3295775235069218,-0.0022498348454380638,0.04124217534188189,0.2487754481117535,0.009205514676952964
0.185,0.03184757275462086,0.3380729802387384,-0.002013010099298995,0.047364949227813716,0.25801399048178775,0.009238542370034242
0.19,0.03355906535593662,0.34651505132790894,-0.0017446696250103513,0.05366809485772877,0.26727947110943084,0.009265480627643097
0.195,0.035312632069514016,0.35490240367354486,-0.00144394940355831,0.060144044290408295,0.2765659857539931,0.00928651464456226
0.2,0.037107995986840926,0.3632337128154816,-0.0011100230323227503,0.0667852742471119,0.2858678126769086,0.00930182692291548
0.20500000000000002,0.03894487359914229,0.371507663143426,-0.000742101455091038,0.07358431544634245,0.2951794097901268,0.009311597113218217
0.21,0.04082297484214942,0.3797229481047065,-0.00033943264890138475,0.08053376123793064,0.30449541166194827,0.009316001871821467
0.215,0.0427420031419043,0.3878782704105933,9.869872892697378e-05,0.08762627556567171,0.3138106263959134,0.009315214733965127
0.22,0.044701655461592445,0.3959723422411547,0.0005729717303627571,0.09485460028715666,0.3231200323975798,0.00930940600166641
0.225,0.046701622349395476,0.4040038854486192,0.0010840295397569267,0.10221156187883393,0.3324187750432596,0.009298742645679814
0.23,0.04874158798735747,0.41197163175920976,0.0016324799275254948,0.1096900775537136,0.3417021632640709,0.009283388220811262
0.23500000000000001,0.0508212302412562,0.41987432297341876,0.002218895731617942,0.11728316081848943,0.3509656660579311,0.009263502793860234
0.24,0.05294022071147176,0.42771071116469284,0.0028438153640989697,0.1249839264962056,0.36020490894143953,0.009239242883508414
0.245,0.055098224784844815,0.43547955887649414,0.0035077433402986562,0.13278559523993733,0.369415670352927,0.009210761411487467
0.25,0.05729490168751576,0.4431796393177096,0.004211150828110106,0.14068149756228998,0.37859387801730165,0.00917820766437466
0.255,0.05952990453873701,0.4508097365563754,0.004954476215134359,0.14866507740485058,0.3877356052826968,0.009141727265395139
0.26,0.06180288040564938,0.45836864571168673,0.005738125691489618,0.15672989527105186,0.39683706743832065,0.009101462155623852
0.265,0.06411347035901432,0.4658551731442623,0.006562473846215777,0.1648696309452318,0.4058946180223261,0.00905755058400548
0.27,0.066461309529893,0.47326813664463396,0.007427864275315751,0.1730780858199948,0.4149047451279558,0.00901012710562965
0.275,0.06884602716726325,0.48060636561993103,0.008334610199582267,0.18134918485330304,0.4238640677156735,0.0089593225877177
0.28,0.07126724669656563,0.487868701278731,0.009282995090462532,0.18967697817605295,0.43276933193847716,0.008905264222803688
0.28500000000000003,0.07372458577916886,0.49505399681404566,0.010273273302313623,0.1980556423702182,0.4416174074870767,0.00884807554859951
0.29,0.07621765637274533,0.5021611175844153,0.011305670709498497,0.2064794814369746,0.45040528396114576,0.00878787647406909
0.295,0.07874606479254782,0.5091889412930821,0.012380385346866292,0.21494292747355906,0.45913006727239536,0.008724783311249595
0.3,0.08130941177357653,0.5161363581652133,0.013497588052251087,0.22344054107695885,0.4677889760847592,0.008658908812363864
0.305,0.08390729253362791,0.5230022711231477,0.01465742310971048,0.2319670114918785,0.4763793382965749,0.008590362211815694
0.31,0.0865392968372144,0.529785595959637,0.015860008892309433,0.24051715651979091,0.48489858756922,0.00851924927264508
0.315,0.08920500906034524,0.536485261509055,0.017105438503335665,0.24908592220524628,0.49334425990628245,0.008445672337062449
0.32,0.09190400825615852,0.543100209816546,0.018393780414910615,0.25766838231499,0.5017139902869712,0.008369730380688722
0.325,0.09463586822139342,0.5496293963050899,0.019725079103034754,0.26625973762482785,0.5100055093571148,0.008291519070143583
0.33,0.09740015756369265,0.556071789940451,0.021099355678177622,0.2748553150285736,0.5182166401807595,0.008211130823644774
0.335,0.10019643976972453,0.5624263733939918,0.02251660851059174,0.2834505664828237,0.5263452950550567,0.008128654874297148
0.34,0.10302427327411308,0.5686921432033204,0.023976813849595355,0.2920410678007235,0.5343894723908175,0.008044177335760794
0.34500000000000003,0.1058832115291667,0.5748681099307487,0.02547992643613196,0.3006225173073209,0.5423472536608326,0.007957781270015118
0.35000000000000003,0.10877280307539311,0.5809532983195363,0.027025880107974704,0.30919073436854905,0.5502168004177657,0.007869546756933077
0.355,0.11169259161278983,0.586946747447895,0.028614588397001376,0.3177416578053344,0.5579963513831729,0.007779550965407278
0.36,0.1146421160728997,0.5928475108807292,0.030245945118020368,0.3262713442037985,0.5656842196089611,0.0076878682257881525
0.365,0.11762091069161838,0.5986546568190889,0.03191982494868038,0.3347759661320021,0.5732787897123404,0.007594570103379272
0.37,0.12062850508274431,0.6043672682473119,0.033636084000046265,0.3432518102731781,0.5807785151851393,0.007499725472798979
0.375,0.12366442431225805,0.6099844430778312,0.035394560377470796,0.3516952754849065,0.5881819157781082,0.007403400592968845
0.38,0.1267281889733197,0.6155052942936243,0.03719507473143685,0.3601028707932102,0.5954875749606625,0.007305659182554325
0.385,0.12981931526197305,0.6209289500882847,0.03903743079808727,0.36847121333008287,0.6026941374563306,0.00720656249566809
0.39,0.1329373150535436,0.6262545540036895,0.04092141592919983,0.37679702622251277,0.609800306853987,0.007106169397656403
0.395,0.13608169597971928,0.6314812650652442,0.04284680161140297,0.38507713644062697,0.6168048432948083,0.0070045364408213295
0.4,0.13925196150630104,0.6366082579146817,0.044813343974463765,0.393308472612159,0.6237065612347182,0.006901717939909902
0.405,0.14244761101161127,0.6416347229403976,0.04682078428851392,0.40148806281003085,0.6305043272819679,0.006797766047249687
0.41000000000000003,0.14566813986554808,0.6465598664052956,0.04886884945011115,0.40961303231944535,0.6371970581093527,0.006692730827384752
0.41500000000000004,0.1489130395092718,0.6513829105721284,0.05095725245706365,0.41768060139050067,0.6437837184404468,0.0065866603310941185
0.42,0.15218179753551253,0.6561030938263115,0.0530856928719735,0.4256880829819686,0.6502633191091391,0.0064796006686923535
0.425,0.1554738977694854,0.6607196707961911,0.0552538572744811,0.43363288050152105,0.6566349151916314,0.00637159608249227
0.43,0.15878882035040023,0.6652319124707466,0.05746141970221783,0.44151248554734585,0.6628976042099755,0.0062626890183440365
0.435,0.1621260418135536,0.66963910631471,0.05970804208049663,0.4493244756557597,0.6690505244061403,0.006152920196164868
0.44,0.16548503517299032,0.6739405563810836,0.06199337464079218,0.4570665120591093,0.6750928530855205,0.006042328679380149
0.445,0.1688652700047201,0.6781355834210377,0.06431705632808189,0.4647363374579429,0.6810238050287145,0.0059309519431940405
0.45,0.1722662125304782,0.6822235249911728,0.06667871519713761,0.47233177381114266,0.6868426309703591,0.005818825941644623
0.455,0.1756873257020147,0.6862037355581255,0.06907796879787473,0.4798507201474232,0.6925486161437194,0.005705985173360295
0.46,0.1791280692859012,0.6900755866005077,0.0715144245498814,0.4872911504013327,0.6981410788897141,0.005592462745994675
0.465,0.1825878999488393,0.6938384667081556,0.07398768010626457,0.4946511112766332,0.7036193693289756,0.005478290439261513
0.47000000000000003,0.18606627134345965,0.6974917816786798,0.07649732370696301,0.5019287201396887,0.7089828680955389,0.005363498766563279
0.47500000000000003,0.18956263419459662,0.7010349546112955,0.07904293452168927,0.5091221629452528,0.7142309851306909,0.0052481170351520445
0.48,0.19307643638602476,0.704467425997923,0.08162408298267337,0.5162296921968219,0.7193631585354936,0.0051321734048026535
0.485,0.19660712304764486,0.7077886538115401,0.08424033110739089,0.523249624943503,0.7243788534804781,0.00501569494498455
0.49,0.200154136643104,0.7109981135917739,0.0868912328114666,0.5301803408151412,0.7292775611709674,0.004898707690489279
0.495,0.20371691705783712,0.71409529852772,0.08957633421195288,0.5370202800972559,0.7340587978664873,0.004781236695519886
0.5,0.20729490168751577,0.7170797195379733,0.09229517392118862,0.5437679418471486,0.7387221039527065,0.004663306086219232
0.505,0.21088752552688952,0.7199509053478598,0.09504728333145047,0.55042188205237,0.7432670430643334,0.0045449391116269
0.51,0.21449422125900716,0.722708402563856,0.0978321868906133,0.5569807118325651,0.7476932012574077,0.004426158193074237
0.515,0.21811441934480247,0.725351775745186,0.1006494023690411,0.5634430956855597,0.7520001862294067,0.004306984971998995
0.52,0.2217475481130309,0.7278806074725811,0.10349844111793309,0.5698077497783977,0.7561876265856027,0.004187440356196004
0.525,0.22539303385054357,0.7302944984141967,0.1063788083193526,0.5760734402839033,0.7602551711501067,0.004067544564503978
0.53,0.22905030089288256,0.7325930673886702,0.10929000322816862,0.5822389817632034,0.7642024883200378,0.0039473171699311305
0.535,0.23271877171518565,0.7347759514253149,0.11223151940614123,0.588303235594524,0.7680292654612824,0.003826777141244575
0.54,0.23639786702338364,0.7368428058214365,0.11520284494838351,0.5942651084484543,0.7717352083442987,0.003705942883016289
0.545,0.24008700584567788,0.738793304196766,0.11820346270243233,0.6001235508097638,0.7753200406184624,0.0035848322741637295
0.55,0.24378560562428264,0.7406271385449992,0.1212328504801611,0.6058775555457537,0.7787835033234444,0.00346346270498199
0.555,0.24749308230741718,0.742344019282434,0.12429048126276622,0.6115261565210258,0.7821253544361391,0.0033418511126946937
0.56,0.25120885044153496,0.7439436752936992,0.12737582339905854,0.6170684272584641,0.7853453684516938,0.0032200140155547174
0.5650000000000001,0.25493232326377285,0.7454258539745668,0.13048834079728924,0.6225034796461403,0.7884433359971844,0.003097967545490632
0.5700000000000001,0.25866291279460857,0.7467903212718413,0.13362749311073813,0.6278304626897752,0.7914190634765422,0.002975727479357815
0.5750000000000001,0.26240002993070877,0.7480368617203189,0.13679273591728972,0.6330485613103181,0.7942723727453217,0.0028533092687794692
0.58,0.26614308453795543,0.7491652784768124,0.13998352089322041,0.6381569951861384,0.7970031008139632,0.002730728068641497
0.585,0.26989148554463543,0.7501753933512351,0.14319929598141673,0.6431550176392635,0.7996110995782075,0.0026079987642443347
0.59,0.273644641034777,0.7510670468347385,0.14643950555424193,0.6480419145650405,0.802096235575347,0.0024851359971395093
0.595,0.2774019583416201,0.7518400981249013,0.14970359057126467,0.6528170034045494,0.8044583897650441,0.0023621541896970966
0.6,0.28116284414120596,0.7524944251479632,0.1529909887320599,0.6574796321590489,0.8066974573334622,0.002239067568418074
0.605,0.2849267045460691,0.7530299245781021,0.15630113462428835,0.662029178445691,0.8088133475194847,0.00211589018602254
0.61,0.28869294519901956,0.7534465118537504,0.15963345986725688,0.666465048593708,0.810805983461838,0.001992635942353216
0.615,0.2924609713669987,0.7537441211909479,0.16298739325115807,0.6707866767802393,0.8126753020659543,0.0018693186041163212
0.62,0.2962301880349941,0.7539227055937304,0.16636236087218273,0.6749935242049335,0.8144212538894448,0.0017459518234904658
0.625,0.29999999999999993,0.7539822368615503,0.16975778626369492,0.6790850783024405,0.8160438030450942,0.001622549155649411
0.63,0.3037698119650058,0.7539227055937304,0.17317309052365432,0.6830608519918794,0.8175429271202974,0.0014991240752032509
0.635,0.3075390286330012,0.7537441211909479,0.17660769243846608,0.6869203829623547,0.8189186171119136,0.0013756899916161913
0.64,0.31130705480098037,0.7534465118537504,0.18006100860343394,0.6906632329935724,0.820170877375537,0.0012522602636233504
0.645,0.3150732954539308,0.7530299245781021,0.18353245353998693,0.6942889873105962,0.8212997255881966,0.0011288482126596833
0.65,0.318837155858794,0.7524944251479632,0.1870214398098458,0.6977972539717742,0.8223051927235686,0.0010054671353719735
0.655,0.32259804165837974,0.7518400981249013,0.1905273781262901,0.7011876632888566,0.8231873230387664,0.0008821303151977933
0.66,0.32635535896522294,0.7510670468347385,0.1940496774626817,0.7044598672783217,0.8239461740718558,0.0007588510330893694
0.665,0.3301085144553645,0.7501753933512351,0.1975877451583963,0.7076135391429211,0.8245818166492211,0.0006356425773653696
0.67,0.3338569154620445,0.7491652784768124,0.2011409870223086,0.7106483727824596,0.8250943349019896,0.0005125182527684347
0.675,0.33759997006929127,0.7480368617203188,0.20470880743397268,0.7135640823328182,0.8254838262907107,0.0003894913887211304
0.68,0.3413370872053914,0.7467903212718413,0.2082906094426339,0.7163604017322401,0.8257504016375365,0.00026657534682583695
0.685,0.3450676767362271,0.7454258539745668,0.2118857948642034,0.719037084313898,0.8258941851651782,0.00014378352764166102
0.6900000000000001,0.3487911495584651,0.7439436752936992,0.21549376437632226,0.7215939024237704,0.8259153145419343,2.112937675613491e-05
0.6950000000000001,0.35250691769258286,0.742344019282434,0.21911391761163657,0.7240306470628611,0.825813940932123,-0.00010137360981132826
0.7000000000000001,0.35621439437571745,0.7406271385449992,0.2227456532494006,0.7263471275528066,0.8255902290512701,-0.00022371188085290594
0.705,0.35991299415432204,0.738793304196766,0.22638836910552024,0.7285431712239256,0.8252443572254413,-0.00034587182582879183
0.71,0.3636021329766163,0.7368428058214365,0.23004146222114413,0.7306186231247763,0.8247765174541284,-0.00046783977131292787
0.715,0.3672812282848143,0.7347759514253149,0.23370432894990564,0.7325733457523015,0.8241869154761179,-0.0005896019780105011
0.72,0.37094969910711734,0.7325930673886702,0.2373763650439139,0.7344072188016535,0.8234757708378165,-0.0007111446383013531
0.725,0.3746069661494564,0.7302944984141967,0.24105696573858795,0.7361201389348079,0.8226433169635126,-0.0008324538743039733
0.73,0.37825245188696904,0.7278806074725811,0.2447455258364234,0.7377120195670868,0.8216898012270858,-0.0009535157364267688
0.735,0.3818855806551975,0.725351775745186,0.24844143978977706,0.7391827906707339,0.8206154850247025,-0.0010743162023832964
0.74,0.38550577874099284,0.722708402563856,0.25214410178275054,0.740532398594696,0.8194206438480567,-0.0011948411766458111
0.745,0.38911247447311037,0.7199509053478599,0.25585290581224945,0.7417608058997849,0.8181055673577284,-0.0013150764903282486
0.75,0.39270509831248424,0.7170797195379734,0.2595672457682915,0.7428679912084118,0.8166705594562826,-0.001435007901445795
0.755,0.39628308294216286,0.71409529852772,0.263286515513632,0.7438539490681056,0.8151159383607037,-0.001554621095578912
0.76,0.3998458633568959,0.710998113591774,0.2670101089627722,0.7447186898280419,0.8134420366738437,-0.001673901686859991
0.765,0.40339287695235515,0.7077886538115401,0.27073742016041136,0.7454622395278332,0.8116492014545272,-0.001792835219316502
0.77,0.4069235636139752,0.7044674259979231,0.2744678433594006,0.7460846397978471,0.8097377942859992,-0.001911407168528001
0.775,0.41043736580540335,0.7010349546112954,0.2782007730982523,0.7465859477703397,0.8077081913424371,-0.0020296029435621366
0.78,0.41393372865654027,0.6974917816786798,0.28193560427825587,0.7469662360007111,0.805560783453229,-0.002147407889208086
0.785,0.41741210005116075,0.6938384667081556,0.28567173224024695,0.7472255923982106,0.8032959761647693,-0.0022648072884596804
0.79,0.4208719307140988,0.6900755866005077,0.28940855284107414,0.7473641201654377,0.8009141897995246,-0.0023817863652447757
0.795,0.4243126742979852,0.6862037355581255,0.29314546252980417,0.7473819377460058,0.7984158595121501,-0.0024983302873744506
0.8,0.4277337874695218,0.6822235249911727,0.29688185842370296,0.7472791787797554,0.7958014353424357,-0.0026144241697143578
0.805,0.4311347299952799,0.6781355834210377,0.3006171383840276,0.747055992064923,0.7930713822648925,-0.0027300530775432597
0.81,0.43451496482700963,0.6739405563810837,0.30435070109166107,0.7467125415266921,0.7902261802348012,-0.0028452020300913095
0.8150000000000001,0.4378739581864463,0.6696391063147101,0.3080819461226189,0.7462490061915719,0.7872663242305546,-0.0029598560042465305
0.8200000000000001,0.44121117964959977,0.6652319124707466,0.31181027402345424,0.7456655801670689,0.7841923242921366,-0.0030739999384180594
0.8250000000000001,0.44452610223051464,0.6607196707961911,0.3155350863865849,0.7449624726261365,0.7810047055556044,-0.0031876187365321718
0.8300000000000001,0.4478182024644875,0.6561030938263114,0.3192557859255644,0.7441399077959052,0.7777040082834471,-0.003300697272157316
0.835,0.45108696049072816,0.6513829105721284,0.3229717765503155,0.743198124950217,0.7742907878907026,-0.003413220392744498
0.84,0.4543318601344519,0.6465598664052955,0.32668246344234303,0.7421373784055035,0.7707656149667327,-0.0035251729239699214
0.845,0.45755238898838857,0.6416347229403977,0.3303872531299409,0.7409579375195692,0.7671290752925541,-0.0036365396741785405
0.85,0.46074803849369894,0.6366082579146818,0.33408555356340514,0.7396600866928547,0.7633817698536686,-0.003747305438885573
0.855,0.4639183040202807,0.6314812650652442,0.33777677419026403,0.7382441253717765,0.7595243148482836,-0.0038574550053849244
0.86,0.4670626849464564,0.6262545540036895,0.34146032603053283,0.7367103680537559,0.7555573416908987,-0.003966973157384923
0.865,0.4701806847380268,0.6209289500882849,0.3451356217520007,0.7350591442935651,0.7514814970111792,-0.0040758446797195536
0.87,0.47327181102668026,0.6155052942936243,0.3488020757455539,0.7332907987106381,0.7472974426480881,-0.004184054363091105
0.875,0.4763355756877419,0.6099844430778312,0.35245910420053894,0.7314056909970078,0.7430058556392227,-0.0042915870088653385
0.88,0.47937149491725567,0.6043672682473119,0.3561061251801667,0.7294041959255491,0.7386074282053551,-0.0043984274338676466
0.885,0.48237908930838164,0.5986546568190889,0.3597425586969578,0.72728670335822,0.7341028677301268,-0.004504560475228292
0.89,0.4853578839271002,0.5928475108807293,0.3633678267882279,0.7250536182540124,0.7294928967349061,-0.004609970995220647
0.895,0.4883074083872101,0.5869467474478951,0.36698135359160955,0.7227053606763353,0.7247782528487922,-0.004714643886113978
0.9,0.4912271969246069,0.5809532983195363,0.3705825654206074,0.7202423657995698,0.7199596887737605,-0.004818564075031673
0.905,0.4941167884708333,0.5748681099307485,0.3741708908401801,0.7176650839145481,0.7150379722449675,-0.00492171652879303
0.91,0.4969757267258869,0.5686921432033205,0.37774576074234373,0.7149739804327235,0.7100138859862197,-0.005024086258747729
0.915,0.4998035602302755,0.5624263733939919,0.38130660842178776,0.7121695358888113,0.704888227660619,-0.005125658325600746
0.92,0.5025998424363073,0.556071789940451,0.38485286965149623,0.7092522459416922,0.6996618098164124,-0.005226417844206632
0.925,0.5053641317786066,0.5496293963050899,0.38838398275836317,0.706222621373386,0.6943354598280739,-0.005326349988338475
0.93,0.5080959917438416,0.543100209816546,0.3918993886987927,0.7030811880859094,0.6889100198326392,-0.0054254399954346555
0.935,0.5107949909396547,0.5364852615090551,0.395398531134272,0.6998284870958504,0.6833863466613385,-0.005523673171300758
0.9400000000000001,0.5134607031627856,0.529785595959637,0.39888085650690447,0.6964650745264985,0.6777653117665632,-0.005621034894775279
0.9450000000000001,0.516092707466372,0.5230022711231477,0.4023458141148914,0.6929915215973811,0.6720478011442023,-0.005717510622360922
0.9500000000000001,0.5186905882264236,0.5161363581652132,0.40579285618794675,0.6894084146110705,0.6662347152514028,-0.005813085892799497
0.9550000000000001,0.5212539352074522,0.509188941293082,0.40922143796263244,0.6857163549371332,0.6603269689197949,-0.005907746331607844
0.96,0.5237823436272546,0.5021611175844154,0.412631017757598,0.6819159589931023,0.6543254912642439,-0.006001477655551035
0.965,0.5262754142208311,0.4950539968140456,0.4160210570487098,0.6780078582223671,0.6482312255871687,-0.006094265677075161
0.97,0.5287327533034343,0.48786870127873116,0.4193910205440542,0.6739926990688794,0.6420451292784924,-0.006186096308676281
0.975,0.5311539728327367,0.4806063656199311,0.4227403762587971,0.6698711429485871,0.6357681737112842,-0.006276955567208198
0.98,0.5335386904701069,0.47326813664463396,0.4260685955898847,0.665643866217513,0.6294013441331473,-0.0063668295781369455
0.985,0.5358865296409856,0.4658551731442623,0.4293751533905667,0.6613115601364057,0.6229456395534203,-0.006455704579726995
0.99,0.5381971195943506,0.4583686457116869,0.4326595280447262,0.6568749308318955,0.6164020726262538,-0.006543566927166511
0.995,0.5404700954612629,0.4508097365563756,0.4359212015409967,0.6523346992541001,0.6097716695296267,-0.006630403096627102
1.0,0.5427050983124843,0.44317963931770965,0.4391596595466498,0.6476916011306246,0.6030554698403752,-0.006716199689251523
1.0050000000000001,0.5449017752151551,0.43547955887649414,0.4423743914812344,0.6429463869169159,0.5962545264052885,-0.006800943435086637
1.01,0.5470597792885282,0.4277107111646928,0.4455648905899491,0.6380998217429303,0.5893699052083626,-0.0068846211969259
1.0150000000000001,0.5491787697587438,0.4198743229734187,0.4487306540167295,0.6331526853560859,0.5824026852342562,-0.006967219974106431
1.02,0.5512584120126425,0.4119716317592098,0.4518711828770319,0.6281057720604715,0.57535395832804,-0.007048726906216163
1.025,0.5532983776506044,0.4040038854486195,0.45498598233029336,0.6229598906522936,0.5682248290513019,-0.007129129276738144
1.03,0.5552983445384075,0.39597234224115463,0.4580745616520511,0.6177158643515487,0.5610164145346801,-0.007208414516621797
1.035,0.5572579968580956,0.3878782704105935,0.46113643430570067,0.6123745307299074,0.5537298443268951,-0.007286570207785004
1.04,0.5591770251578505,0.3797229481047066,0.46417111801387473,0.6069367416348109,0.5463662602403628,-0.00736358408653226
1.045,0.5610551264008576,0.3715076631434263,0.4671781348294236,0.6014033631097763,0.5389268161934483,-0.007439444046914545
1.05,0.562892004013159,0.36323371281548156,0.4701570112059782,0.5957752753109178,0.5314126780494391,-0.0075141381440091415
1.055,0.5646873679304859,0.35490240367354503,0.4731072780680767,0.5900533724196918,0.5238250234523192,-0.007587654597119964
1.06,0.5664409346440633,0.34651505132790905,0.47602847088083605,0.5842385625518786,0.5161650416593989,-0.007659981792920267
1.065,0.5681524272453791,0.33807298023873844,0.47892012971915016,0.5783317676628171,0.5084339333708928,-0.0077311082885060944
1.07,0.5698215754699113,0.3295775235069218,0.4817817993363947,0.5723339234489138,0.5006329105565057,-0.007801022814387104
1.075,0.5714481157398058,0.32103002266355984,0.48461302923262195,0.5662459792454472,0.4927631962791029,-0.007869714277402795
1.08,0.5730317912054986,0.3124318274581207,0.48741337372222543,0.5600688979206967,0.4848260245155413,-0.007937171763561623
1.085,0.5745723517862752,0.30378429564530185,0.49018239200105757,0.5538036557664231,0.4768226399747275,-0.008003384540813785
1.09,0.5760695542097611,0.295088792770621,0.49291964821298123,0.5474512423847341,0.46875429791297707,-0.008068342061750444
1.095,0.5775231620503374,0.2863466919547842,0.4956247115158381,0.541012660571369,0.4606222639467459,-0.008132033966231189
1.1,0.5789329457664754,0.27755937367685096,0.4982971561468153,0.5344889261954401,0.4524278138628104,-0.00819445008393549
1.105,0.5802986827369836,0.2687282255562444,0.5009365614871937,0.527881068075669,0.4441722334259546,-0.008255580436855814
1.11,0.5816201572961622,0.2598546421336258,0.5035425121264595,0.5211901278531611,0.43585681818424354,-0.008315415241711033
1.115,0.5828971607678592,0.25094002465068405,0.5061145979257633,0.514417159860759,0.42748287327195256,-0.008373944912290987
1.12,0.5841294914984233,0.24198578082886024,0.5086524140807084,0.5075632309890226,0.4190517132102183,-0.008431160061734277
1.125,0.5853169548885461,0.23299332464705602,0.5111555611834527,0.5006294205488803,0.4105646617054722,-0.008487051504746101
1.1300000000000001,0.5864593634239929,0.22396407611834546,0.5136236452841078,0.4936168201310009,0.40202305144574446,-0.008541610259727717
1.135,0.5875565367052128,0.21489946106574187,0.5160562779514174,0.4865265334619355,0.39342822389488363,-0.008594827550860829
1.1400000000000001,0.5886083014758258,0.2058009108970424,0.5184530763327028,0.4793596762570797,0.3847815290847695,-0.008646694810114153
1.145,0.5896144916499821,0.19666986237879272,0.5208136632130553,0.47211737607050924,0.3760843254055846,-0.008697203679184862
1.1500000000000001,0.5905749483385893,0.18750775740940345,0.5231376670737641,0.46480077214174104,0.3673379793942045,-0.008746346011380135
1.155,0.5914895198744021,0.178316042791461,0.5254247221499615,0.45741101523947425,0.3585438655207779,-0.008794113873426601
1.16,0.5923580618359732,0.16909617000325666,0.5276744684874733,0.44994926750236613,0.3497033659735509,-0.008840499547226988
1.165,0.593180437070458,0.15984959496958345,0.5298865519988578,0.4424167022768985,0.3408178704420069,-0.008885495531543997
1.17,0.5939565157152741,0.1505777778318296,0.5320606245186198,0.4348145039523904,0.3318887758983852,-0.008929094543621674
1.175,0.5946861752186067,0.14128218271740245,0.5341963438575859,0.42714386779321506,0.3229174863776234,-0.008971289520761816
1.18,0.5953693003587616,0.13196427750852988,0.5362933738564273,0.4194059997682769,0.31390541275581096,-0.009012073621812444
1.185,0.5960057832623603,0.12262553361045994,0.5383513844383163,0.41160211637780825,0.30485397252719115,-0.009051440228619811
1.19,0.5965955234213741,0.11326742571911264,0.5403700516607041,0.40373344447754217,0.2957645895797816,-0.009089382947409574
1.195,0.5971384277089953,0.10389143158820661,0.5423490577662057,0.39580122110032123,0.2866386939696669,-0.009125895610114676
1.2,0.5976344103943433,0.09449903179590546,0.5442880912325817,0.38780669327520023,0.2774777216940308,-0.009160972275636114
1.205,0.5980833931560025,0.08509170951101556,0.5461868468218022,0.3797511178441017,0.26828311446297126,-0.009194607231059526
1.21,0.59848530509439,0.07567095025878014,0.5480450256281826,0.37163576127608355,0.2590563194701691,-0.009226794992802156
1.215,0.5988400827429518,0.06623824168629304,0.5498623351255789,0.36346189947927776,0.24979878916245274,-0.009257530307716366
1.22,0.5991476700781841,0.056795073327585946,0.5516384892136317,0.35523081761055925,0.24051198100832685,-0.009286808154125886
1.225,0.5994080185284815,0.04734293636841038,0.5533732082630467,0.3469438098830035,0.23119735726551194,-0.009314623742814915
1.23,0.5996210869818053,0.03788332341076619,0.5550662191599026,0.3386021793711927,0.2218563847475487,-0.00934097251796323
1.235,0.5997868417921768,0.028417728237197678,0.5567172553489748,0.33020723781442884,0.21249053458952588,-0.009365850158022826
1.24,0.59990525678499,0.018947645574912096,0.5583260568760643,0.3217603054179126,0.20310128201297817,-0.009389252576547713
1.245,0.5999763132611449,0.009474570859741491,0.559892370429324,0.3132627106519464,0.19369010609001266,-0.009411175922965503
1.25,0.6,9.233619329864591e-17,0.5614159493795702,0.30471579004922017,0.18425848950670526,-0.009431616583307406
1.2550000000000001,0.5999763132611449,-0.009474570859741642,0.5628965538195714,0.2961208880002384,0.174807918325835,-0.009450571180870254
1.26,0.59990525678499,-0.018947645574911912,0.5643339506023061,0.2874793565469453,0.16533988174898445,-0.009468036576850553
1.2650000000000001,0.5997868417921768,-0.02841772823719783,0.5657279133781791,0.27879255517460655,0.15585587187807853,-0.009484009870905918
1.27,0.5996210869818053,-0.037883323410766,0.5670782226311891,0.27006185060200477,0.14635738347639016,-0.009498488401688376
1.2750000000000001,0.5994080185284815,-0.04734293636841087,0.5683846657140391,0.26128861657000524,0.13684591372907925,-0.009511469747310902
1.28,0.5991476700781841,-0.05679507332758576,0.5696470368821819,0.252474233628549,0.12732296200330379,-0.00952295172577547
1.285,0.5988400827429518,-0.06623824168629286,0.5708651373267926,0.24362008892212936,0.11779002960794771,-0.009532932395356075
1.29,0.59848530509439,-0.07567095025877996,0.5720387752066616,0.2347275759738078,0.10824861955302109,-0.009541410054926619
1.295,0.5980833931560025,-0.08509170951101538,0.5731677656790007,0.22579809446782473,0.09870023630877708,-0.009548383244244008
1.3,0.5976344103943434,-0.09449903179590528,0.574251930929155,0.21683305003086006,0.08914638556458454,-0.009553850744192544
1.305,0.5971384277089954,-0.10389143158820642,0.575291100199215,0.20783385401199878,0.07958857398761006,-0.009557811576974481
1.31,0.5965955234213741,-0.11326742571911244,0.5762851098155223,0.19880192326145535,0.0700283089813545,-0.009560265006255564
1.315,0.5960057832623603,-0.12262553361045976,0.5772338032150628,0.1897386799081111,0.06046709844408348,-0.009561210537271013
1.32,0.5953693003587616,-0.1319642775085297,0.5781370309707424,0.180645551135918,0.05090645052719731,-0.00956064791688617
1.325,0.5946861752186067,-0.14128218271740225,0.5789946508155386,0.17152396895922167,0.04134787339358783,-0.009558577133609483
1.33,0.5939565157152741,-0.1505777778318294,0.5798065276655239,0.16237536999705685,0.03179287497602381,-0.00955499841756402
1.335,0.593180437070458,-0.15984959496958326,0.5805725336417562,0.15320119524646642,0.022242962735609405,-0.009549912240414404
1.34,0.5923580618359732,-0.16909617000325647,0.5812925480910307,0.14400288985489693,0.01269964342035168,-0.009543319315257724
1.345,0.5914895198744021,-0.17831604279146082,0.5819664576054893,0.1347819028917211,0.0031644228238841415,-0.009535220596467539
1.35,0.5905749483385893,-0.18750775740940392,0.582594156041084,0.12553968711893837,-0.006361194455602542,-0.009525617279486684
1.355,0.5896144916499821,-0.19666986237879255,0.5831755445348895,0.11627769876110396,-0.015875705256202716,-0.009514510800600173
1.36,0.5886083014758258,-0.2058009108970425,0.5837105315212622,0.10699739727453644,-0.025377608092848822,-0.009501902836646106
1.365,0.5875565367052128,-0.21489946106574165,0.5841990327468415,0.0977002451158535,-0.034865403397546346,-0.009487795304697524
1.37,0.5864593634239929,-0.2239640761183456,0.5846409712843909,0.08838770750988463,-0.044337593759247625,-0.009472190361701278
1.375,0.5853169548885461,-0.23299332464705585,0.5850362775454759,0.0790612522170096,-0.05379268416331798,-0.009455090404070353
1.3800000000000001,0.5841294914984233,-0.2419857808288604,0.5853848892919757,0.06972234929997134,-0.06322918223057239,-0.009436498067254412
1.385,0.5828971607678592,-0.2509400246506839,0.5856867516464268,0.060372470890210465,-0.0726455984558169,-0.009416416225244514
1.3900000000000001,0.5816201572961622,-0.2598546421336259,0.5859418171011956,0.05101309095376926,-0.08204044644587799,-0.009394847990061087
1.395,0.5802986827369836,-0.26872822555624426,0.5861500455264796,0.041645685056812036,-0.09141224315707469,-0.0093717967111967
1.4000000000000001,0.5789329457664754,-0.27755937367685135,0.5863114041771337,0.03227173013080831,-0.10075950913208512,-0.009347265975010427
1.405,0.5775231620503374,-0.286346691954784,0.5864258676983208,0.022892704237425412,-0.1100807687361844,-0.009321259604099283
1.41,0.5760695542097611,-0.29508879277062083,0.5864934181299867,0.013510086333175549,-0.1193745503928065,-0.009293781656622105
1.415,0.5745723517862752,-0.3037842956453017,0.586514044910156,0.00412535603386352,-0.12863938681839482,-0.009264836425588313
1.42,0.5730317912054987,-0.31243182745812054,0.5864877448770505,-0.005260006621120325,-0.13787381525650078,-0.009234428438105957
1.425,0.5714481157398058,-0.3210300226635597,0.5864145222700273,-0.014644521404617474,-0.14707637771110704,-0.009202562454606267
1.43,0.5698215754699113,-0.32957752350692165,0.5862943887293394,-0.024026708137584202,-0.1562456211791109,-0.009169243468003851
1.435,0.5681524272453792,-0.3380729802387383,0.5861273632947144,-0.03340508692499672,-0.16538009788196886,-0.009134476702857969
1.44,0.5664409346440633,-0.34651505132790883,0.5859134724027557,-0.04277817839173483,-0.1744783654964306,-0.009098267614461725
1.445,0.564687367930486,-0.35490240367354486,0.5856527498831637,-0.05214450391840108,-0.18353898738434396,-0.009060621887913373
1.45,0.5628920040131591,-0.3632337128154814,0.5853452369537786,-0.061502585877032306,-0.19256053282150237,-0.009021545437158413
1.455,0.5610551264008576,-0.37150766314342615,0.5849909822144453,-0.07085094786666198,-0.20154157722547666,-0.008981044403974292
1.46,0.5591770251578506,-0.3797229481047065,0.5845900416397019,-0.08018811494869003,-0.2104807023824164,-0.008939125156939731
1.465,0.5572579968580956,-0.3878782704105933,0.5841424785702918,-0.08951261388201996,-0.21937649667277992,-0.008895794290363523
1.47,0.5552983445384077,-0.39597234224115446,0.5836483637035021,-0.09882297335792063,-0.22822755529594896,-0.008851058623169039
1.475,0.5532983776506044,-0.4040038854486193,0.5831077750823292,-0.1081177242345721,-0.23703248049371217,-0.008804925197763214
1.48,0.5512584120126426,-0.41197163175920964,0.582520798083473,-0.11739539977125524,-0.24578988177255473,-0.008757401278842558
1.485,0.5491787697587438,-0.41987432297341876,0.5818875254041623,-0.1266545358621441,-0.2544983761247647,-0.008708494352209994
1.49,0.5470597792885283,-0.4277107111646926,0.581208057047814,-0.13589367126966112,-0.2631565882482627,-0.008658212123497988
1.495,0.5449017752151551,-0.4354795588764942,0.5804825003085272,-0.14511134785735605,-0.2717631507651829,-0.008606562516920213
1.5,0.5427050983124843,-0.4431796393177095,0.5797109697544158,-0.1543061108222681,-0.2803167044391214,-0.008553553673938452
1.5050000000000001,0.540470095461263,-0.4508097365563754,0.5788935872097821,-0.16347650892673338,-0.2888158983910562,-0.008499193951934825
1.51,0.5381971195943506,-0.45836864571168684,0.5780304817361341,-0.17262109472959722,-0.29725939031388093,-0.00844349192282473
1.5150000000000001,0.5358865296409856,-0.4658551731442624,0.5771217896120502,-0.1817384248167952,-0.30564584668553096,-0.00838645637165003
1.52,0.533538690470107,-0.4732681366446338,0.5761676543118939,-0.19082706003126193,-0.3139739429806698,-0.00832809629513881
1.5250000000000001,0.5311539728327367,-0.4806063656199312,0.5751682264833832,-0.199885565702132,-0.3222423638809036,-0.00826842090023383
1.53,0.5287327533034344,-0.487868701278731,0.5741236639240171,-0.20891251187319385,-0.3304498034834805,-0.008207439602576916
1.5350000000000001,0.526275414220831,-0.49505399681404566,0.5730341315563643,-0.21790647353056025,-0.3385949655084701,-0.008145162024989605
1.54,0.5237823436272546,-0.5021611175844152,0.5718998014022167,-0.22686603082951778,-0.3466765635043519,-0.008081597995881762
1.545,0.5212539352074522,-0.5091889412930819,0.5707208525556141,-0.2357897693205186,-0.35469332105202867,-0.008016757547676778
1.55,0.5186905882264234,-0.5161363581652133,0.5694974711547427,-0.24467628017427803,-0.36264397196718906,-0.007950650915160395
1.555,0.5160927074663721,-0.5230022711231475,0.568229850352713,-0.2535241604059421,-0.3705272605010198,-0.007883288533830746
1.56,0.5134607031627857,-0.529785595959637,0.5669181902872216,-0.26233201309828824,-0.37834194153922895,-0.007814681038209148
1.565,0.5107949909396547,-0.5364852615090548,0.565562698049102,-0.2710984476239246,-0.3860867807993389,-0.007744839260109937
1.57,0.5080959917438415,-0.543100209816546,0.5641635876497697,-0.2798220798664513,-0.39376055502623497,-0.00767377422689608
1.575,0.5053641317786066,-0.5496293963050898,0.5627210799875669,-0.2885015324405499,-0.40136205218593346,-0.007601497159698489
1.58,0.5025998424363073,-0.5560717899404511,0.5612354028130121,-0.29713543491096484,-0.4088900716575401,-0.0075280194716066395
1.585,0.4998035602302755,-0.5624263733939917,0.5597067906929604,-0.3057224240103433,-0.4163434244233644,-0.007453352765824317
1.59,0.4969757267258869,-0.5686921432033204,0.5581354849736808,-0.31426114385589865,-0.4237209332571766,-0.007377508833812163
1.595,0.49411678847083323,-0.5748681099307487,0.5565217337428565,-0.32275024616486364,-0.4310214329105585,-0.00730049965338192
1.6,0.4912271969246068,-0.5809532983195365,0.554865791790513,-0.33118839046869936,-0.43824377029733935,-0.007222337386780853
1.605,0.48830740838721026,-0.5869467474478948,0.5531679205688829,-0.3395742443260265,-0.4453868046760715,-0.007143034378732149
1.61,0.48535788392710016,-0.5928475108807294,0.5514283881512116,-0.34790648353424614,-0.4524494078305427,-0.007062603154471214
1.615,0.4823790893083817,-0.5986546568190888,0.5496474691895126,-0.356183792339816,-0.4594304642482514,-0.0069810564177086865
1.62,0.4793714949172557,-0.6043672682473118,0.5478254448712768,-0.364404863647151,-0.4663288712968903,-0.0068984070486389215
1.625,0.476335575687742,-0.6099844430778311,0.5459626028751463,-0.372568399226114,-0.47314353939873144,-0.006814668101841115
1.6300000000000001,0.47327181102668026,-0.6155052942936243,0.5440592373255559,-0.3806731099180656,-0.47987339220294817,-0.006729852804216729
1.635,0.4701806847380269,-0.6209289500882847,0.5421156487463538,-0.38871771584044096,-0.48651736675581386,-0.006643974552865695
1.6400000000000001,0.4670626849464563,-0.6262545540036896,0.5401321440134047,-0.3967009465898223,-0.4930744136687695,-0.006557046912955611
1.645,0.46391830402028067,-0.6314812650652442,0.5381090363061873,-0.4046215414434741,-0.4995434972843201,-0.006469083615550653
1.6500000000000001,0.4607480384936989,-0.6366082579146819,0.5360466450583907,-0.4124782495593126,-0.5059235958397481,-0.006380098555427982
1.655,0.4575523889883888,-0.6416347229403975,0.5339452959075194,-0.42026983017427627,-0.5122137016286069,-0.006290105788858802
1.6600000000000001,0.45433186013445176,-0.6465598664052957,0.531805320643514,-0.42799505280106825,-0.5184128211599892,-0.006199119531382302
1.665,0.45108696049072833,-0.6513829105721283,0.5296270571563978,-0.43565269742323987,-0.5245199753155051,-0.0061071541555158815
1.67,0.4478182024644875,-0.6561030938263114,0.5274108493829549,-0.44324155468858545,-0.5305341995040146,-0.006014224188509498
1.675,0.44452610223051453,-0.6607196707961911,0.5251570472524508,-0.45076042610081885,-0.5364545438140113,-0.005920344309996661
1.68,0.4412111796495997,-0.6652319124707466,0.5228660066314034,-0.4582081242095019,-0.5422800731636936,-0.00582552934968239
1.685,0.43787395818644625,-0.6696391063147101,0.5205380892674124,-0.46558347279819595,-0.5480098674486802,-0.005729794284986545
1.69,0.4345149648270098,-0.6739405563810834,0.5181736627320583,-0.472885307070808,-0.5536430216873354,-0.00563315423865518
1.695,0.43113472999527996,-0.6781355834210376,0.5157731003628778,-0.48011247383610156,-0.5591786461637116,-0.005535624476376233
1.7,0.42773378746952184,-0.6822235249911726,0.513336781204426,-0.48726383169034615,-0.5646158665680486,-0.005437220404337029
1.705,0.4243126742979853,-0.6862037355581254,0.5108650899484357,-0.49433825119807523,-0.5699538241348447,-0.005337957566796114
1.71,0.4208719307140988,-0.6900755866005077,0.508358416873081,-0.5013346150709264,-0.5751916757784594,-0.005237851643614677
1.715,0.41741210005116075,-0.6938384667081556,0.5058171577813584,-0.5082518183445359,-0.580328594226223,-0.005136918447763539
1.72,0.41393372865654027,-0.6974917816786798,0.5032417139385911,-0.5150887685534609,-0.5853637681490546,-0.005035173922831593
1.725,0.41043736580540335,-0.7010349546112955,0.5006324920090706,-0.5218443859041015,-0.5902964022895365,-0.004932634140481951
1.73,0.40692356361397536,-0.7044674259979229,0.49798990399184256,-0.5285176034455983,-0.595125717587459,-0.004829315297922521
1.735,0.403392876952355,-0.7077886538115402,0.4953143671556492,-0.5351073672386761,-0.599850951302795,-0.0047252337153359525
1.74,0.39984586335689604,-0.7109981135917739,0.4926063039730371,-0.5416126365224125,-0.6044713571360766,-0.0046204058332816045
1.745,0.3962830829421629,-0.71409529852772,0.4898661420536426,-0.5480323838789007,-0.6089862053462006,-0.004514848210124045
1.75,0.39270509831248424,-0.7170797195379733,0.48709431407666365,-0.5543655953957853,-0.6133947828655832,-0.004408577519382617
1.7550000000000001,0.38911247447311054,-0.7199509053478598,0.4842912577225304,-0.5606112708266447,-0.6176963934126921,-0.0043016105471088695
1.76,0.38550577874099284,-0.722708402563856,0.4814574156037844,-0.5667684237491957,-0.6218903576019233,-0.004193964189231236
1.7650000000000001,0.3818855806551975,-0.725351775745186,0.47859323519517794,-0.5728360817212956,-0.6259760130507996,-0.004085655448876291
1.77,0.37825245188696904,-0.7278806074725812,0.47569916876300433,-0.5788132864347194,-0.6299527144844848,-0.003976701433685115
1.7750000000000001,0.3746069661494563,-0.7302944984141967,0.4727756732936709,-0.584699093866687,-0.633819833837594,-0.0038671193531092385
1.78,0.3709496991071175,-0.7325930673886702,0.4698232104215253,-0.590492574429118,-0.6375767603532773,-0.0037569265156832676
1.7850000000000001,0.3672812282848142,-0.7347759514253149,0.46684224635594734,-0.5961928131155914,-0.6412229006795822,-0.0036461403263049474
1.79,0.3636021329766164,-0.7368428058214364,0.4638332518077174,-0.6017989096459871,-0.6447576789630376,-0.0035347782834553865
1.795,0.35991299415432215,-0.738793304196766,0.4607967019146735,-0.6073099786087879,-0.6481805369395116,-0.003422857976474014
1.8,0.3562143943757174,-0.7406271385449992,0.45773307616666836,-0.612725149601019,-0.6514909340222546,-0.003310397082742944
1.805,0.35250691769258274,-0.742344019282434,0.45464285832983936,-0.6180435673658049,-0.6546883473871684,-0.003197413364913859
1.81,0.348791149558465,-0.7439436752936992,0.45152653637020174,-0.6232643919275219,-0.657772272055267,-0.003083924668098592
1.815,0.34506767673622724,-0.7454258539745668,0.4483846023765791,-0.6283867987245257,-0.660742220972315,-0.0029699489170480486
1.82,0.3413370872053915,-0.7467903212718413,0.445217552482882,-0.6334099787394327,-0.6635977250856424,-0.002855504113327356
1.825,0.3375999700692914,-0.7480368617203188,0.4420258867897473,-0.6383331386269376,-0.6663383334181031,-0.0027406083324607033
1.83,0.33385691546204455,-0.7491652784768124,0.4388101092855516,-0.643155500839145,-0.668963613139194,-0.002625279721090834
1.835,0.3301085144553645,-0.7501753933512351,0.4355707277668096,-0.6478763037483964,-0.6714731496332988,-0.0025095364941049025
1.84,0.32635535896522294,-0.7510670468347385,0.4323082537579717,-0.6524948017675759,-0.6738665465650615,-0.002393396931762659
1.845,0.32259804165837974,-0.7518400981249013,0.42902320243063236,-0.6570102654678721,-0.6761434259418704,-0.0022768793768088713
1.85,0.31883715585879396,-0.7524944251479632,0.4257160925221624,-0.6614219816939828,-0.6783034281734467,-0.002160002231576308
1.855,0.3150732954539311,-0.7530299245781021,0.4223874462537787,-0.6657292536767403,-0.6803462121285294,-0.0020427839550827276
1.86,0.3113070548009802,-0.7534465118537506,0.419037789248063,-0.6699314011431436,-0.682271455188653,-0.0019252430601235382
1.865,0.3075390286330013,-0.7537441211909479,0.4156676504459441,-0.6740277604237783,-0.684078853298975,-0.001807398110322045
1.87,0.30376981196500585,-0.7539227055937304,0.4122775620231561,-0.6780176845576085,-0.685768121016221,-0.0016892677172459791
1.875,0.30000000000000004,-0.7539822368615503,0.40886805930618547,-0.6819005433941249,-0.6873389915536458,-0.0015708705374247733
1.8800000000000001,0.29623018803499424,-0.7539227055937304,0.4054396806877213,-0.6856757236928325,-0.6887912168230764,-0.0014522252694306736
1.885,0.2924609713669987,-0.7537441211909479,0.40199296754162095,-0.6893426292200635,-0.6901245674739962,-0.0013333506509197735
1.8900000000000001,0.2886929451990196,-0.7534465118537504,0.39852846413740545,-0.6929006808431003,-0.6913388329296717,-0.0012142654556754895
1.895,0.28492670454606905,-0.7530299245781021,0.3950467175542975,-0.6963493166215925,-0.6924338214203187,-0.001094988490647042
1.9000000000000001,0.2811628441412059,-0.7524944251479632,0.3915482775948162,-0.6996879918962567,-0.6934093600132962,-0.0009755385929774985
1.905,0.2774019583416203,-0.7518400981249013,0.38803369669794197,-0.7029161793748435,-0.6942652946403315,-0.0008559346270352597
1.9100000000000001,0.27364464103477687,-0.7510670468347383,0.3845035298518652,-0.7060333692153581,-0.6950014901217716,-0.000736195481440105
1.915,0.2698914855446356,-0.7501753933512351,0.3809583345063326,-0.7090390691065229,-0.6956178301878354,-0.0006163400660638141
1.92,0.2661430845379555,-0.7491652784768124,0.37739867048460524,-0.7119328043454697,-0.6961142174969147,-0.0004963873090793047
1.925,0.2624000299307087,-0.7480368617203189,0.373825099895042,-0.7147141179126477,-0.696490573650852,-0.00037635615393727395
1.93,0.2586629127946085,-0.7467903212718413,0.3702381870423223,-0.7173825705439383,-0.6967468392072557,-0.00025626555640367865
1.935,0.2549323232637728,-0.7454258539745668,0.3666384983383225,-0.7199377407999629,-0.6968829736888102,-0.00013613448155458396
1.94,0.25120885044153507,-0.7439436752936992,0.36302660221265964,-0.7223792251325759,-0.6968989555895972,-1.5981900786998793e-05
1.945,0.24749308230741732,-0.742344019282434,0.359403069022917,-0.7247066379485296,-0.6967947823784285,0.00010417321116873435
1.95,0.2437856056242827,-0.7406271385449992,0.3557684709645655,-0.7269196116703037,-0.6965704704991704,0.00022431187925808782
1.955,0.240087005845678,-0.738793304196766,0.35212338198059506,-0.729017796794088,-0.6962260553680881,0.0003444151310822985
1.96,0.23639786702338364,-0.7368428058214365,0.3484683776708705,-0.731000861944911,-0.6957615913681914,0.000464463999896747
1.965,0.23271877171518565,-0.7347759514253149,0.344804035201226,-0.7328684939289047,-0.695177151840582,0.0005844395276093373
1.97,0.22905030089288256,-0.7325930673886702,0.3411309332123125,-0.734620397782698,-0.6944728290728184,0.0007043227677636654
1.975,0.2253930338505435,-0.7302944984141967,0.3374496517282129,-0.7362562968199312,-0.693648734284284,0.0008240947885344019
1.98,0.2217475481130311,-0.7278806074725812,0.33376077206483845,-0.7377759326748836,-0.6927049976085677,0.0009437366757162335
1.985,0.21811441934480233,-0.7253517757451858,0.3300648767381224,-0.7391790653432089,-0.6916417680728711,0.001063229535696597
1.99,0.2144942212590073,-0.7227084025638562,0.3263625493720235,-0.7404654732197703,-0.6904592135744071,0.0011825544984640501
1.995,0.2108875255268896,-0.7199509053478599,0.32265437460635565,-0.7416349531335711,-0.6891575208538596,0.001301692720547476
2.0,0.20729490168751583,-0.7170797195379734,0.3189409380044568,-0.742687320379774,-0.6877368954658314,0.0014206253880282294
2.005,0.20371691705783718,-0.7140952985277201,0.31522282596071277,-0.7436224087488059,-0.6861975617463479,0.0015393337194834489
2.0100000000000002,0.200154136643104,-0.7109981135917739,0.31150062560795005,-0.744440070552541,-0.6845397627773869,0.0016577989689610106
2.015,0.19660712304764486,-0.7077886538115401,0.30777492472471224,-0.7451401766475616,-0.6827637603484511,0.00177600242893583
2.02,0.19307643638602473,-0.704467425997923,0.3040463116424348,-0.7457226164554894,-0.6808698349151902,0.0018939254332609456
2.025,0.18956263419459676,-0.7010349546112956,0.30031537515253287,-0.7461872979803875,-0.6788582855550732,0.0020115493601169376
2.0300000000000002,0.18606627134345957,-0.6974917816786795,0.2965827044134167,-0.7465341478232278,-0.6767294299201324,0.002128855634940807
2.035,0.1825878999488391,-0.6938384667081555,0.2928488888574496,-0.7467631111934228,-0.6744836041867527,0.002245825733379725
2.04,0.17912806928590125,-0.6900755866005078,0.2891145180978625,-0.7468741519174206,-0.6721211630025653,0.0023624411841873805
2.045,0.17568732570201476,-0.6862037355581256,0.2853801818356407,-0.74686725244436,-0.6696424794304132,0.002478683572152085
2.05,0.17226621253047847,-0.682223524991173,0.28164646976639673,-0.7467424138487869,-0.6670479448893996,0.00259453454101366
2.055,0.1688652700047201,-0.6781355834210377,0.27791397148724456,-0.7464996558304298,-0.6643379690930649,0.002709975796334696
2.06,0.16548503517299026,-0.6739405563810835,0.2741832764036894,-0.7461390167110362,-0.6615129799846434,0.0028249891084214385
2.065,0.16212604181355378,-0.6696391063147102,0.270454973636548,-0.7456605534282685,-0.658573423669475,0.002939556315168401
2.07,0.15878882035040034,-0.6652319124707469,0.26672965192891473,-0.7450643415266621,-0.6555197643445321,0.003053659324942948
2.075,0.1554738977694853,-0.660719670796191,0.2630078995531865,-0.7443504751456466,-0.6523524842250917,0.003167280119440341
2.08,0.1521817975355126,-0.6561030938263116,0.25929030421816335,-0.7435190670046311,-0.6490720834685632,0.0032804007565285787
2.085,0.1489130395092718,-0.6513829105721284,0.2555774529762376,-0.7425702483851582,-0.6456790800954989,0.0033930033730642517
2.09,0.1456681398655483,-0.646559866405296,0.2518699321306869,-0.741504169110126,-0.6421740099077604,0.0035050701877384904
2.095,0.14244761101161127,-0.6416347229403976,0.2481683271430865,-0.7403209975200853,-0.6385574264039028,0.003616583503857629
2.1,0.13925196150630095,-0.6366082579146817,0.24447322254085344,-0.7390209204466132,-0.6348299006917407,0.003727525712162061
2.105,0.13608169597971942,-0.6314812650652444,0.2407852018249396,-0.7376041431827681,-0.6309920213981577,0.0038378792935830353
2.11,0.1329373150535437,-0.6262545540036898,0.23710484737768645,-0.7360708894506303,-0.6270443945761413,0.003947626822016437
2.115,0.12981931526197293,-0.6209289500882845,0.23343274037085676,-0.7344214013659346,-0.6229876436090588,0.0040567509670824675
2.12,0.1267281889733198,-0.6155052942936244,0.22976946067385776,-0.7326559393997987,-0.6188224091122059,0.00416523449685291
2.125,0.12366442431225812,-0.6099844430778312,0.22611558676216997,-0.7307747823375552,-0.6145493488316437,0.00427306028056218
2.13,0.12062850508274435,-0.604367268247312,0.2224716956259965,-0.7287782272346918,-0.61016913754031,0.004380211291333702
2.1350000000000002,0.11762091069161838,-0.5986546568190889,0.21883836267914697,-0.7266665893699084,-0.6056824669314602,0.004486670608849774
2.14,0.11464211607289966,-0.5928475108807292,0.21521616166817048,-0.7244402021952979,-0.6010900455094316,0.0045924214220286474
2.145,0.11169259161278978,-0.5869467474478949,0.2116056645817522,-0.722099417283658,-0.5963925984777516,0.004697447031679958
2.15,0.1087728030753932,-0.5809532983195366,0.2080074415603875,-0.7196446042729423,-0.5915908676246121,0.0048017308531395075
2.1550000000000002,0.10588321152916659,-0.5748681099307484,0.2044220608063482,-0.7170761508078611,-0.5866856112057306,0.0049052564188815095
2.16,0.10302427327411294,-0.5686921432033201,0.200850088493955,-0.7143944624786391,-0.5816776038245941,0.005008007381136492
2.165,0.10019643976972456,-0.5624263733939919,0.19729208868017029,-0.7115999627569405,-0.5765676363101462,0.005109967514447922
2.17,0.09740015756369269,-0.5560717899404511,0.19374862321552544,-0.7086930929289712,-0.5713565155918975,0.005211120718248696
2.1750000000000003,0.09463586822139321,-0.5496293963050894,0.19022025165539658,-0.70567431202577,-0.5660450645724946,0.005311451019402891
2.18,0.09190400825615848,-0.543100209816546,0.1867075311716431,-0.7025440967506976,-0.5606341219977683,0.005410942574726296
2.185,0.0892050090603452,-0.5364852615090548,0.1832110164646224,-0.6993029414041372,-0.5551245423242916,0.00550957967347665
2.19,0.08653929683721452,-0.5297855959596374,0.17973125967559533,-0.6959513578054157,-0.5495171955844372,0.005607346739854413
2.195,0.08390729253362805,-0.523002271123148,0.17626881029953553,-0.6924898752119614,-0.5438129672489955,0.005704228335441708
2.2,0.08130941177357644,-0.516136358165213,0.172824215098357,-0.6889190402357074,-0.53801275808734,0.005800209161655578
2.205,0.07874606479254788,-0.5091889412930823,0.16939801801457322,-0.6852394167567566,-0.5321174840251821,0.00589527406215784
2.21,0.0762176563727454,-0.5021611175844155,0.16599076008540162,-0.6814515858343199,-0.5261280759999455,0.00598940802523662
2.215,0.07372458577916903,-0.49505399681404616,0.1626029793573269,-0.6775561456149432,-0.5200454798137463,0.006082596186199218
2.22,0.07126724669656563,-0.487868701278731,0.15923521080113673,-0.6735537112380365,-0.5138706559840494,0.006174823829696918
2.225,0.06884602716726322,-0.4806063656199309,0.15588798622744313,-0.6694449147387215,-0.507604579591982,0.006266076392067332
2.23,0.0664613095298931,-0.4732681366446343,0.15256183420270308,-0.6652304049480101,-0.5012482401283646,0.006356339463617466
2.235,0.06411347035901442,-0.4658551731442626,0.14925727996575142,-0.6609108473903333,-0.49480264133745744,0.006445598790907114
2.24,0.06180288040564932,-0.4583686457116865,0.14597484534485924,-0.6564869241784341,-0.4882688010584561,0.006533840279001335
2.245,0.05952990453873708,-0.45080973655637563,0.14271504867533105,-0.6519593339056411,-0.48164775106476243,0.006621049993693673
2.25,0.0572949016875158,-0.44317963931770976,0.13947840471765335,-0.6473287915355416,-0.47494053690106386,0.006707214163698572
2.255,0.055098224784844815,-0.4354795588764942,0.136265424576208,-0.6425960282890691,-0.4681482177182227,0.006792319182841178
2.2600000000000002,0.05294022071147176,-0.42771071116469284,0.13307661561856288,-0.6377617915290251,-0.4612718661060297,0.006876351612192966
2.265,0.0508212302412562,-0.41987432297341876,0.1299124813953526,-0.6328268446420522,-0.4543125679238309,0.006959298182198814
2.27,0.048741587987357435,-0.4119716317592096,0.12677352156076221,-0.6277919669180775,-0.4472714221290594,0.007041145794771497
2.275,0.04670162234939557,-0.40400388544861954,0.123660231793626,-0.6226579534272453,-0.4401495406036975,0.007121881525361917
2.2800000000000002,0.04470165546159238,-0.39597234224115446,0.1205731037191542,-0.617425614894359,-0.4329480479787053,0.007201492624992201
2.285,0.04274200314190424,-0.387878270410593,0.11751262483129994,-0.6120957775708504,-0.4256680814564219,0.00727996652228341
2.29,0.04082297484214945,-0.3797229481047067,0.11447927841577844,-0.6066692831042991,-0.418310790630997,0.007357290825424856
2.295,0.038944873599142324,-0.3715076631434261,0.11147354347375084,-0.6011469884055198,-0.41087733730685955,0.007433453324137473
2.3000000000000003,0.03710799598684079,-0.36323371281548106,0.10849589464618463,-0.5955297655132411,-0.4033688953152533,0.007508441991606274
2.305,0.035312632069514016,-0.35490240367354486,0.10554680213890266,-0.5898185014563946,-0.39578665032887833,0.007582244986374942
2.31,0.03355906535593662,-0.34651505132790883,0.10262673164833247,-0.584014098114039,-0.3881317996746689,0.007654850654209455
2.315,0.03184757275462093,-0.33807298023873883,0.09973614428796777,-0.578117472072938,-0.38040555214471516,0.0077262475299537114
2.32,0.030178424530088743,-0.3295775235069222,0.09687549651555369,-0.5721295544828167,-0.37260912780539135,0.007796424339323815
2.325,0.02855188426019409,-0.32103002266355934,0.09404524006100709,-0.5660512909093194,-0.36474375780469126,0.00786537000070009
2.33,0.026968208794501337,-0.3124318274581211,0.09124582185508363,-0.5598836411846903,-0.3568106841778188,0.007933073626872456
2.335,0.02542764821372474,-0.30378429564530196,0.08847768395880262,-0.553627579256202,-0.34881115965106346,0.007999524526755342
2.34,0.023930445790239018,-0.2950887927706217,0.08574126349364083,-0.5472840930323561,-0.34074644744397714,0.008064712207086322
2.345,0.022476837949662588,-0.28634669195478396,0.08303699257250644,-0.5408541842268786,-0.3326178210699065,0.008128626374070635
2.35,0.021067054233524563,-0.277559373676851,0.08036529823150376,-0.5343388682005357,-0.3244265641348863,0.008191256935020208
2.355,0.01970131726301646,-0.26872822555624476,0.07772660236249979,-0.5277391738007954,-0.31617397013495147,0.008252593999934832
2.36,0.018379842703837846,-0.2598546421336262,0.075121321646503,-0.5210561431993593,-0.3078613422518812,0.008312627883070245
2.365,0.01710283923214061,-0.2509400246506835,0.07254986748786504,-0.5142908317275908,-0.29948999314741265,0.008371349104468573
2.37,0.01587050850157673,-0.24198578082886066,0.07001264594931572,-0.5074443077098649,-0.29106124475595846,0.008428748391454188
2.375,0.01468304511145394,-0.23299332464705616,0.06751005768784138,-0.5005176522948676,-0.2825764280758651,0.008484816680093377
2.38,0.013540636576007114,-0.22396407611834554,0.06504249789141704,-0.49351195928486874,-0.2740368829592316,0.008539545116633462
2.3850000000000002,0.012443463294787249,-0.21489946106574195,0.06261035621660205,-0.4864283349629989,-0.2654439579003359,0.008592925058895695
2.39,0.01139169852417422,-0.20580091089704247,0.060214016727009274,-0.47926789791855406,-0.25679900982269477,0.008644948077641157
2.395,0.010385508350017836,-0.19666986237879253,0.057853857832657486,-0.47203177887035774,-0.24810340386479157,0.008695605957903196
2.4,0.00942505166141071,-0.18750775740940417,0.055530252230216445,-0.4647211204882078,-0.239358513164509,0.00874489070028256
2.4050000000000002,0.008510480125597774,-0.17831604279146077,0.053243566844154266,-0.4573370772124364,-0.23056571864229755,0.008792794522211461
2.41,0.007641938164026829,-0.16909617000325608,0.05099416276879621,-0.4498808150716111,-0.2217264087831122,0.008839309859185351
2.415,0.006819562929541989,-0.15984959496958354,0.048782395211304175,-0.4423535114984064,-0.21284197941716038,0.008884429365951824
2.42,0.006043484284725942,-0.15057777783182935,0.046608613435585804,-0.43475635514367444,-0.20391383349948558,0.008928145917674796
2.4250000000000003,0.00531382478139335,-0.1412821827174019,0.04447316070714208,-0.42709054568874427,-0.1949433808884257,0.008970452611059887
2.43,0.004630699641238367,-0.13196427750852965,0.04237637423886218,-0.41935729365597957,-0.18593203812298364,0.009011342765442049
2.435,0.003994216737639555,-0.12262553361045969,0.04031858513777406,-0.41155782021762444,-0.1768812281991422,0.00905080992384144
2.44,0.0034044765786258144,-0.11326742571911305,0.038300118352759226,-0.40369335700296743,-0.16779238034515742,0.009088847853984783
2.445,0.0028615722910046437,-0.10389143158820703,0.03632129262323995,-0.3957651459038545,-0.1586669297958706,0.009125450549286818
2.45,0.0023655896056566372,-0.09449903179590491,0.034382420428847045,-0.38777443887858143,-0.14950631756606897,0.009160612229801635
2.455,0.0019166068439974814,-0.08509170951101598,0.03248380794007606,-0.3797224977541967,-0.14031199022293556,0.009194327343133413
2.46,0.001514694905609948,-0.07567095025878022,0.03062575496993983,-0.3716105940272459,-0.13108539965762173,0.00922659056531383
2.465,0.0011599172570482819,-0.0662382416862938,0.028808554926624885,-0.3634400086629894,-0.12182800285597795,0.00925739680164378
2.47,0.0008523299218158197,-0.0567950733275857,0.02703249476715926,-0.35521203189312495,-0.1125412616684817,0.009286741187496242
2.475,0.0005919814715185323,-0.04734293636841047,0.025297854952099026,-0.34692796301204654,-0.10322664257939576,0.009314619089085943
2.48,0.00037891301819475975,-0.03788332341076661,0.023604909401240663,-0.3385891101716729,-0.09388561647519522,0.00934102610420054
2.485,0.00021315820782323857,-0.028417728237198108,0.021953925450366278,-0.33019679017487685,-0.08451965841229908,0.00936595806289614
2.49,9.474321501001803e-05,-0.01894764557491152,0.020345163809028535,-0.3217523282675484,-0.07513024738414378,0.009389411028155298
2.495,2.3686738855166478e-05,-0.00947457085974192,0.018778878519381908,-0.31325705792932523,-0.06571886608763503,0.009411381296508758
2.5,0.0,-1.8467238659729181e-16,0.017255316916066795,-0.3047123206630225,-0.056287000689012934,0.009431865398622091
2.505,2.3686738855166478e-05,0.009474570859741549,0.015774719587152815,-0.29611946578279585,-0.04683614058917223,0.009450860099840704
2.5100000000000002,9.474321501001803e-05,0.01894764557491182,0.014337320336147461,-0.2874798502010708,-0.037367778188469404,0.009468362400702826
2.515,0.00021315820782323857,0.028417728237197737,0.012943346145076098,-0.2787948382142726,-0.027883408651057,0.009484369537412406
2.52,0.00037891301819475975,0.037883323410766244,0.011593017138639151,-0.27006580128738955,-0.018384529668781048,0.00949887898227595
2.525,0.0005919814715185323,0.0473429363684101,0.010286546549452127,-0.2612941178374049,-0.00887264122467979,0.009511888444101259
2.5300000000000002,0.0008523299218158197,0.056795073327586,0.009024140684373974,-0.25248117301563044,0.0006507546438805217,0.009523395868560311
2.535,0.0011599172570482819,0.06623824168629343,0.00780599889192909,-0.2436283584889768,0.010184154082392143,0.00953339943851162
2.54,0.001514694905609948,0.07567095025877986,0.006632313530828115,-0.23473707222019508,0.019726051656681336,0.009541897574289193
2.545,0.0019166068439974814,0.08509170951101562,0.005503269939592495,-0.22580871824712395,0.02927494059063413,0.009548888933952795
2.5500000000000003,0.0023655896056566706,0.09449903179590587,0.0044190464072876075,-0.21684470646097753,0.03882931300413042,0.009554372413496291
2.555,0.0028615722910046437,0.10389143158820667,0.0033798141453690632,-0.2078464523837089,0.04838766015115538,0.009558347147024956
2.56,0.0034044765786258144,0.11326742571911269,0.0023857372606466403,-0.19881537694448456,0.057948472658048394,0.009560812506893016
2.565,0.003994216737639555,0.12262553361045933,0.0014369727293701163,-0.18975290625530478,0.06751024076184739,0.009561768103798995
2.57,0.004630699641238367,0.13196427750852927,0.000533670372441088,-0.18066047138580565,0.07707145454869962,0.009561213786852235
2.575,0.005313824781393417,0.14128218271740284,-0.00032402716824530284,-0.17153950813727817,0.08663060419229149,0.009559149643591863
2.58,0.006043484284725909,0.150577777831829,-0.0011359844523250034,-0.16239145681594014,0.09618618019226656,0.009555575999975072
2.585,0.006819562929541956,0.15984959496958318,-0.0019020732623524867,-0.15321776200549667,0.10573667361259595,0.00955049342032939
2.59,0.007641938164026796,0.16909617000325572,-0.002622172624047612,-0.1440198723390251,0.11528057631985111,0.009543902707255164
2.595,0.008510480125597807,0.17831604279146107,-0.003296168825398715,-0.13479924027022058,0.12481638122136002,0.009535804901508904
2.6,0.009425051661410676,0.18750775740940384,-0.003923955434618905,-0.12555732184403806,0.13434258250318876,0.009526201281828739
2.605,0.010385508350017768,0.19666986237879214,-0.004505433316952742,-0.11629557646676747,0.14385767586792947,0.009515093364740712
2.61,0.011391698524174187,0.20580091089704208,-0.005040510650330631,-0.10701546667557785,0.15336015877224732,0.00950248290431785
2.615,0.012443463294787281,0.21489946106574223,-0.005529102939868466,-0.09771845790756699,0.1628485306641451,0.009488371891897773
2.62,0.01354063657600708,0.2239640761183452,-0.005971133031210233,-0.08840601826835336,0.17232129321991746,0.009472762555772368
2.625,0.014683045111453907,0.23299332464705577,-0.006366531122711464,-0.07907961830024628,0.1817769505807585,0.00945565736084103
2.63,0.015870508501576695,0.24198578082886027,-0.006715234776461622,-0.0697407307500316,0.19121400958896811,0.009437059008209625
2.6350000000000002,0.01710283923214064,0.25094002465068377,-0.0070171889281436675,-0.060390830336409025,0.20063098002374233,0.009416970434774213
2.64,0.018379842703837777,0.25985464213362586,-0.007272345895729258,-0.051031393517118,0.21002637483649494,0.009395394812752617
2.645,0.019701317263016393,0.2687282255562444,-0.007480665387008203,-0.04166389825578906,0.21939871038567915,0.009372335549184208
2.65,0.021067054233524497,0.2775593736768507,-0.0076421145059509905,-0.0322898237885574,0.22874650667107135,0.009347796285392201
2.6550000000000002,0.02247683794966262,0.28634669195478424,-0.007756667757903366,-0.02291065039047516,0.23806828756748316,0.009321780896411808
2.66,0.023930445790238952,0.2950887927706214,-0.007824307053612166,-0.013527859141759956,0.24736258105785128,0.009294293490368116
2.665,0.025427648213724705,0.30378429564530157,-0.007845021712081747,-0.0041429316939160625,0.2566279194656923,0.009265338407841023
2.67,0.026968208794501267,0.31243182745812076,-0.007818808462260574,0.005242649964234625,0.2658628396868647,0.009234920221172394
2.6750000000000003,0.028551884260194258,0.32103002266356023,-0.007745671443557699,0.014627403740574908,0.27506588342060756,0.009203043733742866
2.68,0.030178424530088677,0.3295775235069219,-0.007625622205189045,0.024009847673730933,0.28423559739982074,0.009169713979213179
2.685,0.03184757275462086,0.33807298023873844,-0.007458679704353593,0.03338850016709045,0.29337053362056076,0.00913493622074002
2.69,0.03355906535593656,0.3465150513279085,-0.007244870303239778,0.042761880222763,0.3024692495706881,0.009098715950127345
2.695,0.03531263206951395,0.35490240367354453,-0.006984227764862548,0.05212850767544608,0.311530308457663,0.009061058886974893
2.7,0.03710799598684099,0.3632337128154819,-0.0066767932477317495,0.06148690342615974,0.3205522794354277,0.009021970977764693
2.705,0.03894487359914226,0.37150766314342576,-0.006322615299352686,0.07083558967581273,0.32953373783035195,0.008981458394924258
2.71,0.04082297484214938,0.3797229481047064,-0.0059217498485598695,0.08017309015856323,0.33847326536621325,0.008939527535861302
2.715,0.04274200314190417,0.3878782704105926,-0.005474260196685179,0.08949793037493808,0.34736945038814954,0.008896185021936287
2.72,0.044701655461592445,0.3959723422411547,-0.004980217007561817,0.09880863782467246,0.3562208880855847,0.008851437697435183
2.725,0.046701622349395476,0.4040038854486192,-0.004439698296365645,0.10810374223923437,0.3650261807140541,0.008805292628469408
2.73,0.04874158798735737,0.41197163175920926,-0.003852789417295663,0.11738177581399645,0.3737839378159336,0.008757757101879482
2.735,0.0508212302412561,0.4198743229734184,-0.00321958305009557,0.12664127344001866,0.38249277644000657,0.008708838624072957
2.74,0.05294022071147183,0.4277107111646931,-0.002540179185418541,0.13588077293540582,0.3911513213598458,0.00865854491983925
2.745,0.05509822478484475,0.43547955887649387,-0.0018146851090375293,0.1450988152762023,0.3997582052909756,0.008606883931129794
2.75,0.05729490168751573,0.44317963931770943,-0.0010432153849035857,0.1542939448267887,0.40831206910679085,0.008553863815815244
2.755,0.05952990453873701,0.4508097365563753,-0.0002258918370548717,0.1634647095697428,0.41681156205316916,0.008499492946378306
2.7600000000000002,0.06180288040564938,0.45836864571168673,0.000637156469620777,0.17260966133512973,0.4252553419617754,0.00844377990860623
2.765,0.06411347035901435,0.4658551731442624,0.0015457932497666997,0.18172735602918452,0.4336420754620054,0.008386733500230004
2.77,0.066461309529893,0.47326813664463396,0.002499875019078454,0.19081635386235085,0.4419704381915387,0.0083283627295333
2.775,0.06884602716726308,0.4806063656199306,0.0034992511169616536,0.1998752195766399,0.4502391150054721,0.008268676813933395
2.7800000000000002,0.0712672466965657,0.48786870127873116,0.004543763730323025,0.20890252267227433,0.45844680018400064,0.008207685178528545
2.785,0.07372458577916893,0.4950539968140458,0.005633247918490927,0.21789683763358025,0.4665921976385943,0.00814539745459364
2.79,0.0762176563727453,0.5021611175844152,0.006767531639261389,0.22685674415409246,0.4746740211166765,0.008081823478082228
2.795,0.07874606479254778,0.509188941293082,0.007946435776065575,0.23578082736083703,0.4826909944047365,0.008016973288060003
2.8000000000000003,0.0813094117735767,0.5161363581652137,0.009169774166254354,0.24466767803775588,0.49064185152985457,0.00795085712511806
2.805,0.08390729253362796,0.5230022711231477,0.010437353630495545,0.25351589284823817,0.49852533695961215,0.007883485429757586
2.81,0.08653929683721442,0.5297855959596371,0.01174897400327916,0.2623240745567233,0.5063402058003651,0.007814868840752942
2.815,0.0892050090603451,0.5364852615090545,0.013104428164525861,0.2710908322493402,0.5140852239938153,0.007745018193450193
2.82,0.09190400825615838,0.5431002098165458,0.014503502072293605,0.2798147815535487,0.5217591685118921,0.007673944518076792
2.825,0.09463586822139348,0.5496293963050902,0.015945974796577344,0.28849454485674797,0.5293608275498768,0.007601659037984709
2.83,0.0974001575636926,0.5560717899404509,0.017431618554196428,0.2971287515238171,0.536889000717758,0.007528173167881236
2.835,0.10019643976972446,0.5624263733939917,0.0189601987447642,0.3057160381135543,0.5443424992297996,0.007453498512041579
2.84,0.10302427327411284,0.5686921432033198,0.020531473987734097,0.31425504859397996,0.5517201460922496,0.007377646862450016
2.845,0.1058832115291667,0.5748681099307487,0.022145196160516446,0.3227444345564697,0.559020776289214,0.007300630196964364
2.85,0.10877280307539311,0.5809532983195363,0.023801110437659864,0.3311828554286836,0.5662432369666119,0.007222460677397957
2.855,0.11169259161278969,0.5869467474478948,0.025498955331091155,0.3395689786862582,0.573386387614237,0.007143150647625052
2.86,0.11464211607289956,0.5928475108807288,0.02723846273140729,0.3479014800632269,0.5804491002458552,0.007062712631618173
2.865,0.11762091069161848,0.5986546568190891,0.02901935795021298,0.3561790437611377,0.5874302595773223,0.006981159331467146
2.87,0.12062850508274425,0.6043672682473118,0.030841359763497143,0.3644003626568322,0.5943287632026989,0.006898503625376584
2.875,0.12366442431225799,0.609984443077831,0.032704180456041426,0.37256413850885606,0.6011435217683448,0.006814758565645951
2.88,0.12672818897331967,0.6155052942936242,0.034607525866853756,0.3806690821624658,0.6078734591449277,0.006729937376582895
2.8850000000000002,0.12981931526197305,0.6209289500882847,0.03655109543561976,0.3887139137532015,0.6145175125973631,0.00664405345243535
2.89,0.13293731505354361,0.6262545540036896,0.03853458225016472,0.3966973629089924,0.621074632952631,0.006557120355267898
2.895,0.13608169597971928,0.6314812650652442,0.040557673094918534,0.404618168950763,0.6275437847654527,0.006469151812821705
2.9,0.13925196150630084,0.6366082579146815,0.04262004850037608,0.412475081091509,0.6339239464817992,0.0063801617163464774
2.9050000000000002,0.14244761101161138,0.6416347229403978,0.044721382793545136,0.42026685863381125,0.6402141106002117,0.0062901641184125445
2.91,0.14566813986554816,0.6465598664052957,0.046861344149373915,0.427992271165756,0.6464132838308854,0.006199173230673649
2.915,0.14891303950927165,0.6513829105721282,0.049039594643150074,0.4356500987552314,0.6525204872525334,0.006107203421648055
2.92,0.15218179753551245,0.6561030938263114,0.051255790303862916,0.4432391321425689,0.6585347564669686,0.006014269214435153
2.9250000000000003,0.15547389776948564,0.6607196707961914,0.05350958116852041,0.4507581729314991,0.6644551417513884,0.005920385284419849
2.93,0.15878882035040023,0.6652319124707466,0.055800611337412376,0.45820603377839286,0.6702807082083434,0.005825566456954978
2.935,0.16212604181355364,0.6696391063147101,0.05812851903031116,0.46558153857975654,0.6760105359133847,0.005729827705041268
2.94,0.16548503517299015,0.6739405563810834,0.06049293664360092,0.4728835226579521,0.6816437200603128,0.00563318414692815
2.945,0.16886527000471996,0.6781355834210376,0.06289349080832649,0.4801108329451134,0.6871793711040696,0.005535651043756751
2.95,0.17226621253047833,0.6822235249911729,0.06532980244915264,0.48726232816522935,0.6926166149012017,0.005437243797132174
2.955,0.17568732570201465,0.6862037355581254,0.06780148684422446,0.4943368790143643,0.6979545928478933,0.005337977946691552
2.96,0.1791280692859011,0.6900755866005076,0.0703081536859194,0.501333368338988,0.7031924620155656,0.005237869167672327
2.965,0.18258789994883898,0.6938384667081553,0.07284940714248134,0.5082506913123878,0.7083293952839675,0.005136933268401922
2.97,0.18606627134345963,0.6974917816786798,0.075424845920527,0.5150877556091331,0.7133645814718023,0.005035186187834717
2.975,0.18956263419459662,0.7010349546112955,0.07803406332841484,0.5218434815775667,0.7182972254648069,0.004932643993004637
2.98,0.1930764363860246,0.7044674259979229,0.08067664734046631,0.5285168024102939,0.7231265483413226,0.004829322876515718
2.985,0.19660712304764472,0.70778865381154,0.08335218066202953,0.5351066643126439,0.7278517874952948,0.0047252391539721605
2.99,0.20015413664310414,0.7109981135917741,0.08606024079537491,0.5416120266690765,0.7324721967566911,0.0046204092613962855
2.995,0.20371691705783704,0.71409529852772,0.08880040010641245,0.5480318622075072,0.7369870465093286,0.004514849752637495
3.0,0.2072949016875157,0.7170797195379733,0.09157222589222008,0.5543651571615257,0.7413956238061032,0.004408577296774685
3.005,0.21088752552688947,0.7199509053478598,0.09437528044937249,0.5606109114304808,0.7456972324815565,0.004301608675453261
3.0100000000000002,0.21449422125900713,0.722708402563856,0.09720912114305953,0.5667681387374084,0.7498911932618154,0.00419396078025891
3.015,0.21811441934480244,0.725351775745186,0.10007330047698342,0.5728358667847763,0.7539768438718575,0.004085650610042069
3.02,0.22174754811303096,0.7278806074725811,0.10296736616402352,0.578813137408021,0.7579535391400901,0.003976695268232633
3.025,0.22539303385054338,0.7302944984141966,0.10589086119765778,0.5846990067268527,0.7618206511002308,0.003867111960140668
3.0300000000000002,0.2290503008928827,0.7325930673886702,0.1088433239241293,0.5904925452943058,0.7655775690904767,0.0037569179902459116
3.035,0.23271877171518573,0.7347759514253149,0.11182428811534685,0.596192838243509,0.7692236998499202,0.0036461307594435333
3.04,0.2363978670233835,0.7368428058214364,0.11483328304250762,0.6017989854321532,0.7727584676122468,0.0035347677623265294
3.045,0.24008700584567783,0.738793304196766,0.11786983355043079,0.6073101015846347,0.7761813141966516,0.0034228465844048372
3.0500000000000003,0.2437856056242828,0.7406271385449993,0.12093346013259004,0.6127253164318507,0.7794916990959777,0.003310384899326113
3.055,0.24749308230741718,0.742344019282434,0.12402367900683317,0.6180437748486245,0.7826890995620678,0.0031974004660900723
3.06,0.25120885044153496,0.7439436752936992,0.12714000219177687,0.6232646369887402,0.7857730106883243,0.0030839111262565
3.065,0.25493232326377263,0.7454258539745668,0.1302819375838647,0.628387078417564,0.7887429454894233,0.0029699348010989723
3.0700000000000003,0.2586629127946087,0.7467903212718413,0.13344898903507585,0.6334102902422317,0.7915984349782338,0.0028554894888105364
3.075,0.2624000299307088,0.7480368617203189,0.13664065643127277,0.638333479239383,0.7943390282398536,0.0027405932616197948
3.08,0.2661430845379554,0.7491652784768124,0.13985643577117488,0.6431558679804201,0.796964292502833,0.0026252642629793765
3.085,0.26989148554463543,0.7501753933512351,0.14309581924594625,0.6478766949542731,0.79947381320751,0.0025095207046770263
3.09,0.2736446410347767,0.7510670468347383,0.14635829531938452,0.6524952146876514,0.8018671940714666,0.0023933808639565735
3.095,0.2774019583416201,0.7518400981249013,0.14964334880869834,0.6570106978627621,0.8041440571521187,0.002276863080652114
3.1,0.28116284414120596,0.7524944251479632,0.15295046096586074,0.6614224314324791,0.8063040429063819,0.0021599857542632384
3.105,0.2849267045460689,0.7530299245781021,0.15627910955952543,0.6657297187329401,0.808346810247461,0.0020427673410791103
3.11,0.28869294519901945,0.7534465118537504,0.15962876895749323,0.6699318795935584,0.8102720365987099,0.001925226351248921
3.115,0.29246097136699883,0.7537441211909479,0.16299891020971538,0.6740282504444304,0.8120794179445637,0.0018073813458537868
3.12,0.29623018803499407,0.7539227055937304,0.16638900113182098,0.6780181844211202,0.8137686688785462,0.0016892509339824224
3.125,0.2999999999999999,0.7539822368615503,0.16979850638915503,0.6819010514668076,0.8153395226483509,0.0015708537698047031
3.13,0.30376981196500574,0.7539227055937304,0.17322688758131394,0.6856762384317809,0.8167917311979505,0.0014522085495995984
3.1350000000000002,0.3075390286330012,0.7537441211909479,0.17667360332716525,0.689343149170261,0.8181250652067736,0.0013333340088231838
3.14,0.31130705480098037,0.7534465118537504,0.18013810935033794,0.692901204634539,0.8193393141259188,0.0012142489191451222
3.145,0.31507329545393087,0.7530299245781021,0.18361985856517002,0.6963498429664156,0.820434286211399,0.0010949720854802614
3.15,0.31883715585879385,0.7524944251479632,0.18711830116309963,0.6996885195859237,0.8214098085544215,0.0009755223430224502
3.1550000000000002,0.3225980416583799,0.7518400981249013,0.19063288469948625,0.7029167072773254,0.8222657271086976,0.0008559185542761361
3.16,0.32635535896522305,0.7510670468347383,0.19416305418084806,0.7060338962723645,0.8230019067147551,0.000736179606057541
3.165,0.3301085144553644,0.7501753933512351,0.19770825215250187,0.709039594330765,0.8236182311212946,0.0006163244065394702
3.17,0.3338569154620444,0.7491652784768124,0.20126791878659167,0.7119333268179622,0.8241146030035436,0.000496371882248936
3.1750000000000003,0.3375999700692915,0.7480368617203188,0.20484149197049192,0.714714636780052,0.8244909439786231,0.00037634097507954767
3.18,0.3413370872053914,0.7467903212718413,0.20842840739557167,0.71738308501595,0.8247471946179189,0.0002562506392957964
3.185,0.34506767673622685,0.745425853974567,0.2120280986463054,0.7199382501467467,0.8248833144564821,0.00013611983856320897
3.19,0.3487911495584651,0.7439436752936992,0.21563999728971664,0.7223797286822472,0.8248992819994095,1.5967542927430856e-05
3.1950000000000003,0.3525069176925832,0.7423440192824339,0.2192635329651401,0.7247071350846876,0.8247950947252329,-0.00010418727417660367
3.2,0.3562143943757175,0.7406271385449992,0.22289813347428816,0.7269201018296162,0.8245707690863205,-0.00022432563891239266
3.205,0.359912994154322,0.738793304196766,0.2265432248716078,0.7290182794639292,0.82422634050629,-0.00034442858003058685
3.21,0.36360213297661603,0.7368428058214367,0.23019823155491306,0.7310013366610535,0.8237618633744008,-0.0004644771318891294
3.215,0.3672812282848143,0.7347759514253149,0.2338625763562794,0.7328689602732678,0.8231774110369745,-0.0005844523374263222
3.22,0.3709496991071176,0.7325930673886701,0.23753568063318517,0.7346208553811516,0.8224730757858016,-0.0007043352511728607
3.225,0.37460696614945643,0.7302944984141967,0.24121696435988596,0.7362567453401567,0.8216489688435757,-0.0008241069422258995
3.23,0.3782524518869689,0.7278806074725813,0.24490584621900743,0.737776371824292,0.8207052203463339,-0.0009437484972418808
3.235,0.3818855806551977,0.7253517757451858,0.248601743693342,0.7391794948669169,0.8196419793229023,-0.0010632410234315826
3.24,0.3855057787409927,0.7227084025638562,0.2523040731578352,0.7404658928986346,0.818459413671353,-0.0011825656515492833
3.245,0.3891124744731106,0.7199509053478597,0.2560122499717466,0.7416353627822808,0.8171577101325128,-0.001301703538840182
3.25,0.39270509831248407,0.7170797195379734,0.2597256885709716,0.7426877198450008,0.8157370742604495,-0.0014206358720633139
3.255,0.3962830829421625,0.7140952985277204,0.2634438025605087,0.7436227979074117,0.814197730390035,-0.0015393438704145446
3.2600000000000002,0.3998458633568959,0.710998113591774,0.26716600480705793,0.7444404493098443,0.8125399216015086,-0.0016578087885263937
3.265,0.4033928769523549,0.7077886538115403,0.27089170753173625,0.7451405449356604,0.8107639096820869,-0.0017760119194216717
3.27,0.40692356361397525,0.704467425997923,0.27462032240289447,0.7457229742316411,0.8088699750846413,-0.001893934597445579
3.275,0.4104373658054032,0.7010349546112956,0.2783512606290217,0.7461876452254456,0.8068584168833901,-0.0020115582012512068
3.2800000000000002,0.41393372865654043,0.6974917816786796,0.28208393305172236,0.7465344845401333,0.8047295527266944,-0.0021288641566956645
3.285,0.41741210005116064,0.6938384667081557,0.2858177502387511,0.7467634374057521,0.8024837187868737,-0.002245833939820696
3.29,0.42087193071409895,0.6900755866005075,0.28955212257709106,0.7468744676679869,0.800121269707143,-0.0023624490797307107
3.295,0.42431267429798514,0.6862037355581256,0.29328646036606043,0.7468675577938682,0.7976425785455894,-0.0024786911615536367
3.3000000000000003,0.427733787469522,0.6822235249911726,0.2970201739104331,0.7467427088745415,0.7950480367162842,-0.002594541829305186
3.305,0.43113472999527985,0.6781355834210379,0.30075267361355856,0.7464999406250946,0.7923380539274497,-0.0027099827888344974
3.31,0.4345149648270094,0.6739405563810839,0.3044833700704658,0.7461392913814446,0.7895130581167832,-0.0028249958106665307
3.315,0.4378739581864464,0.66963910631471,0.3082116741609372,0.745660818094284,0.7865734953838717,-0.002939562732911516
3.3200000000000003,0.4412111796496001,0.6652319124707462,0.31193699714253764,0.7450645963200877,0.7835198299197407,-0.0030536654641309946
3.325,0.4445261022305147,0.660719670796191,0.31565875074358357,0.7443507202091816,0.7803525439335609,-0.0031672859861797686
3.33,0.4478182024644874,0.6561030938263117,0.319376347256038,0.7435193024908755,0.7770721375765064,-0.0032804063570545106
3.335,0.45108696049072794,0.6513829105721287,0.3230891996283163,0.7425704744556614,0.7736791288627654,-0.0033930087137410414
3.34,0.4543318601344519,0.6465598664052956,0.32679672155798867,0.7415043859344815,0.770174053587748,-0.003505075275017311
3.345,0.45755238898838885,0.6416347229403973,0.330498327584364,0.7403212052750684,0.7665574652434659,-0.0036165883442821345
3.35,0.46074803849369894,0.6366082579146817,0.3341934331809408,0.7390211193153604,0.7628299349311402,-0.0037275303123257553
3.355,0.4639183040202805,0.6314812650652444,0.3378814548477108,0.7376043333539979,0.7589920512710173,-0.0038378836601228317
3.36,0.4670626849464565,0.6262545540036895,0.34156181020330034,0.7360710711179047,0.7550444203094184,-0.003947630961598891
3.365,0.4701806847380268,0.6209289500882851,0.34523391807693515,0.7344215747269585,0.7509876654230273,-0.004056754886391123
3.37,0.47327181102668037,0.6155052942936241,0.34889719860021395,0.7326561046557578,0.7468224272204711,-0.00416523820255621
3.375,0.4763355756877419,0.6099844430778313,0.3525510732986764,0.7307749396924895,0.7425493634411408,-0.004273063779330344
3.38,0.4793714949172554,0.6043672682473125,0.3561949651831509,0.7287783768949052,0.738169148851342,-0.004380214589798759
3.3850000000000002,0.4823790893083816,0.5986546568190889,0.359828298840868,0.7266667315434122,0.7336824751377371,-0.004486673713604894
3.39,0.4853578839271001,0.5928475108807296,0.36345050052632444,0.7244403370912876,0.72909005079811,-0.004592424339627144
3.395,0.4883074083872101,0.586946747447895,0.36706099825188454,0.7220995451120213,0.7243926010295033,-0.004697449768606643
3.4,0.49122719692460676,0.5809532983195367,0.3706592218781035,0.7196447252437994,0.7195908676136861,-0.004801733415817244
3.4050000000000002,0.4941167884708333,0.5748681099307485,0.3742446032037592,0.7170762651311332,0.7146856088000295,-0.0049052588136565545
3.41,0.49697572672588675,0.5686921432033206,0.3778165760555774,0.7143945703636463,0.7096775991857591,-0.005008009614270392
3.415,0.4998035602302756,0.5624263733939916,0.38137457637763755,0.711600064412027,0.7045676295936515,-0.005109969592107633
3.42,0.5025998424363073,0.5560717899404511,0.38491804232044335,0.7086931885611572,0.6993565069471348,-0.005211122646516686
3.4250000000000003,0.5053641317786067,0.5496293963050896,0.3884464143296455,0.7056744018404287,0.6940450541428881,-0.005311452804246719
3.43,0.5080959917438415,0.5431002098165462,0.3919591352344018,0.7025441809512574,0.6886341099208769,-0.00541094422201116
3.435,0.5107949909396545,0.5364852615090555,0.39545565033536084,0.6993030201918057,0.6831245287319201,-0.005509581188956836
3.44,0.5134607031627857,0.529785595959637,0.3989354074922555,0.6959514313789278,0.6775171806027588,-0.005607348129161305
3.4450000000000003,0.5160927074663723,0.5230022711231471,0.4023978572110922,0.6924899437673481,0.6718129509986601,-0.005704229604098665
3.45,0.5186905882264236,0.5161363581652131,0.4058424527309227,0.6889191039660847,0.6660127406836037,-0.005800210315056398
3.455,0.5212539352074521,0.5091889412930823,0.4092686501101834,0.6852394758521348,0.6601174655780362,-0.005895275105567532
3.46,0.5237823436272544,0.5021611175844161,0.41267590831259054,0.6814516404814313,0.6541280566142368,-0.005989408963799403
3.465,0.526275414220831,0.49505399681404577,0.416063689292576,0.6775561959970868,0.6480454595893135,-0.0060825970249233086
3.47,0.5287327533034345,0.48786870127873044,0.4194314580802507,0.6735537575349413,0.641870635015847,-0.00617482457346652
3.475,0.5311539728327368,0.48060636561993103,0.42277868286588277,0.6694449571264237,0.6356045579702149,-0.00626607704563209
3.48,0.5335386904701069,0.47326813664463435,0.42610483508387653,0.6652304435987475,0.629248217938623,-0.006356340031591912
3.485,0.5358865296409857,0.4658551731442622,0.4294093894962388,0.660910882472453,0.6228026186608477,-0.006445599277775216
3.49,0.5381971195943506,0.45836864571168706,0.4326918242755204,0.6564869558563144,0.6162687779717327,-0.006533840689115
3.495,0.540470095461263,0.45080973655637513,0.4359516210872185,0.6519593623396269,0.6096477276404667,-0.006621050331266032
3.5,0.5427050983124841,0.44317963931770976,0.43918826517162796,0.6473288168818907,0.6029405132076486,-0.006707214432818076
3.505,0.5449017752151549,0.4354795588764948,0.4424012454251275,0.642596050699911,0.5961481938201906,-0.006792319387458057
3.5100000000000002,0.5470597792885282,0.42771071116469295,0.4455900544808891,0.6377618111523304,0.5892718420640651,-0.006876351756125443
3.515,0.5491787697587437,0.41987432297341937,0.4487541887889972,0.6328268616216127,0.5823125437949235,-0.006959298269141656
3.52,0.5512584120126426,0.41197163175920964,0.4518931486959647,0.6277919813934952,0.5752713979666397,-0.007041145828283746
3.525,0.5532983776506044,0.40400388544861965,0.45500643852363437,0.6226579655339309,0.5681495164577607,-0.007121881508879047
3.5300000000000002,0.5552983445384077,0.3959723422411545,0.45809356664745204,0.6174256247635382,0.5609480238959399,-0.007201492561820788
3.535,0.5572579968580955,0.38787827041059364,0.46115404557409995,0.612095785329579,0.5536680574803308,-0.007279966415609129
3.54,0.5591770251578506,0.37972294810470625,0.46418739201847736,0.6066692888754843,0.546310766802027,-0.007357290678303818
3.545,0.5610551264008576,0.37150766314342615,0.46719312698001714,0.6011469923079493,0.5388773136625112,-0.007433453139515711
3.5500000000000003,0.5628920040131592,0.3632337128154811,0.4701707758183252,0.5955297676616175,0.5313688718902081,-0.007508441772303143
3.555,0.564687367930486,0.3549024036735449,0.47311986832813213,0.5898185019613764,0.5237866271551117,-0.007582244735096388
3.56,0.5664409346440632,0.3465150513279095,0.47603993881354356,0.5840140970822867,0.5161317767815623,-0.0076548503735494045
3.565,0.5681524272453792,0.3380729802387383,0.4789305261615794,0.5781174696071645,0.508405529559175,-0.00772624722238735
3.5700000000000003,0.5698215754699114,0.3295775235069211,0.4817911739149886,0.5721295506818433,0.5006091055519484,-0.007796424007226577
3.575,0.5714481157398058,0.32103002266355946,0.48462143034432925,0.5660512858681351,0.49274373590561216,-0.007865369646336218
3.58,0.5730317912054986,0.3124318274581212,0.48742084851930184,0.5598836349945147,0.48481066265321376,-0.007933073252398393
3.585,0.5745723517862751,0.3037842956453026,0.4901889863793246,0.5536275720045519,0.47681113851898127,-0.007999524134232494
3.59,0.576069554209761,0.29508879277062117,0.4929254068033402,0.5472840848031151,0.4687464267205109,-0.008064711798470348
3.595,0.5775231620503375,0.28634669195478346,0.49562967767884203,0.5408541751003688,0.46061780076928416,-0.008128625951226764
3.6,0.5789329457664754,0.27755937367685113,0.49830137197011,0.5343388582535925,0.4524265442695668,-0.008191256499717359
3.605,0.5802986827369835,0.26872822555624487,0.5009400677856441,0.5277391631068438,0.4441739507157184,-0.008252593553848386
3.61,0.5816201572961622,0.25985464213362564,0.5035453484447866,0.5210561318284919,0.43586132328792926,-0.008312627427789154
3.615,0.5828971607678592,0.2509400246506842,0.5061168025435199,0.5142908197466475,0.4274899746464305,-0.008371348641498744
3.62,0.5841294914984233,0.2419857808288601,0.5086540240194325,0.507444295182514,0.41906122672421886,-0.008428747922211655
3.625,0.585316954888546,0.23299332464705624,0.511156612215841,0.5005176392816871,0.4105764105182984,-0.008484816205920453
3.63,0.5864593634239927,0.22396407611834626,0.5136241719450582,0.4935119458434296,0.40203686587950926,-0.008539544638789143
3.6350000000000002,0.5875565367052127,0.21489946106574204,0.516056313550798,0.48642832114794765,0.3934439413009434,-0.008592924578565864
3.64,0.5886083014758257,0.20580091089704317,0.5184526529697064,0.4792678837816965,0.3847989937050034,-0.008644947595939978
3.645,0.5896144916499821,0.1966698623787926,0.5208128117920101,0.47203176446074235,0.37610338822913153,-0.008695605475871893
3.65,0.5905749483385893,0.18750775740940429,0.5231364173212711,0.46472110585220966,0.367358498010234,-0.008744890218897516
3.6550000000000002,0.5914895198744021,0.17831604279146085,0.5254231026332403,0.4573370623938402,0.35856570396785115,-0.008792794042382868
3.66,0.5923580618359731,0.16909617000325683,0.5276725066337988,0.4498808001116945,0.3497263945860914,-0.008839309381759752
3.665,0.593180437070458,0.15984959496958295,0.5298842741159789,0.44235349643602256,0.3408419656943748,-0.00888442889171659
3.67,0.5939565157152741,0.15057777783182943,0.5320580558160556,0.43475634001533386,0.3319138202470161,-0.008928145447358704
3.6750000000000003,0.5946861752186067,0.14128218271740198,0.5341935084686991,0.4270905305286962,0.3229433681016788,-0.008970452145337315
3.68,0.5953693003587616,0.13196427750852974,0.5362902948611805,0.41935727849629234,0.31393202579674506,-0.009011342304933723
3.685,0.5960057832623603,0.12262553361046044,0.5383480838866218,0.4115578050882648,0.30488121632762905,-0.009050809469116017
3.69,0.5965955234213741,0.11326742571911248,0.5403665505962812,0.40369334193187895,0.29579236892206645,-0.009088847405562595
3.6950000000000003,0.5971384277089954,0.1038914315882058,0.5423453762508664,0.3957651309170349,0.2866669188144237,-0.009125450107642763
3.7,0.5976344103943434,0.09449903179590499,0.5442842483708672,0.3877744240001587,0.27750630701905843,-0.009160611795365259
3.705,0.5980833931560025,0.08509170951101608,0.5461828607858997,0.37972248300650374,0.26831198010276586,-0.009194326916292572
3.71,0.59848530509439,0.07567095025878098,0.5480409136830542,0.3716105794308938,0.25908538995635166,-0.009226590146414193
3.715,0.5988400827429516,0.06623824168629322,0.5498581136542389,0.3634399942369398,0.24982799356535662,-0.009257396390995043
3.72,0.5991476700781841,0.056795073327585134,0.5516341737425127,0.3552120176547602,0.24054125277998784,-0.009286740785368786
3.725,0.5994080185284815,0.04734293636841057,0.5533688134873989,0.34692794897723916,0.23122663408426988,-0.009314618695717952
3.73,0.5996210869818053,0.0378833234107667,0.5550617589691731,0.33858909635485285,0.22188560836447346,-0.00934102571979642
3.735,0.5997868417921768,0.028417728237197525,0.5567127428521186,0.3301967765890974,0.2125196506768442,-0.009365957687629267
3.74,0.59990525678499,0.018947645574912284,0.5583215044267413,0.3217523149245508,0.20313024001467495,-0.00938941066216925
3.745,0.5999763132611449,0.00947457085974134,0.5598877896509393,0.31325704483960115,0.1937188590747555,-0.009411380939919445
3.75,0.6,2.770085798959377e-16,0.5614113511901188,0.30471230783587533,0.18428699402323576,-0.009431865051519744
3.755,0.5999763132611449,-0.009474570859740787,0.5628919484562508,0.2961194532264,0.17483613426094577,-0.009450859762289987
3.7600000000000002,0.59990525678499,-0.01894764557491173,0.5643293476458634,0.28747983792252957,0.16536777218819892,-0.009468362072746844
3.765,0.5997868417921768,-0.028417728237196977,0.5657233217769617,0.2787948262196742,0.15588340296912953,-0.009484369219069394
3.77,0.5996210869818053,-0.03788332341076615,0.567073650724871,0.2700657895818618,0.14638452429558207,-0.009498878673547456
3.775,0.5994080185284815,-0.04734293636841001,0.5683801212569969,0.26129410642516765,0.13687263615061365,-0.009511888144968422
3.7800000000000002,0.5991476700781841,-0.056795073327585904,0.5696425270664971,0.2524811619000469,0.12734924057162794,-0.00952339557898571
3.785,0.5988400827429518,-0.06623824168629266,0.5708606688048601,0.24362834767260305,0.11781584141318682,-0.00953339915844112
3.79,0.59848530509439,-0.07567095025878044,0.5720343541133842,0.2347370617048278,0.10827394410953059,-0.009541897303656233
3.795,0.5980833931560025,-0.08509170951101552,0.5731633976535534,0.22580870803384667,0.09872505543685764,-0.00954888867267295
3.8000000000000003,0.5976344103943433,-0.09449903179590577,0.5742476211363045,0.21684469655020513,0.08917068327538388,-0.009554372161473756
3.805,0.5971384277089953,-0.10389143158820657,0.5752868533501806,0.20784644277523068,0.07961233637123086,-0.009558346904153026
3.81,0.5965955234213742,-0.11326742571911194,0.5762809301883681,0.1988153676375055,0.07005152409818013,-0.009560812273050723
3.815,0.5960057832623603,-0.1226255336104599,0.5772296946746106,0.1897528972484856,0.06048975621931935,-0.009561767878860782
3.8200000000000003,0.5953693003587616,-0.13196427750853051,0.5781329969879971,0.1806604626773009,0.05092854264864287,-0.009561213570676484
3.825,0.5946861752186066,-0.14128218271740275,0.578990694486621,0.1715394997247732,0.04136939321260988,-0.00955914943603299
3.83,0.5939565157152741,-0.1505777778318289,0.5798026517301045,0.16239144869668637,0.03181381741173014,-0.009555575800879741
3.835,0.5931804370704581,-0.15984959496958243,0.5805687405009862,0.1532177541763454,0.02226332418219327,-0.009550493229536869
3.84,0.5923580618359732,-0.16909617000325627,0.5812888398249685,0.14401986479646006,0.01271942165759371,-0.009543902524599558
3.845,0.5914895198744021,-0.17831604279146163,0.5819628359900204,0.13479923301038876,0.0031836169307759496,-0.00953580472681776
3.85,0.5905749483385893,-0.18750775740940376,0.5825906225643344,0.12555731486277966,-0.006342584184149576,-0.009526201114925525
3.855,0.5896144916499823,-0.19666986237879205,0.5831721004131326,0.11629556975964404,-0.015857677389595537,-0.009515093205445961
3.86,0.5886083014758258,-0.20580091089704267,0.5837071777143221,0.10701546023789943,-0.02536016014204466,-0.009502482752449123
3.865,0.5875565367052128,-0.21489946106574148,0.5841957699729942,0.09771845173441779,-0.03484853188931133,-0.009488371747266668
3.87,0.5864593634239929,-0.22396407611834576,0.5846378000347673,0.08840601235461629,-0.04432129430750528,-0.009472762418193954
3.875,0.5853169548885461,-0.2329933246470557,0.5850331980979704,0.07907961264062627,-0.05377695153762825,-0.009455657230122969
3.88,0.5841294914984233,-0.24198578082885958,0.5853819017246658,0.06974072533907778,-0.06321401042178995,-0.0094370588841617
3.8850000000000002,0.5828971607678594,-0.2509400246506837,0.5856838558505084,0.0603908251685357,-0.07263098073899545,-0.009416970317205495
3.89,0.5816201572961623,-0.25985464213362514,0.5859390127934415,0.05103138858662443,-0.0820263754404654,-0.009395394701469953
3.895,0.5802986827369836,-0.26872822555624437,0.586147332261226,0.04166389355687844,-0.09139871088446391,-0.009372335443998514
3.9,0.5789329457664755,-0.2775593736768506,0.5863087813578027,0.032289819315354455,-0.1007465070705741,-0.009347796186110188
3.9050000000000002,0.5775231620503374,-0.2863466919547841,0.5864233345884879,0.022910646137043036,-0.11006828787341706,-0.00932178080284296
3.91,0.5760695542097611,-0.29508879277062067,0.5864909738639985,0.013527855102115975,-0.1193625812757403,-0.00929429340232324
3.915,0.5745723517862752,-0.3037842956453021,0.5865116885033087,0.004142927862046512,-0.12862791960087516,-0.009265338325134861
3.92,0.5730317912054986,-0.3124318274581207,0.5864854752353369,-0.005242653594360483,-0.13786283974449054,-0.009234920143615377
3.9250000000000003,0.5714481157398057,-0.3210300226635602,0.5864123381994619,-0.014627407174991948,-0.14706588340564314,-0.009203043661152599
3.93,0.5698215754699113,-0.32957752350692177,0.5862922889448696,-0.024009850918465834,-0.1562355973170511,-0.009169713911407973
3.935,0.5681524272453793,-0.3380729802387378,0.5861253464287288,-0.03338850322815029,-0.16537053347459094,-0.009134936157539825
3.94,0.5664409346440633,-0.34651505132790905,0.5859115370131982,-0.042761883106124665,-0.17446924936594965,-0.009098715891358716
3.9450000000000003,0.5646873679304858,-0.35490240367354564,0.585650894461263,-0.05212851038704657,-0.1835303081984102,-0.009061058832460556
3.95,0.562892004013159,-0.3632337128154818,0.5853434599314035,-0.061486905971886816,-0.1925522791257422,-0.00902197092733198
3.955,0.5610551264008578,-0.37150766314342565,0.584989281971096,-0.07083559206149659,-0.20153373747415126,-0.008981458348409077
3.96,0.5591770251578508,-0.37972294810470575,0.5845884165091462,-0.08017309238996875,-0.21047326496724866,-0.008939527493097399
3.9650000000000003,0.5572579968580956,-0.38787827041059314,0.5841409268468574,-0.08949793245775764,-0.21936944995001562,-0.008896184982766953
3.97,0.5552983445384074,-0.3959723422411552,0.5836468836480347,-0.09880863976451965,-0.2282208876117112,-0.008851437661695577
3.975,0.5532983776506045,-0.40400388544861915,0.5831063649278265,-0.1081037440416378,-0.23702618020771923,-0.00880529259600804
3.98,0.5512584120126426,-0.41197163175920926,0.5825194560404046,-0.11738177748439432,-0.2457839372802665,-0.008757757072547279
3.985,0.5491787697587438,-0.4198743229734189,0.5818862496654857,-0.12664127498375413,-0.25449277587798896,-0.008708838597722451
3.99,0.5470597792885283,-0.42771071116469245,0.5812068457936971,-0.13588077435772253,-0.26315132077431336,-0.008658544896324394
3.995,0.544901775215155,-0.43547955887649437,0.5804813517107859,-0.14509881658224086,-0.2717582046846312,-0.00860688391031783
4.0,0.5427050983124843,-0.4431796393177093,0.579709881980678,-0.15429394602158275,-0.2803120684821939,-0.008553863797562733
4.005,0.5404700954612631,-0.4508097365563747,0.5788925584273868,-0.16346471065821627,-0.2888115614127516,-0.008499492930557684
4.01,0.5381971195943507,-0.4583686457116867,0.5780295101157764,-0.1726096623220944,-0.2972553413078417,-0.008443779895090098
4.015,0.5358865296409858,-0.46585517314426167,0.5771208733311797,-0.1817273569193378,-0.30564207479673366,-0.008386733488891962
4.0200000000000005,0.533538690470107,-0.47326813664463385,0.5761667915578783,-0.19081635466027377,-0.31397043751698905,-0.008328362720255389
4.025,0.5311539728327366,-0.4806063656199316,0.5751674154564443,-0.1998752202867961,-0.3222391143235888,-0.008268676806599762
4.03,0.5287327533034343,-0.48786870127873105,0.5741229028399493,-0.20890252329900846,-0.33044679949660866,-0.00820768517301984
4.035,0.5262754142208312,-0.4950539968140453,0.5730334186490437,-0.2178968381811174,-0.3385921969474148,-0.008145397450806169
4.04,0.5237823436272545,-0.5021611175844155,0.5718991349259109,-0.22685674462653768,-0.3466740204233286,-0.008081823475913796
4.045,0.5212539352074522,-0.5091889412930819,0.5707202307871001,-0.23578082776217493,-0.3546909937107302,-0.008016973287401585
4.05,0.5186905882264237,-0.5161363581652126,0.5694968923952408,-0.24466767837185083,-0.3626418508366054,-0.007950857125875177
4.055,0.5160927074663724,-0.5230022711231467,0.5682293129296466,-0.25351589311883443,-0.3705253362684439,-0.007883485431838533
4.0600000000000005,0.5134607031627854,-0.5297855959596376,0.5669176925558094,-0.26232407476744535,-0.37834020511251215,-0.007814868844068235
4.065,0.5107949909396547,-0.536485261509055,0.5655622383937909,-0.2710908324036934,-0.3860852233104175,-0.007745018197905351
4.07,0.5080959917438412,-0.5431002098165467,0.5641631644855163,-0.27981478165492063,-0.3937591678340118,-0.007673944523594323
4.075,0.5053641317786065,-0.5496293963050901,0.5627206917609743,-0.28849454490840876,-0.4013608268784892,-0.007601659044477349
4.08,0.5025998424363074,-0.5560717899404508,0.5612350480033297,-0.29712875152892104,-0.4088890000537688,-0.007528173175279651
4.085,0.4998035602302757,-0.5624263733939912,0.559706467812954,-0.30571603807514125,-0.4163424985740364,-0.007453498520267554
4.09,0.49697572672588697,-0.5686921432033203,0.5581351925703791,-0.31425504851497693,-0.4237201454454742,-0.007377646871437826
4.095,0.4941167884708335,-0.5748681099307482,0.5565214703981807,-0.322744434439692,-0.43102077565211255,-0.007300630206638348
4.1,0.4912271969246073,-0.5809532983195355,0.5548655561217964,-0.33118285527683694,-0.438243236339812,-0.007222460687699439
4.105,0.48830740838720993,-0.5869467474478955,0.5531677112292868,-0.33956897850194023,-0.4453863869983096,-0.007143150658497632
4.11,0.4853578839271002,-0.5928475108807293,0.5514282038300421,-0.3479014798489295,-0.4524490996413013,-0.0070627126429916864
4.115,0.48237908930838175,-0.5986546568190886,0.5496473086124458,-0.3561790435192487,-0.4594302589845907,-0.0069811593432894115
4.12,0.4793714949172556,-0.6043672682473121,0.5478253068004977,-0.36440036238963774,-0.46632876262219264,-0.006898503637601916
4.125,0.476335575687742,-0.609984443077831,0.545962486109405,-0.3725641382185424,-0.4731435212004089,-0.0068147585782162845
4.13,0.4732718110266805,-0.6155052942936238,0.5440591407001494,-0.38066908185112175,-0.47987345858986186,-0.0067299373894529335
4.135,0.470180684738027,-0.6209289500882847,0.5421155711330353,-0.38871391342282097,-0.4865175120554237,-0.00664405346556185
4.14,0.4670626849464566,-0.6262545540036891,0.540132084320228,-0.396697362561476,-0.4930746324240287,-0.006557120368605007
4.1450000000000005,0.4639183040202807,-0.6314812650652442,0.5381089934772884,-0.40461816858792066,-0.4995437842503617,-0.006469151826333008
4.15,0.46074803849369866,-0.6366082579146821,0.536046618073713,-0.41247508071506267,-0.5059239459803552,-0.00638016172999345
4.155,0.45755238898838857,-0.6416347229403977,0.5339452837824861,-0.42026685824539683,-0.512214110112507,-0.0062901641321517765
4.16,0.45433186013445204,-0.6465598664052953,0.5318053224286514,-0.4279922707669259,-0.5184132833569859,-0.006199173244478939
4.165,0.4510869604907281,-0.6513829105721284,0.5296270719369142,-0.43565009834745705,-0.5245204867924763,-0.006107203435490427
4.17,0.4478182024644875,-0.6561030938263114,0.527410876278278,-0.4432391317272428,-0.5305347560207537,-0.0060142692282774135
4.175,0.44452610223051486,-0.6607196707961908,0.5251570854157283,-0.4507581725099377,-0.5364551413189894,-0.005920385298235686
4.18,0.4412111796496002,-0.665231912470746,0.522866055248969,-0.4582060333518388,-0.5422807077897137,-0.005825566470724297
4.1850000000000005,0.43787395818644614,-0.6696391063147104,0.5205381475582221,-0.4655815381493805,-0.548010535508454,-0.00572982771874031
4.19,0.4345149648270097,-0.6739405563810836,0.5181737299470979,-0.47288352222485586,-0.5536437196689813,-0.0056331841605272714
4.195,0.4311347299952796,-0.6781355834210382,0.5157731757845462,-0.48011083251033215,-0.5591793707262226,-0.005535651057241298
4.2,0.42773378746952173,-0.6822235249911729,0.5133368641458975,-0.4872623277297335,-0.564616614536698,-0.0054372438104753895
4.205,0.42431267429798536,-0.6862037355581254,0.5108651797530022,-0.494336878579062,-0.5699545924965835,-0.005337977959885554
4.21,0.4208719307140991,-0.6900755866005074,0.5083585129134786,-0.5013333679047277,-0.5751924616772784,-0.00523786918069491
4.215,0.41741210005116075,-0.6938384667081556,0.5058172594590787,-0.5082506908799606,-0.5803293949585239,-0.005136933281245426
4.22,0.4139337286565406,-0.6974917816786794,0.5032418206831824,-0.5150877551792743,-0.5853645811589983,-0.005035186200474384
4.225,0.4104373658054039,-0.701034954611295,0.5006326032774275,-0.5218434811509586,-0.5902972251644344,-0.004932644005436138
4.23,0.4069235636139749,-0.7044674259979233,0.4979900192674897,-0.5285168019875673,-0.5951265480531693,-0.004829322888734944
4.235,0.4033928769523551,-0.7077886538115402,0.4953144859480178,-0.5351066638943809,-0.5998517872191228,-0.004725239165953465
4.24,0.3998458633568962,-0.7109981135917739,0.49260642581673875,-0.541612026255812,-0.6044721964922604,-0.00462040927313756
4.245,0.39628308294216275,-0.7140952985277201,0.48986626650774007,-0.5480318617997314,-0.6089870462563994,-0.004514849764139073
4.25,0.39270509831248435,-0.7170797195379732,0.48709444072394165,-0.5543651567596856,-0.6133956235644179,-0.004408577308018469
4.255,0.38911247447311076,-0.7199509053478594,0.4842913861687667,-0.5606109110349824,-0.6176972322508566,-0.004301608686438696
4.26,0.3855057787409929,-0.722708402563856,0.48145754547702363,-0.566768138348619,-0.6218911930418402,-0.004193960790983553
4.265,0.38188558065519784,-0.7253517757451857,0.4785933661450085,-0.5728358664030255,-0.6259768436623367,-0.004085650620496595
4.2700000000000005,0.3782524518869691,-0.7278806074725811,0.4756993004598405,-0.5788131370336027,-0.6299535389407566,-0.003976695278419817
4.275,0.3746069661494561,-0.7302944984141969,0.4727758054280404,-0.5846990063600275,-0.6338206509108133,-0.003867111970056736
4.28,0.37094969910711734,-0.7325930673886702,0.46982334270336384,-0.5904925449353019,-0.637577568910694,-0.003756917999880649
4.285,0.3672812282848145,-0.7347759514253148,0.4668423785139012,-0.5961928378925241,-0.6412236996794982,-0.0036461307688042677
4.29,0.36360213297661625,-0.7368428058214366,0.46383338358845444,-0.6017989850893564,-0.6447584674509139,-0.0035347677714157033
4.295,0.3599129941543222,-0.7387933041967659,0.4607968330822036,-0.6073101012501676,-0.6481813140441272,-0.0034228465932132357
4.3,0.3562143943757177,-0.7406271385449991,0.45773320650167443,-0.6127253161058294,-0.6514916989519849,-0.003310384907857733
4.305,0.35250691769258335,-0.7423440192824337,0.4546429876290187,-0.6180437745311409,-0.6546890994263352,-0.0031974004743503537
4.3100000000000005,0.34879114955846485,-0.7439436752936993,0.4515266644456194,-0.623264636679863,-0.6577730105605838,-0.0030839111342485515
4.315,0.34506767673622707,-0.7454258539745668,0.4483847290550327,-0.6283870781173402,-0.6607429453694007,-0.0029699348088169097
4.32,0.34133708720539113,-0.7467903212718414,0.44521767760527925,-0.6334102899506885,-0.6635984348656595,-0.0028554894962588007
4.325,0.3375999700692912,-0.7480368617203189,0.4420260102104966,-0.6383334789565284,-0.6663390281344617,-0.0027405932688021606
4.33,0.33385691546204466,-0.7491652784768124,0.43881023087196536,-0.6431558677062444,-0.6689642924043627,-0.002625264269901062
4.335,0.3301085144553648,-0.750175393351235,0.4355708473985216,-0.6478766946887501,-0.6714738131157015,-0.0025095207113388085
4.34,0.326355358965223,-0.7510670468347383,0.4323083713263679,-0.6524952144307397,-0.6738671939860694,-0.0023933808703678894
4.345,0.3225980416583801,-0.7518400981249012,0.4290233178382959,-0.657010697614406,-0.6761440570728761,-0.0022768630868066353
4.3500000000000005,0.3188371558587935,-0.7524944251479633,0.42571620568233287,-0.6614224311926094,-0.6783040428330546,-0.0021599857601785066
4.355,0.3150732954539306,-0.7530299245781022,0.4223875570898255,-0.6657297185014751,-0.6803468101798024,-0.002042767346747798
4.36,0.31130705480098025,-0.7534465118537504,0.4190378976929735,-0.6699318793704055,-0.682272036536481,-0.0019252263566786887
4.365,0.3075390286330015,-0.7537441211909479,0.4156677564418261,-0.6740282502294865,-0.6840794178875298,-0.0018073813510487424
4.37,0.3037698119650057,-0.7539227055937304,0.41227766552075473,-0.678018184214273,-0.6857686688264862,-0.0016892509389564436
4.375,0.3000000000000001,-0.7539822368615503,0.4088681602644151,-0.6819010512679357,-0.6873395226010377,-0.0015708537745514617
4.38,0.29623018803499457,-0.7539227055937304,0.4054397790732113,-0.6856762382407556,-0.6887917311551661,-0.0014522085541284202
4.385,0.29246097136699883,-0.7537441211909479,0.4019930633282766,-0.689343148986946,-0.6901250651683095,-0.0013333340131433946
4.39,0.28869294519901995,-0.7534465118537506,0.39852855730598263,-0.692901204458792,-0.6913393140915648,-0.0012142489232552789
4.3950000000000005,0.2849267045460691,-0.7530299245781021,0.3950468080919922,-0.6963498427980881,-0.6924342861809569,-0.0010949720893921322
4.4,0.2811628441412057,-0.752494425147963,0.3915483654948679,-0.699688519424863,-0.6934098085276967,-0.00097552234673981
4.405,0.2774019583416201,-0.7518400981249013,0.38803378195925103,-0.702916707123374,-0.6942657270854934,-0.0008559185577966533
4.41,0.2736446410347772,-0.7510670468347385,0.38450361247862425,-0.7060338961253609,-0.6950019066948886,-0.0007361796093952044
4.415,0.26989148554463543,-0.750175393351235,0.38095841450767154,-0.7090395941905452,-0.6956182311045902,-0.0006163244097016074
4.42,0.2661430845379556,-0.7491652784768124,0.37739874787424976,-0.7119333266843589,-0.6961146029898237,-0.0004963718852335486
4.425,0.26240002993070904,-0.748036861720319,0.3738251746909853,-0.7147146366528964,-0.6964909439677172,-0.0003763409778934079
4.43,0.2586629127946091,-0.7467903212718415,0.37023825926650994,-0.7173830848950714,-0.6967471946096673,-0.0002562506419501176
4.4350000000000005,0.25493232326377263,-0.7454258539745667,0.3666385680163501,-0.7199382500319728,-0.696883314450733,-0.0001361198410657627
4.44,0.2512088504415349,-0.7439436752936992,0.36302666937348305,-0.722379728573405,-0.6968992819960018,-1.5967545268780192e-05
4.445,0.24749308230741687,-0.7423440192824339,0.359403133698575,-0.7247071349816041,-0.6967950947240221,0.00010418727197969435
4.45,0.2437856056242825,-0.7406271385449992,0.3557685331899144,-0.7269201017321179,-0.6965707690871662,0.00022432563685592655
4.455,0.24008700584567805,-0.738793304196766,0.3521234417930552,-0.7290182793718428,-0.6962263405090549,0.0003444285781113443
4.46,0.23639786702338397,-0.7368428058214367,0.34846843511018416,-0.7310013365742069,-0.6957618633789543,0.00046447713010056013
4.465,0.2327187717151857,-0.7347759514253149,0.3448040903092267,-0.7328689601914897,-0.6951774110431901,0.0005844523357642073
4.47,0.2290503008928829,-0.7325930673886705,0.34113098603270536,-0.7346208553042717,-0.6944730757935553,0.0007043352496347577
4.4750000000000005,0.22539303385054307,-0.7302944984141964,0.33744970230636534,-0.7362567452680061,-0.6936489688527602,0.0008241069407951551
4.48,0.22174754811303063,-0.727880607472581,0.3337608204475818,-0.7377763717567036,-0.6927052203568317,0.000943748495928487
4.485,0.21811441934480238,-0.7253517757451858,0.3300649229735632,-0.7391794948037256,-0.6916419793346034,0.0010632410222283228
4.49,0.21449422125900736,-0.7227084025638562,0.3263625935093648,-0.7404658928396773,-0.6904594136841586,0.0011825656504447224
4.495,0.2108875255268894,-0.7199509053478597,0.3226544166957278,-0.7416353627273969,-0.6891577101463251,0.0013017035378335429
4.5,0.20729490168751588,-0.7170797195379734,0.31894097809675764,-0.7426877197940318,-0.6877370742751753,0.0014206358711498224
4.505,0.2037169170578375,-0.7140952985277204,0.31522286410745665,-0.7436227978602024,-0.6861977304055847,0.001539343869590537
4.51,0.20015413664310405,-0.710998113591774,0.31150066186112546,-0.7444404492662416,-0.6845399216177984,0.001657808787786319
4.515,0.1966071230476452,-0.7077886538115403,0.3077749591366479,-0.7451405448955143,-0.6827639096990353,0.0017760119187630874
4.5200000000000005,0.1930764363860248,-0.704467425997923,0.30404634426567384,-0.7457229741948046,-0.6808699751021718,0.001893934596863489
4.525,0.18956263419459635,-0.7010349546112952,0.30031540603971496,-0.7461876451917746,-0.6788584169014332,0.002011558200738617
4.53,0.18606627134345963,-0.6974917816786796,0.2965827336171675,-0.7465344845094871,-0.676729552745175,0.0021288641562582367
4.535,0.18258789994883942,-0.6938384667081559,0.29284891643027755,-0.7467634373779932,-0.6744837188057291,0.002245833939445885
4.54,0.17912806928590108,-0.6900755866005076,0.28911454409206266,-0.746874467642981,-0.6721212697263114,0.002362449079417739
4.545,0.17568732570201484,-0.6862037355581257,0.28538020630320526,-0.7468675577714844,-0.669642578565013,0.0024786911612983964
4.55,0.17226621253047852,-0.6822235249911731,0.281646492758932,-0.7467427088546523,-0.6670480367359044,0.0025945418291085653
4.555,0.16886527000472065,-0.6781355834210384,0.2779139930558941,-0.7464999406075762,-0.6643380539472177,0.0027099827886867267
4.5600000000000005,0.1654850351729901,-0.6739405563810834,0.2741832965990632,-0.7461392913661761,-0.6615130581366553,0.002824995810562392
4.565,0.1621260418135536,-0.66963910631471,0.27045499250865745,-0.7456608180811481,-0.6585734954037937,0.002939562732861556
4.57,0.15878882035039996,-0.6652319124707463,0.2667296695271126,-0.7450645963089708,-0.6555198299396727,0.0030536654641210026
4.575,0.15547389776948536,-0.6607196707961911,0.2630079159261127,-0.7443507201999735,-0.6523525439534629,0.0031672859862098557
4.58,0.15218179753551267,-0.6561030938263117,0.2592903194136954,-0.7435193024834692,-0.6490721375963412,0.003280406357121679
4.585,0.1489130395092721,-0.6513829105721287,0.2555774670414456,-0.7425704744499535,-0.6456791288824986,0.003393008713842627
4.59,0.14566813986554814,-0.6465598664052956,0.2518699451117938,-0.7415043859303724,-0.6421740536073465,0.003505075275152092
4.595,0.14244761101161155,-0.641634722940398,0.24816833908543148,-0.7403212052724613,-0.638557465262898,0.003616588344448446
4.6000000000000005,0.13925196150630056,-0.636608257914681,0.2444732334888607,-0.7390211193141619,-0.6348299349503851,0.003727530312512939
4.605,0.13608169597971906,-0.6314812650652437,0.2407852118220901,-0.7376043333541182,-0.6309920512900444,0.0038378836603406574
4.61,0.1329373150535436,-0.6262545540036895,0.2371048564664938,-0.7360710711192572,-0.6270444203282018,0.003947630961842585
4.615,0.1298193152619732,-0.6209289500882851,0.2334327485928465,-0.7344215747294598,-0.6229876654415485,0.004056754886653358
4.62,0.12672818897331964,-0.6155052942936241,0.22976946806954984,-0.7326561046593277,-0.6188224272387107,0.004165238202837762
4.625,0.12366442431225816,-0.6099844430778313,0.2261155933710646,-0.7307749396970509,-0.6145493634590807,0.004273063779629993
4.63,0.12062850508274461,-0.6043672682473125,0.22247170148656267,-0.7287783769003843,-0.610169148868967,0.004380214590113729
4.635,0.11762091069161845,-0.598654656819089,0.218838367828814,-0.726666731549738,-0.6056824751550323,0.004486673713934741
4.64,0.11464211607289992,-0.5928475108807296,0.21521616614332204,-0.7244403370983921,-0.601090050815063,0.004592424339969314
4.6450000000000005,0.11169259161278985,-0.5869467474478951,0.21160566841772283,-0.7220995451198393,-0.5963926010461036,0.004697449768959361
4.65,0.10877280307539287,-0.5809532983195358,0.2080074447914615,-0.7196447252522687,-0.5915908676299251,0.004801733416178511
4.655,0.10588321152916666,-0.5748681099307485,0.20442206346576053,-0.7170762651401945,-0.5866856088158954,0.0049052588140297
4.66,0.1030242732741132,-0.5686921432033207,0.2008500906138943,-0.7143945703732428,-0.5816775992012467,0.005008009614648645
4.665,0.10019643976972444,-0.5624263733939916,0.1972920902917838,-0.7116000644221047,-0.576567629608754,0.005109969592492769
4.67,0.09740015756369276,-0.5560717899404513,0.19374862434892548,-0.7086931885716645,-0.5713565069618486,0.005211122646905375
4.675,0.09463586822139365,-0.5496293963050906,0.19022025233966888,-0.7056744018513169,-0.5660450541572076,0.005311452804640959
4.68,0.09190400825615892,-0.5431002098165472,0.1867075314348565,-0.70254418096248,-0.5606341099348012,0.0054109442224064
4.6850000000000005,0.08920500906034508,-0.5364852615090545,0.1832110163338399,-0.6993030202033184,-0.5551245287454519,0.0055095811893493
4.69,0.0865392968372144,-0.529785595959637,0.17973125917688645,-0.6959514313906889,-0.5495171806158904,0.00560734812956154
4.695,0.08390729253362772,-0.5230022711231471,0.17626880945798987,-0.692489943779318,-0.5438129510113948,0.00570422960449557
4.7,0.08130941177357649,-0.5161363581652132,0.17282421393809874,-0.6889191039782262,-0.5380127406959414,0.0058002103154534135
4.705,0.07874606479254795,-0.5091889412930825,0.16939801655877668,-0.6852394758644126,-0.5321174655899789,0.00589527510596255
4.71,0.07621765637274563,-0.5021611175844161,0.1659907583563076,-0.6814516404938119,-0.5261280566257869,0.005989408964191978
4.715,0.0737245857791689,-0.49505399681404577,0.16260297737625992,-0.6775561960095394,-0.5200454596004743,0.006082597025312553
4.72,0.07126724669656587,-0.48786870127873155,0.15923520858852275,-0.6735537575474364,-0.513870635026619,0.00617482457385532
4.7250000000000005,0.06884602716726289,-0.48060636561993,0.1558879838028281,-0.6694449571389338,-0.507604557980608,0.006266077046011009
4.73,0.06646130952989279,-0.47326813664463335,0.15256183158477185,-0.6652304436112468,-0.5012482179486377,0.006356340031970276
4.735,0.06411347035901432,-0.4658551731442622,0.14925727717234727,-0.6609108824849176,-0.49480261867048797,0.0064455992781497495
4.74,0.06180288040564952,-0.4583686457116872,0.14597484239300365,-0.656486955868722,-0.48826877798100504,0.006533840689482928
4.745,0.05952990453873697,-0.4508097365563752,0.14271504558124387,-0.6519593623519565,-0.48164772764937774,0.006621050331627298
4.75,0.05729490168751586,-0.4431796393177098,0.13947840149677326,-0.6473288168941229,-0.47494051321620373,0.0067072144331740136
4.755,0.05509822478484502,-0.43547955887649487,0.13626542124321311,-0.6425960507120282,-0.46814819382839645,0.006792319387807277
4.76,0.05294022071147183,-0.427710711164693,0.13307661218739153,-0.6377618111643163,-0.46127184207192734,0.006876351756469112
4.765,0.050821230241256364,-0.4198743229734194,0.12991247787922428,-0.632826861633452,-0.4543125438024495,0.006959298269477832
4.7700000000000005,0.048741587987357504,-0.41197163175920976,0.1267735179721984,-0.6277919814051741,-0.447271397973837,0.007041145828612483
4.775,0.04670162234939531,-0.40400388544861865,0.12366022814447122,-0.6226579655454368,-0.44014951646463857,0.007121881509198458
4.78,0.04470165546159242,-0.39597234224115463,0.12057310002059693,-0.6174256247748597,-0.4329480239025021,0.00720149256213648
4.785,0.042742003141904406,-0.3878782704105937,0.1175126210938934,-0.6120957853407057,-0.42566805748658726,0.007279966415914829
4.79,0.04082297484214935,-0.37972294810470625,0.11447927464946137,-0.6066692888864071,-0.4183107668079844,0.007357290678602857
4.795,0.03894487359914236,-0.3715076631434262,0.11147353968786806,-0.6011469923186598,-0.4108773136681774,0.007433453139806978
4.8,0.03710799598684109,-0.3632337128154824,0.10849589084950752,-0.5955297676721083,-0.40336887189558984,0.007508441772587582
4.805,0.03531263206951428,-0.3549024036735462,0.1055467983396493,-0.5898185019716414,-0.39578662716021823,0.007582244735371613
4.8100000000000005,0.03355906535593652,-0.3465150513279084,0.10262672785418771,-0.5840140970923202,-0.3881317767864047,0.0076548503738135265
4.815,0.03184757275462086,-0.3380729802387384,0.0997361405061029,-0.5781174696169619,-0.3804055295637563,0.007726247222648419
4.82,0.03017842453008854,-0.32957752350692116,0.0968754927526459,-0.5721295506914008,-0.37260910555627885,0.007796424007477432
4.825,0.028551884260194126,-0.3210300226635595,0.09404523632325865,-0.5660512858774494,-0.36474373590969916,0.00786536964657969
4.83,0.026968208794501368,-0.31243182745812126,0.09124581814824073,-0.5598836350035832,-0.35681066265706457,0.007933073252634593
4.835,0.025427648213724872,-0.3037842956453027,0.08847768028817386,-0.5536275720133729,-0.3488111385226047,0.007999524134459868
4.84,0.023930445790238918,-0.2950887927706212,0.08574125986411543,-0.5472840848116873,-0.3407464267239144,0.008064711798690283
4.845,0.02247683794966272,-0.28634669195478474,0.08303698898857198,-0.5408541751086916,-0.3326178007724738,0.008128625951440593
4.8500000000000005,0.021067054233524396,-0.27755937367684996,0.08036529469726365,-0.5343388582616658,-0.324426544272554,0.008191256499919808
4.855,0.019701317263016292,-0.2687282255562437,0.07772659888169031,-0.527739163114668,-0.3161739507185082,0.00825259355404584
4.86,0.018379842703837777,-0.25985464213362575,0.07512131822250998,-0.5210561318360677,-0.3078613232905276,0.008312627427980557
4.865,0.017102839232140742,-0.25094002465068427,0.0725498641237401,-0.5142908197539763,-0.2994899746488464,0.008371348641681209
4.87,0.015870508501576695,-0.2419857808288602,0.07001264264779211,-0.5074442951895974,-0.2910612267264595,0.008428747922386903
4.875,0.014683045111453973,-0.23299332464705633,0.06751005445134947,-0.5005176392885272,-0.2825764105203714,0.008484816206088097
4.88,0.013540636576007214,-0.22396407611834637,0.06504249472209933,-0.4935119458500289,-0.27403686588142095,0.008539544638950458
4.885,0.012443463294787249,-0.21489946106574212,0.06261035311632779,-0.48642832115430884,-0.2654439413027008,0.00859292457872013
4.89,0.01139169852417432,-0.20580091089704325,0.06021401369738868,-0.47926788378782254,-0.256798993706613,0.008644947596087804
4.8950000000000005,0.010385508350017836,-0.1966698623787927,0.057853854875055497,-0.4720317644666365,-0.2481033882305997,0.008695605476013335
4.9,0.00942505166141061,-0.18750775740940306,0.05553024934576612,-0.46472110585787546,-0.23935849801156728,0.008744890219032408
4.905,0.008510480125597807,-0.17831604279146096,0.053243564033769716,-0.45733706239928146,-0.2305657039690553,0.008792794042511987
4.91,0.007641938164026895,-0.1690961700032569,0.05099416003318514,-0.44988080011691517,-0.2217263945871725,0.008839309381882793
4.915,0.006819562929541922,-0.15984959496958306,0.048782392550980005,-0.4423534964410268,-0.21284196569533953,0.008884428891832968
4.92,0.006043484284725975,-0.15057777783182952,0.046608610850879376,-0.4347563400201259,-0.20391382024786867,0.008928145447470864
4.925,0.00531382478139345,-0.14128218271740337,0.04447315819821297,-0.42709053053328055,-0.19494336810242552,0.008970452145443147
4.93,0.0046306996412385,-0.13196427750853115,0.042376371805709606,-0.4193572785006735,-0.18593202579739196,0.00901134230503356
4.9350000000000005,0.003994216737639555,-0.1226255336104592,0.04031858278024737,-0.4115578050924474,-0.17688121632818174,0.00905080946921022
4.94,0.0034044765786257814,-0.11326742571911257,0.03830011607056803,-0.4036933419358677,-0.1677923689225293,0.00908884740565244
4.945,0.002861572291004577,-0.10389143158820591,0.03632129041596386,-0.3957651309208347,-0.15866691881480163,0.009125450107727667
4.95,0.0023655896056566372,-0.09449903179590508,0.03438241829594499,-0.3877744240037743,-0.14950630701935602,0.009160611795445611
4.955,0.0019166068439974814,-0.08509170951101616,0.03248380588089529,-0.37972248300994005,-0.14031198010298856,0.009194326916367457
4.96,0.0015146949056099811,-0.07567095025878108,0.030625752983724514,-0.3716105794341558,-0.13108538995650323,0.00922659014648533
4.965,0.0011599172570482819,-0.0662382416862933,0.02880855301252435,-0.3634399942400324,-0.12182799356544215,0.009257396391061087
4.97,0.0008523299218158531,-0.05679507332758656,0.02703249292423591,-0.3552120176576885,-0.11254125278001073,0.009286740785431416
4.9750000000000005,0.0005919814715184989,-0.04734293636840932,0.025297853179335868,-0.34692794898000806,-0.10322663408423421,0.009314618695776516
4.98,0.0003789130181947264,-0.03788332341076546,0.02360490769754853,-0.3385890963574673,-0.09388560836438319,0.009341025719851029
4.985,0.00021315820782323857,-0.028417728237197622,0.021953923814590718,-0.3301967765915624,-0.08451965067670321,0.009365957687679977
4.99,9.474321501001803e-05,-0.018947645574912374,0.02034516223995636,-0.3217523149268712,-0.0751302400144872,0.009389410662216005
4.995,2.3686738855166478e-05,-0.009474570859741434,0.01877887701574745,-0.31325704484178185,-0.06571885907452382,0.009411380939963382
5.0,0.0,-3.6934477319458363e-16,0.017255315476557846,-0.30471230783792114,-0.05628699402296405,0.009431865051559775
5.005,2.3686738855166478e-05,0.009474570859740695,0.015774718210416268,-0.2961194532283157,-0.04683613426063696,0.00945085976232709
5.01,9.474321501001803e-05,0.018947645574911635,0.014337319020794667,-0.2874798379243199,-0.037367772187856585,0.009468362072780373
5.015,0.00021315820782320525,0.028417728237196883,0.012943344889687947,-0.2787948262213439,-0.02788340296875575,0.009484369219100834
5.0200000000000005,0.00037891301819475975,0.037883323410766064,0.011593015941770871,-0.2700657895834153,-0.018384524295179346,0.009498878673576405
5.025,0.0005919814715185323,0.047342936368411255,0.010286545409637823,-0.2612941064266096,-0.008872636150185256,0.00951188814499409
5.03,0.0008523299218158197,0.05679507332758582,0.009024139600130914,-0.25248116190138176,0.0006507594288231583,0.009523395579008415
5.035,0.0011599172570482485,0.06623824168629257,0.007805997861761739,-0.2436283476738352,0.010184158587285379,0.00953339915846222
5.04,0.001514694905609948,0.07567095025878035,0.006632312553231931,-0.23473706170596154,0.019726055890960055,0.009541897303674676
5.045,0.001916606843997448,0.08509170951101544,0.0055032690130575,-0.22580870803488617,0.02927494456364895,0.009548888672688896
5.05,0.002365589605656604,0.09449903179590434,0.004419045530301728,-0.2168446965511545,0.03882931672513692,0.009554372161487967
5.055,0.0028615722910045435,0.10389143158820517,0.0033798133164212583,-0.2078464427760939,0.04838766362930163,0.00955834690416471
5.0600000000000005,0.003404476578625848,0.11326742571911318,0.0023857364782298254,-0.19881536763828658,0.05794847590236481,0.009560812273063178
5.065,0.003994216737639588,0.12262553361045982,0.0014369719919838837,-0.18975289724918834,0.06751024378123292,0.009561767878868116
5.07,0.004630699641238433,0.13196427750853043,0.0005336696785942384,-0.18066046267792907,0.07707145735191667,0.00956121357068375
5.075,0.005313824781393417,0.14128218271740267,-0.0003240278200324139,-0.17153949972533045,0.08663060678795478,0.009559149436038111
5.08,0.006043484284725909,0.15057777783182882,-0.0011359850635182952,-0.16239144869717623,0.0961861825888386,0.009555575800883814
5.085,0.006819562929541889,0.15984959496958234,-0.001902073834402152,-0.15321775417677136,0.10573667581837765,0.009550493229539048
5.09,0.007641938164026829,0.1690961700032562,-0.0026221731583862787,-0.14401986479682535,0.11528057834297883,0.009543902524601189
5.095,0.008510480125597741,0.1783160427914602,-0.0032961693234397622,-0.1347992330106967,0.1248163830697955,0.009535804726816671
5.1000000000000005,0.009425051661410777,0.18750775740940495,-0.003923955897754929,-0.12555731486303337,0.13434258418472153,0.009526201114926025
5.105,0.010385508350017902,0.19666986237879328,-0.004505433746554162,-0.11629556975984662,0.14385767739016578,0.009515093205444247
5.11,0.011391698524174253,0.20580091089704255,-0.005040511047744431,-0.10701546023805379,0.15336016014261053,0.009502482752444752
5.115,0.012443463294787183,0.2148994610657414,-0.005529103306417065,-0.09771845173452683,0.1628485318898728,0.009488371747262275
5.12,0.013540636576007148,0.22396407611834568,-0.005971133368190478,-0.08840601235468272,0.1723212943080623,0.009472762418189506
5.125,0.014683045111453873,0.2329933246470556,-0.006366531431393742,-0.07907961264065283,0.18177695153817902,0.00945565723011671
5.13,0.015870508501576595,0.2419857808288595,-0.006715235058089077,-0.06974072533906693,0.19121401042233424,0.00943705888415522
5.135,0.01710283923214064,0.2509400246506836,-0.007017189183931526,-0.060390825168489884,0.2006309807395334,0.009416970317199153
5.14,0.01837984270383768,0.259854642133625,-0.007272346126864257,-0.05103138858654611,0.21002637544099592,0.009395394701462528
5.1450000000000005,0.019701317263016358,0.26872822555624426,-0.007480665594648107,-0.04166389355676993,0.21939871088498597,0.009372335443990049
5.15,0.021067054233524694,0.27755937367685174,-0.007642114691224196,-0.03228981931521792,0.22874650707108868,0.009347796186102708
5.155,0.022476837949662588,0.28634669195478407,-0.007756667921908599,-0.02291064613688061,0.23806828787392104,0.009321780802832358
5.16,0.023930445790238817,0.29508879277062056,-0.007824307197418248,-0.013527855101929682,0.24736258127623467,0.009294293402313636
5.165,0.025427648213724775,0.303784295645302,-0.007845021836727438,-0.004142927861838239,0.25662791960135983,0.009265338325125161
5.17,0.026968208794501236,0.3124318274581206,-0.007818808568754493,0.005242653594588895,0.2658628397449646,0.009234920143604775
5.175,0.02855188426019399,0.32103002266355884,-0.0077456715328783,0.014627407175238713,0.2750658834061055,0.009203043661140886
5.18,0.03017842453008844,0.3295775235069205,-0.007625622278284653,0.024009850918729335,0.2842355973175032,0.009169713911397703
5.1850000000000005,0.03184757275462097,0.33807298023873894,-0.007458679762142508,0.03338850322842882,0.29337053347503544,0.009134936157532247
5.19,0.03355906535593662,0.34651505132790894,-0.007244870346610425,0.04276188310641668,0.3024692493663812,0.009098715891345754
5.195,0.03531263206951415,0.3549024036735456,-0.0069842277946736715,0.05212851038735063,0.31153030819883065,0.009061058832449453
5.2,0.037107995986840954,0.3632337128154817,-0.006676793264812664,0.0614869059722015,0.32055227912615136,0.00902197092732071
5.205,0.03894487359914223,0.3715076631434256,-0.0063226153045035614,0.0708355920618205,0.3295337374745497,0.008981458348398363
5.21,0.04082297484214918,0.3797229481047057,-0.005921749842552058,0.08017309239030067,0.3384732649676358,0.008939527493086075
5.215,0.042742003141904274,0.38787827041059303,-0.0054742601802615755,0.08949793245809659,0.34736944995039065,0.008896184982754851
5.22,0.04470165546159225,0.39597234224115396,-0.0049802169814372535,0.09880863976486438,0.35622088761207327,0.008851437661682615
5.2250000000000005,0.04670162234939574,0.4040038854486202,-0.004439698261227317,0.10810374404198728,0.36502618020807404,0.008805292596000769
5.23,0.048741587987357636,0.41197163175921026,-0.00385278937380358,0.11738177748474753,0.3737839372806098,0.008757757072535788
5.235,0.05082123024125623,0.41987432297341887,-0.003219582998883029,0.12664127498411015,0.38249277587831976,0.008708838597709934
5.24,0.05294022071147166,0.42771071116469234,-0.002540179127092627,0.1358807743580805,0.39115132077463294,0.00865854489631318
5.245,0.05509822478484485,0.4354795588764943,-0.0018146850441796273,0.14509881658259988,0.39975820468493933,0.008606883910306395
5.25,0.05729490168751569,0.44317963931770926,-0.0010432153140699173,0.15429394602194196,0.40831206848249163,0.008553863797552297
5.255,0.05952990453873677,0.45080973655637463,-0.00022589176077704128,0.1634647106585752,0.416811561413038,0.00849949293054636
5.26,0.06180288040564935,0.45836864571168656,0.0006371565508352206,0.17260966232245237,0.42525534130811843,0.008443779895080439
5.265,0.06411347035901412,0.4658551731442616,0.001545793335433691,0.18172735691969408,0.433642074796999,0.008386733488880582
5.2700000000000005,0.06646130952989296,0.4732681366446338,0.00249987510873683,0.19081635466062777,0.4419704375172448,0.008328362720245785
5.275,0.06884602716726342,0.48060636561993153,0.003499251210172566,0.19987522028714724,0.45023911432383423,0.008268676806589437
5.28,0.07126724669656566,0.48786870127873105,0.004543763826669348,0.20890252329935627,0.45844679949684364,0.008207685173009405
5.285,0.0737245857791687,0.49505399681404527,0.005633248017576655,0.21789683818146138,0.4665921969476401,0.008145397450796454
5.29,0.07621765637274543,0.5021611175844155,0.006767531740711042,0.22685674462687744,0.47467402042354434,0.008081823475904248
5.295,0.07874606479254775,0.5091889412930819,0.007946435879523593,0.23578082776251003,0.4826909937109371,0.008016973287392759
5.3,0.08130941177357627,0.5161363581652126,0.009169774271384497,0.24466767837218095,0.49064185083680256,0.007950857125865463
5.305,0.08390729253362751,0.5230022711231466,0.010437353736980293,0.2535158931191593,0.4985253362686319,0.007883485431829318
5.3100000000000005,0.08653929683721456,0.5297855959596375,0.011748974110819115,0.26232407476776454,0.5063402051126917,0.007814868844059852
5.315,0.08920500906034524,0.536485261509055,0.013104428272839148,0.2710908324040068,0.514085223310589,0.007745018197897302
5.32,0.09190400825615871,0.5431002098165467,0.014503502181115287,0.2798147816552279,0.5217591678341746,0.007673944523585607
5.325,0.09463586822139344,0.54962939630509,0.015945974905658834,0.28849454490870974,0.529360826878644,0.007601659044469411
5.33,0.09740015756369252,0.5560717899404507,0.01743161866330491,0.29712875152921553,0.5368890000539156,0.007528173175271546
5.335,0.1001964397697242,0.5624263733939912,0.018960198853682057,0.3057160380754291,0.5443424985741754,0.0074534985202597825
5.34,0.10302427327411297,0.5686921432033202,0.020531474096258346,0.314255048515258,0.5517201454456059,0.007377646871430499
5.345,0.10588321152916642,0.5748681099307481,0.022145196268458178,0.3227444344399662,0.5590207756522367,0.007300630206630854
5.3500000000000005,0.10877280307539344,0.5809532983195371,0.023801110544843698,0.3311828552771042,0.5662432363399343,0.007222460687697607
5.355,0.11169259161279006,0.5869467474478954,0.0254989554373547,0.33956897850220047,0.5733863869984206,0.0071431506584862525
5.36,0.1146421160728997,0.5928475108807292,0.027238462836600613,0.3479014798491827,0.5804490996414052,0.0070627126429846365
5.365,0.11762091069161822,0.5986546568190886,0.029019358054198086,0.3561790435194947,0.5874302589846887,0.006981159343283472
5.37,0.12062850508274438,0.6043672682473121,0.03084135986614747,0.36440036238987666,0.594328762622285,0.006898503637596254
5.375,0.12366442431225792,0.6099844430778308,0.032704180557241336,0.37256413821877415,0.6011435212004945,0.006814758578209568
5.38,0.12672818897331942,0.6155052942936237,0.03460752596649807,0.3806690818513467,0.6078734585899415,0.006729937389446938
5.385,0.12981931526197296,0.6209289500882846,0.03655109553361326,0.3887139134230388,0.6145175120554981,0.006644053465556632
5.39,0.1329373150535433,0.6262545540036891,0.038534582346421695,0.3966973625616867,0.6210746324240973,0.006557120368599234
5.3950000000000005,0.13608169597971925,0.631481265065244,0.04055767318936232,0.4046181685881243,0.6275437842504257,0.006469151826328345
5.4,0.13925196150630123,0.6366082579146821,0.042620048592938616,0.41247508071525935,0.6339239459804138,0.006380161729988121
5.405,0.14244761101161132,0.6416347229403977,0.04472138288416655,0.4202668582455865,0.6402141101125611,0.006290164132147336
5.41,0.14566813986554786,0.6465598664052953,0.04686134423800209,0.4279922707671087,0.6464132833570354,0.006199173244474276
5.415,0.14891303950927182,0.6513829105721284,0.04903959472974025,0.4356500983476331,0.652520486792522,0.006107203435486541
5.42,0.1521817975355124,0.6561030938263114,0.05125579038837731,0.4432391317274121,0.6585347560207949,0.006014269228272973
5.425,0.1554738977694851,0.6607196707961908,0.053509581250927814,0.4507581725101004,0.6644551413190268,0.005920385298231912
5.43,0.15878882035039968,0.6652319124707459,0.05580061141768779,0.458206033351995,0.6702807077897474,0.005825566470720522
5.4350000000000005,0.16212604181355386,0.6696391063147104,0.05812851910843544,0.4655815381495304,0.6760105355084852,0.005729827718737868
5.44,0.16548503517299032,0.6739405563810836,0.060492936719560436,0.47288352222499946,0.6816437196690088,0.005633184160523608
5.445,0.1688652700047204,0.6781355834210381,0.06289349088211278,0.4801108325104696,0.6871793707262468,0.005535651057237967
5.45,0.17226621253047827,0.6822235249911728,0.0653298025207621,0.48726232772986494,0.6926166145367195,0.005437243810472725
5.455,0.17568732570201456,0.6862037355581254,0.06780148691365805,0.49433687857918757,0.6979545924966016,0.005337977959882112
5.46,0.17912806928590083,0.6900755866005073,0.07030815375318228,0.5013333679048475,0.7031924616772942,0.005237869180692578
5.465,0.18258789994883917,0.6938384667081555,0.07284940720758265,0.5082506908800749,0.7083293949585368,0.0051369332812425395
5.47,0.18606627134345932,0.6974917816786794,0.07542484598347957,0.5150877551793833,0.7133645811590088,0.005035186200472053
5.4750000000000005,0.18956263419459704,0.701034954611296,0.07803406338923488,0.5218434811510623,0.7182972251644492,0.004932644005440356
5.48,0.193076436386025,0.7044674259979233,0.08067664739917321,0.5285168019876658,0.7231265480531758,0.004829322888726617
5.485,0.1966071230476449,0.7077886538115401,0.08335218071864559,0.5351066638944743,0.7278517872191276,0.0047252391659518
5.49,0.2001541366431038,0.7109981135917738,0.08606024084992508,0.5416120262559005,0.7324721964922633,0.004620409273135673
5.495,0.2037169170578372,0.7140952985277201,0.08880040015892417,0.5480318617998153,0.7369870462564003,0.004514849764137074
5.5,0.20729490168751563,0.7170797195379732,0.09157222594272299,0.5543651567597649,0.7413956235644171,0.004408577308016803
5.505,0.21088752552688914,0.7199509053478594,0.09437528049789828,0.5606109110350577,0.7456972322508539,0.004301608686436809
5.51,0.21449422125900705,0.722708402563856,0.09720912118964173,0.56676813834869,0.7498911930418364,0.004193960790982443
5.515,0.21811441934480214,0.7253517757451857,0.1000733005216572,0.5728358664030924,0.7539768436623318,0.0040856506204953735
5.5200000000000005,0.2217475481130309,0.7278806074725811,0.10296736620682552,0.5788131370336655,0.7579535389407503,0.003976695278418596
5.525,0.2253930338505438,0.7302944984141968,0.10589086123862596,0.5846990063600864,0.7618206509108053,0.0038671119700549594
5.53,0.2290503008928826,0.7325930673886702,0.10884332396330273,0.5904925449353571,0.765577568910685,0.00375691799987965
5.535,0.2327187717151854,0.7347759514253148,0.11182428815276561,0.5961928378925756,0.7692236996794884,0.0036461307688034905
5.54,0.23639786702338367,0.7368428058214365,0.11483328307821264,0.6017989850894044,0.7727584674509033,0.003534767771414815
5.545,0.24008700584567774,0.7387933041967659,0.1178698335844637,0.6073101012502123,0.7761813140441157,0.0034228465932124585
5.55,0.24378560562428225,0.7406271385449991,0.12093346016499307,0.612725316105871,0.7794916989519729,0.003310384907857178
5.555,0.24749308230741657,0.7423440192824337,0.12402367903764897,0.6180437745311794,0.7826890994263223,0.0031974004743493545
5.5600000000000005,0.2512088504415351,0.7439436752936992,0.12714000222104846,0.6232646366798985,0.7857730105605705,0.0030839111342482184
5.565,0.25493232326377285,0.7454258539745668,0.1302819376116353,0.6283870781173729,0.7887429453693866,0.0029699348088161326
5.57,0.25866291279460885,0.7467903212718413,0.1334489890613889,0.6334102899507186,0.7915984348656455,0.0028554894962589117
5.575,0.26240002993070877,0.7480368617203189,0.13664065645617168,0.6383334789565559,0.7943390281344472,0.0027405932688017165
5.58,0.2661430845379553,0.7491652784768124,0.13985643579470303,0.6431558677062694,0.796964292404348,0.002625264269900729
5.585,0.2698914855446351,0.750175393351235,0.14309581926814688,0.6478766946887727,0.7994738131156862,0.0025095207113382534
5.59,0.2736446410347769,0.7510670468347383,0.14635829534030068,0.6524952144307601,0.801867193986054,0.0023933808703677784
5.595,0.2774019583416198,0.7518400981249012,0.1496433488283728,0.6570106976144242,0.8041440570728602,0.002276863086806191
5.6000000000000005,0.28116284414120646,0.7524944251479633,0.15295046098433593,0.6614224311926256,0.8063040428330389,0.0021599857601787287
5.605,0.2849267045460694,0.7530299245781022,0.15627910957684338,0.6657297185014894,0.8083468101797866,0.002042767346747687
5.61,0.2886929451990196,0.7534465118537504,0.15962876897369546,0.6699318793704181,0.8102720365364644,0.0019252263566778005
5.615,0.2924609713669985,0.7537441211909479,0.16299891022484295,0.6740282502294973,0.8120794178875136,0.0018073813510491865
5.62,0.2962301880349943,0.7539227055937304,0.16638900114591434,0.6780181842142821,0.81376866882647,0.0016892509389564436
5.625,0.2999999999999998,0.7539822368615503,0.16979850640225405,0.6819010512679432,0.8153395226010212,0.0015708537745511286
5.63,0.3037698119650054,0.7539227055937304,0.17322688759345786,0.6856762382407617,0.8167917311551498,0.0014522085541286422
5.635,0.30753902863300114,0.7537441211909479,0.1766736033383926,0.6893431489869508,0.8181250651682933,0.0013333340131435056
5.64,0.31130705480098003,0.7534465118537506,0.18013810936068658,0.6929012044587954,0.8193393140915485,0.0012142489232551679
5.6450000000000005,0.3150732954539308,0.7530299245781021,0.18361985857467703,0.6963498427980903,0.8204342861809406,0.0010949720893921322
5.65,0.3188371558587943,0.7524944251479632,0.18711830117180134,0.6996885194248641,0.8214098085276808,0.000975522346740143
5.655,0.32259804165837985,0.7518400981249013,0.1906328847074182,0.702916707123374,0.8222657270854777,0.0008559185577969863
5.66,0.3263553589652227,0.7510670468347385,0.194163054188045,0.7060338961253599,0.8230019066948727,0.0007361796093949824
5.665,0.33010851445536454,0.7501753933512351,0.1977082521589977,0.7090395941905433,0.8236182311045748,0.0006163244097020515
5.67,0.3338569154620443,0.7491652784768125,0.20126791879241948,0.7119333266843562,0.8241146029898081,0.0004963718852333265
5.675,0.3375999700692909,0.748036861720319,0.20484149197568394,0.7147146366528927,0.8244909439677016,0.00037634097789351895
5.68,0.3413370872053908,0.7467903212718415,0.20842840740015928,0.717383084895067,0.824747194609652,0.00025625064195033964
5.6850000000000005,0.34506767673622735,0.7454258539745668,0.2120280986503191,0.7199382500319677,0.8248833144507184,0.00013611984106642883
5.69,0.348791149558465,0.7439436752936992,0.2156399972931861,0.7223797285733993,0.8248992819959873,1.5967545268891215e-05
5.695,0.3525069176925831,0.7423440192824339,0.2192635329680941,0.7247071349815978,0.8247950947240082,-0.00010418727197902822
5.7,0.35621439437571745,0.7406271385449992,0.22289813347675463,0.726920101732111,0.8245707690871524,-0.00022432563685581552
5.705,0.35991299415432193,0.738793304196766,0.2265432248736138,0.7290182793718354,0.8242263405090416,-0.0003444285781107892
5.71,0.363602132976616,0.7368428058214367,0.2301982315564848,0.731001336574199,0.8237618633789413,-0.0004644771301003381
5.715,0.36728122828481424,0.7347759514253149,0.2338625763574422,0.7328689601914814,0.8231774110431774,-0.0005844523357638742
5.72,0.370949699107117,0.7325930673886705,0.23753568063396352,0.734620855304263,0.8224730757935428,-0.0007043352496346467
5.7250000000000005,0.37460696614945693,0.7302944984141964,0.24121696436030352,0.7362567452679971,0.8216489688527485,-0.0008241069407942669
5.73,0.37825245188696927,0.727880607472581,0.24490584621908698,0.7377763717566943,0.8207052203568197,-0.00094374849592882
5.735,0.38188558065519757,0.725351775745186,0.24860174369310556,0.739179494803716,0.819641979334592,-0.0010632410222276567
5.74,0.3855057787409926,0.7227084025638562,0.2523040731573039,0.7404658928396676,0.8184594136841477,-0.0011825656504443893
5.745,0.38911247447311054,0.7199509053478597,0.25601224997094085,0.741635362727387,0.8171577101463143,-0.0013017035378333208
5.75,0.39270509831248407,0.7170797195379734,0.25972568856991096,0.7426877197940217,0.8157370742751648,-0.0014206358711494893
5.755,0.39628308294216247,0.7140952985277204,0.2634438025592119,0.7436227978601921,0.8141977304055747,-0.001539343869590093
5.76,0.39984586335689587,0.7109981135917741,0.26716600480554303,0.7444404492662313,0.8125399216177885,-0.001657808787786208
5.765,0.4033928769523548,0.7077886538115404,0.27089170753002056,0.7451405448955039,0.8107639096990263,-0.0017760119187621992
5.7700000000000005,0.4069235636139752,0.7044674259979231,0.27462032240099454,0.745722974194794,0.8088699751021632,-0.001893934596863156
5.775,0.41043736580540363,0.7010349546112953,0.27835126062695337,0.7461876451917641,0.8068584169014248,-0.0020115582007383948
5.78,0.4139337286565404,0.6974917816786798,0.28208393304950075,0.7465344845094766,0.8047295527451669,-0.0021288641562579036
5.785,0.4174121000511605,0.6938384667081559,0.28581775023639067,0.7467634373779827,0.8024837188057207,-0.002245833939446218
5.79,0.42087193071409884,0.6900755866005076,0.2895521225746055,0.7468744676429705,0.8001212697263035,-0.0023624490794171837
5.795,0.4243126742979851,0.6862037355581257,0.29328646036346284,0.746867557771474,0.7976425785650054,-0.0024786911612980633
5.8,0.42773378746952145,0.6822235249911731,0.29702017390773605,0.746742708854642,0.7950480367358975,-0.002594541829107899
5.805,0.4311347299952793,0.6781355834210385,0.3007526736107739,0.746499940607566,0.7923380539472109,-0.0027099827886866157
5.8100000000000005,0.43451496482700985,0.6739405563810834,0.30448337006760473,0.7461392913661661,0.7895130581366488,-0.0028249958105620587
5.815,0.4378739581864463,0.6696391063147101,0.30821167415801043,0.7456608180811383,0.7865734954037874,-0.002939562732861445
5.82,0.44121117964960005,0.6652319124707463,0.31193699713955525,0.745064596308961,0.7835198299396672,-0.0030536654641202254
5.825,0.44452610223051464,0.6607196707961911,0.31565875074055505,0.7443507201999638,0.7803525439534578,-0.0031672859862094116
5.83,0.4478182024644873,0.6561030938263117,0.31937634725297237,0.7435193024834597,0.777072137596336,-0.00328040635712179
5.835,0.45108696049072783,0.6513829105721288,0.3230891996252221,0.7425704744499441,0.7736791288824932,-0.003393008713842738
5.84,0.45433186013445176,0.6465598664052956,0.3267967215548739,0.7415043859303632,0.7701740536073413,-0.003505075275151981
5.845,0.4575523889883884,0.6416347229403981,0.33049832758123615,0.7403212052724522,0.7665574652628935,-0.0036165883444477798
5.8500000000000005,0.46074803849369933,0.6366082579146811,0.3341934331778069,0.739021119314153,0.7628299349503803,-0.003727530312513161
5.855,0.4639183040202809,0.6314812650652438,0.3378814548445775,0.7376043333541096,0.7589920512900402,-0.0038378836603401023
5.86,0.4670626849464563,0.6262545540036896,0.34156181020017373,0.7360710711192487,0.7550444203281973,-0.003947630961842918
5.865,0.4701806847380267,0.6209289500882851,0.345233918073821,0.7344215747294516,0.7509876654415444,-0.0040567548866529135
5.87,0.4732718110266803,0.6155052942936242,0.3488971985971176,0.7326561046593196,0.7468224272387071,-0.004165238202837318
5.875,0.47633557568774176,0.6099844430778314,0.3525510732956028,0.730774939697043,0.7425493634590771,-0.004273063779629993
5.88,0.47937149491725534,0.6043672682473126,0.3561949651801047,0.7287783769003766,0.7381691488689637,-0.004380214590113396
5.885,0.48237908930838147,0.598654656819089,0.35982829883785333,0.7266667315497306,0.7336824751550289,-0.004486673713934741
5.89,0.4853578839271,0.5928475108807297,0.36345050052334527,0.7244403370983847,0.7290900508150598,-0.004592424339969092
5.8950000000000005,0.4883074083872101,0.5869467474478952,0.36706099824894445,0.7220995451198322,0.7243926010461008,-0.004697449768959028
5.9,0.4912271969246071,0.5809532983195359,0.3706592218752058,0.7196447252522619,0.7195908676299225,-0.004801733416178289
5.905,0.4941167884708333,0.5748681099307487,0.37424460320090674,0.7170762651401879,0.7146856088158927,-0.0049052588140298115
5.91,0.49697572672588675,0.5686921432033207,0.3778165760527729,0.7143945703732364,0.709677599201244,-0.005008009614648756
5.915,0.4998035602302755,0.5624263733939916,0.3813745763748834,0.7116000644220984,0.7045676296087515,-0.005109969592492436
5.92,0.5025998424363072,0.5560717899404513,0.38491804231774174,0.7086931885716585,0.699356506961846,-0.005211122646905486
5.925,0.5053641317786063,0.5496293963050906,0.3884464143269983,0.7056744018513111,0.6940450541572051,-0.005311452804640959
5.93,0.508095991743841,0.5431002098165473,0.39195913523181064,0.7025441809624744,0.6886341099347989,-0.005410944222406178
5.9350000000000005,0.5107949909396549,0.5364852615090545,0.3954556503328272,0.699303020203313,0.6831245287454497,-0.005509581189349189
5.94,0.5134607031627856,0.5297855959596371,0.3989354074897806,0.6959514313906837,0.6775171806158886,-0.005607348129561096
5.945,0.5160927074663723,0.5230022711231471,0.4023978572086772,0.6924899437793129,0.6718129510113933,-0.005704229604495348
5.95,0.5186905882264236,0.5161363581652132,0.40584245272856834,0.6889191039782213,0.6660127406959401,-0.0058002103154531914
5.955,0.521253935207452,0.5091889412930826,0.4092686501078904,0.6852394758644078,0.660117465589977,-0.005895275105963105
5.96,0.5237823436272544,0.5021611175844162,0.4126759083103594,0.6814516404938072,0.6541280566257857,-0.005989408964191312
5.965,0.526275414220831,0.4950539968140458,0.41606368929040705,0.6775561960095349,0.6480454596004728,-0.006082597025312886
5.97,0.528732753303434,0.48786870127873166,0.4194314580781442,0.673553757547432,0.6418706350266175,-0.00617482457385532
5.9750000000000005,0.5311539728327371,0.4806063656199301,0.42277868286383885,0.6694449571389296,0.6356045579806073,-0.006266077046010121
5.98,0.5335386904701072,0.47326813664463346,0.42610483508189506,0.6652304436112427,0.6292482179486365,-0.006356340031970831
5.985,0.5358865296409856,0.4658551731442623,0.4294093894943196,0.6609108824849136,0.6228026186704867,-0.006445599278149805
5.99,0.5381971195943503,0.45836864571168723,0.4326918242736632,0.6564869558687181,0.6162687779810037,-0.006533840689483039
5.995,0.540470095461263,0.4508097365563753,0.43595162108542296,0.6519593623519527,0.6096477276493771,-0.006621050331626521
6.0,0.542705098312484,0.44317963931770993,0.43918826516989357,0.6473288168941193,0.6029405132162028,-0.006707214433174347
6.005,0.5449017752151549,0.435479558876495,0.4424012454234537,0.6425960507120247,0.5961481938283958,-0.006792319387807
6.01,0.5470597792885282,0.4277107111646931,0.4455900544792753,0.637761811164313,0.5892718420719274,-0.006876351756468391
6.015000000000001,0.5491787697587439,0.4198743229734184,0.44875418878744255,0.6328268616334488,0.5823125438024507,-0.006959298269476721
6.0200000000000005,0.5512584120126425,0.4119716317592098,0.4518931486944684,0.627791981405171,0.5752713979738365,-0.007041145828614148
6.025,0.5532983776506046,0.40400388544861865,0.4550064385221956,0.6226579655454338,0.568149516464638,-0.007121881509198569
6.03,0.5552983445384075,0.39597234224115463,0.45809356664606987,0.6174256247748569,0.5609480239025015,-0.0072014925621364245
6.035,0.5572579968580955,0.3878782704105938,0.4611540455727734,0.6120957853407031,0.5536680574865865,-0.007279966415914996
6.04,0.5591770251578506,0.37972294810470636,0.46418739201720544,0.6066692888864046,0.5463107668079838,-0.00735729067860269
6.045,0.5610551264008576,0.3715076631434263,0.4671931269787987,0.6011469923186574,0.5388773136681771,-0.0074334531398067005
6.05,0.5628920040131589,0.36323371281548245,0.47017077581715927,0.5955297676721061,0.5313688718955893,-0.007508441772587804
6.055,0.5646873679304857,0.35490240367354625,0.47311986832701747,0.5898185019716393,0.5237866271602177,-0.007582244735371613
6.0600000000000005,0.5664409346440634,0.3465150513279085,0.4760399388124791,0.5840140970923182,0.5161317767864042,-0.0076548503738135265
6.065,0.5681524272453791,0.33807298023873844,0.47893052616056386,0.57811746961696,0.5084055295637555,-0.007726247222648697
6.07,0.5698215754699114,0.32957752350692127,0.4817911739140209,0.5721295506913989,0.5006091055562784,-0.007796424007477154
6.075,0.5714481157398058,0.3210300226635596,0.4846214303434081,0.5660512858774476,0.4927437359096985,-0.007865369646579856
6.08,0.5730317912054986,0.31243182745812137,0.487420848518426,0.5598836350035814,0.48481066265706446,-0.007933073252634038
6.085,0.5745723517862751,0.3037842956453028,0.49018898637849284,0.5536275720133712,0.4768111385226044,-0.007999524134460034
6.09,0.576069554209761,0.29508879277062133,0.49292540680255126,0.5472840848116858,0.46874642672391414,-0.008064711798690283
6.095,0.5775231620503373,0.28634669195478485,0.4956296776780947,0.5408541751086902,0.4606178007724739,-0.00812862595144026
6.1000000000000005,0.5789329457664756,0.27755937367685,0.498301371969403,0.5343388582616644,0.4524265442725542,-0.008191256499919697
6.105,0.5802986827369837,0.2687282255562438,0.5009400677849764,0.5277391631146665,0.44417395071850857,-0.008252593554045617
6.11,0.5816201572961622,0.25985464213362586,0.5035453484441567,0.5210561318360664,0.43586132329052796,-0.008312627427980612
6.115,0.5828971607678592,0.2509400246506844,0.5061168025429266,0.514290819753975,0.42748997464884675,-0.008371348641681209
6.12,0.5841294914984233,0.24198578082886027,0.5086540240188745,0.5074442951895961,0.41906122672645973,-0.008428747922387014
6.125,0.585316954888546,0.2329933246470564,0.5111566122153172,0.500517639288526,0.41057641052037164,-0.008484816206088097
6.13,0.5864593634239927,0.22396407611834646,0.5136241719445673,0.4935119458500278,0.4020368658814212,-0.008539544638950458
6.135,0.5875565367052127,0.2148994610657422,0.5160563135503389,0.48642832115430784,0.3934439413027007,-0.008592924578720462
6.140000000000001,0.5886083014758258,0.20580091089704208,0.518452652969278,0.4792678837878216,0.3847989937066135,-0.008644947596087194
6.1450000000000005,0.5896144916499821,0.19666986237879278,0.5208128117916112,0.47203176446663564,0.37610338823059963,-0.00869560547601389
6.15,0.5905749483385894,0.18750775740940315,0.5231364173209005,0.46472110585787463,0.3673584980115671,-0.00874489021903252
6.155,0.5914895198744021,0.17831604279146104,0.5254231026328969,0.4573370623992807,0.358565703969055,-0.008792794042512098
6.16,0.5923580618359731,0.169096170003257,0.5276725066334815,0.44988080011691445,0.3497263945871725,-0.008839309381882543
6.165,0.593180437070458,0.15984959496958315,0.5298842741156866,0.44235349644102606,0.34084196569533903,-0.00888442889183344
6.17,0.5939565157152741,0.15057777783182963,0.5320580558157872,0.43475634002012525,0.3319138202478694,-0.008928145447469615
6.175,0.5946861752186064,0.14128218271740348,0.5341935084684536,0.4270905305332799,0.3229433681024253,-0.008970452145444119
6.18,0.5953693003587615,0.13196427750853124,0.5362902948609569,0.41935727850067284,0.31393202579739243,-0.009011342305032866
6.1850000000000005,0.5960057832623604,0.12262553361045932,0.5383480838864192,0.4115578050924467,0.3048812163281826,-0.00905080946920983
6.19,0.5965955234213741,0.11326742571911268,0.5403665505960985,0.4036933419358671,0.2957923689225294,-0.009088847405653189
6.195,0.5971384277089954,0.10389143158820599,0.5423453762507027,0.3957651309208341,0.28666691881480233,-0.009125450107727084
6.2,0.5976344103943434,0.09449903179590517,0.5442842483707215,0.3877744240037738,0.27750630701935713,-0.009160611795445195
6.205,0.5980833931560025,0.08509170951101626,0.5461828607857713,0.37972248300993955,0.2683119801029891,-0.009194326916368012
6.21,0.59848530509439,0.07567095025878116,0.548040913682942,0.3716105794341554,0.259085389956504,-0.009226590146485136
6.215,0.5988400827429516,0.0662382416862934,0.5498581136541422,0.3634399942400321,0.24982799356544236,-0.009257396391061629
6.22,0.5991476700781841,0.05679507332758665,0.5516341737424306,0.3552120176576882,0.2405412527800117,-0.009286740785430653
6.2250000000000005,0.5994080185284815,0.047342936368409416,0.5533688134873307,0.3469279489800078,0.23122663408423488,-0.009314618695776822
6.23,0.5996210869818053,0.03788332341076555,0.555061758969118,0.33858909635746715,0.2218856083643839,-0.009341025719850987
6.235,0.5997868417921768,0.028417728237197716,0.5567127428520758,0.33019677659156227,0.21251965067670406,-0.009365957687679838
6.24,0.59990525678499,0.018947645574912464,0.5583215044267102,0.3217523149268711,0.20313024001448776,-0.009389410662216296
6.245,0.5999763132611449,0.009474570859741526,0.5598877896509191,0.3132570448417818,0.1937188590745244,-0.009411380939963354
6.25,0.6,4.616809664932295e-16,0.5614113511901088,0.30471230783792114,0.1842869940229645,-0.009431865051559907
6.255,0.5999763132611449,-0.009474570859740603,0.5628919484562503,0.29611945322831573,0.1748361342606375,-0.009450859762327013
6.26,0.59990525678499,-0.018947645574911545,0.564329347645872,0.28747983792431997,0.16536777218785678,-0.009468362072780706
6.265000000000001,0.5997868417921768,-0.02841772823719813,0.5657233217769787,0.278794826221344,0.15588340296875575,-0.009484369219101035
6.2700000000000005,0.5996210869818053,-0.037883323410765966,0.5670736507248958,0.2700657895834155,0.14638452429517962,-0.009498878673576128
6.275,0.5994080185284815,-0.047342936368411165,0.5683801212570289,0.2612941064266098,0.13687263615018525,-0.009511888144994374
6.28,0.5991476700781841,-0.056795073327585724,0.5696425270665357,0.2524811619013819,0.12734924057117655,-0.009523395579008692
6.285,0.5988400827429518,-0.06623824168629248,0.5708606688049049,0.2436283476738354,0.11781584141271473,-0.009533399158461825
6.29,0.59848530509439,-0.07567095025878026,0.5720343541134347,0.23473706170596173,0.10827394410903968,-0.009541897303675051
6.295,0.5980833931560025,-0.08509170951101534,0.5731633976536091,0.22580870803488637,0.09872505543635046,-0.009548888672689215
6.3,0.5976344103943434,-0.09449903179590426,0.5742476211363648,0.2168446965511547,0.08917068327486329,-0.009554372161487176
6.305,0.5971384277089954,-0.10389143158820506,0.5752868533502453,0.20784644277609413,0.07961233637069848,-0.009558346904164808
6.3100000000000005,0.5965955234213741,-0.11326742571911307,0.5762809301884367,0.19881536763828678,0.07005152409763551,-0.009560812273062963
6.315,0.5960057832623603,-0.12262553361045972,0.5772296946746827,0.18975289724918853,0.06048975621876709,-0.009561767878868421
6.32,0.5953693003587616,-0.13196427750853032,0.5781329969880723,0.18066046267792923,0.05092854264808405,-0.009561213570683041
6.325,0.5946861752186066,-0.14128218271740256,0.5789906944866989,0.17153949972533056,0.04136939321204584,-0.009559149436038215
6.33,0.5939565157152741,-0.1505777778318287,0.5798026517301849,0.16239144869717637,0.03181381741116223,-0.009555575800883606
6.335,0.5931804370704582,-0.15984959496958226,0.5805687405010688,0.1532177541767715,0.022263324181623488,-0.009550493229538742
6.34,0.5923580618359732,-0.1690961700032561,0.5812888398250529,0.1440198647968255,0.012719421657021446,-0.009543902524602042
6.345,0.5914895198744022,-0.17831604279146013,0.5819628359901063,0.13479923301069685,0.003183616930204844,-0.009535804726816602
6.3500000000000005,0.5905749483385891,-0.18750775740940487,0.5825906225644215,0.12555731486303356,-0.0063425841847214795,-0.009526201114926323
6.355,0.589614491649982,-0.19666986237879314,0.5831721004132208,0.11629556975984683,-0.015857677390165692,-0.009515093205444212
6.36,0.5886083014758258,-0.20580091089704247,0.583707177714411,0.10701546023805404,-0.025360160142610035,-0.009502482752444343
6.365,0.5875565367052128,-0.21489946106574132,0.5841957699730836,0.09771845173452713,-0.0348485318898727,-0.009488371747262664
6.37,0.5864593634239931,-0.2239640761183443,0.5846378000348571,0.08840601235468303,-0.04432129430806028,-0.009472762418187584
6.375,0.5853169548885463,-0.23299332464705422,0.5850331980980603,0.07907961264065314,-0.05377695153817756,-0.009455657230117279
6.38,0.5841294914984232,-0.24198578082886066,0.5853819017247557,0.06974072533906722,-0.06321401042233521,-0.009437058884157648
6.385,0.5828971607678594,-0.2509400246506835,0.5856838558505981,0.06039082516849016,-0.07263098073953309,-0.009416970317197876
6.390000000000001,0.581620157296162,-0.25985464213362747,0.5859390127935309,0.0510313885865464,-0.08202637544099783,-0.009395394701464749
6.3950000000000005,0.5802986827369834,-0.2687282255562455,0.5861473322613148,0.04166389355677021,-0.09139871088498763,-0.009372335443989799
6.4,0.5789329457664754,-0.2775593736768517,0.5863087813578909,0.0322898193152183,-0.1007465070710884,-0.009347796186100765
6.405,0.5775231620503374,-0.28634669195478396,0.5864233345885753,0.02291064613688106,-0.11006828787392144,-0.009321780802833038
6.41,0.5760695542097611,-0.2950887927706205,0.586490973864085,0.013527855101930041,-0.11936258127623536,-0.009294293402313927
6.415,0.5745723517862754,-0.30378429564530074,0.5865116885033942,0.004142927861838595,-0.12862791960135903,-0.009265338325123662
6.42,0.573031791205499,-0.3124318274581193,0.5864854752354213,-0.005242653594588682,-0.13786283974496377,-0.009234920143604747
6.425,0.5714481157398058,-0.32103002266356,0.5864123381995451,-0.014627407175238617,-0.14706588340610763,-0.009203043661143856
6.43,0.5698215754699113,-0.3295775235069216,0.5862922889449514,-0.02400985091872923,-0.1562355973175056,-0.00916971391139798
6.4350000000000005,0.5681524272453793,-0.3380729802387376,0.5861253464288093,-0.03338850322842875,-0.16537053347503444,-0.009134936157528833
6.44,0.5664409346440632,-0.34651505132791005,0.5859115370132773,-0.04276188310641666,-0.1744692493663833,-0.009098715891348863
6.445,0.5646873679304859,-0.3549024036735455,0.5856508944613404,-0.05212851038735056,-0.18353030819883126,-0.009061058832447955
6.45,0.562892004013159,-0.36323371281548167,0.5853434599314794,-0.06148690597220138,-0.19255227912615241,-0.009021970927321155
6.455,0.5610551264008578,-0.3715076631434255,0.5849892819711703,-0.07083559206182052,-0.20153373747455025,-0.008981458348397836
6.46,0.5591770251578508,-0.3797229481047056,0.5845884165092188,-0.08017309239030085,-0.210473264967636,-0.008939527493085742
6.465,0.557257996858096,-0.38787827041059186,0.5841409268469283,-0.0894979324580967,-0.2193694499503893,-0.008896184982753297
6.47,0.5552983445384075,-0.395972342241155,0.583646883648104,-0.09880863976486462,-0.2282208876120751,-0.008851437661685807
6.4750000000000005,0.5532983776506045,-0.40400388544861904,0.583106364927894,-0.10810374404198754,-0.23702618020807278,-0.008805292595997688
6.48,0.5512584120126427,-0.4119716317592091,0.5825194560404703,-0.11738177748474785,-0.24578393728060788,-0.008757757072535094
6.485,0.5491787697587435,-0.41987432297341987,0.5818862496655497,-0.12664127498411049,-0.25449277587832186,-0.008708838597713986
6.49,0.547059779288528,-0.42771071116469345,0.5812068457937593,-0.13588077435808082,-0.2631513207746351,-0.008658544896313236
6.495,0.5449017752151551,-0.4354795588764942,0.5804813517108462,-0.1450988165826001,-0.27175820468493905,-0.008606883910303953
6.5,0.5427050983124844,-0.44317963931770915,0.5797098819807366,-0.1542939460219423,-0.2803120684824909,-0.008553863797551853
6.505,0.5404700954612632,-0.4508097365563745,0.5788925584274437,-0.16346471065857546,-0.28881156141303793,-0.008499492930547026
6.51,0.538197119594351,-0.4583686457116855,0.5780295101158315,-0.17260966232245248,-0.2972553413081159,-0.00844377989507794
6.515000000000001,0.5358865296409856,-0.4658551731442626,0.577120873331233,-0.18172735691969433,-0.3056420747970011,-0.008386733488885245
6.5200000000000005,0.533538690470107,-0.4732681366446338,0.5761667915579298,-0.19081635466062813,-0.3139704375172446,-0.00832836272024351
6.525,0.5311539728327369,-0.4806063656199304,0.5751674154564941,-0.19987522028714755,-0.3222391143238319,-0.008268676806587272
6.53,0.5287327533034347,-0.48786870127872994,0.5741229028399973,-0.20890252329935652,-0.33044679949684097,-0.008207685173009072
6.535,0.5262754142208309,-0.49505399681404616,0.5730334186490901,-0.2178968381814616,-0.33859219694764275,-0.008145397450801783
6.54,0.5237823436272546,-0.5021611175844155,0.5718991349259557,-0.2268567446268775,-0.34667402042354445,-0.008081823475901695
6.545,0.5212539352074522,-0.5091889412930819,0.5707202307871432,-0.23578082776251022,-0.3546909937109375,-0.008016973287393037
6.55,0.5186905882264237,-0.5161363581652126,0.5694968923952822,-0.24466767837218112,-0.3626418508368035,-0.007950857125866018
6.555,0.5160927074663725,-0.5230022711231466,0.5682293129296865,-0.2535158931191593,-0.37052533626863227,-0.007883485431828763
6.5600000000000005,0.5134607031627855,-0.5297855959596374,0.5669176925558477,-0.26232407476776437,-0.3783402051126921,-0.007814868844059852
6.565,0.5107949909396547,-0.5364852615090548,0.5655622383938277,-0.2710908324040068,-0.38608522331058986,-0.007745018197897746
6.57,0.5080959917438417,-0.5431002098165457,0.5641631644855516,-0.2798147816552279,-0.3937591678341731,-0.0076739445235832204
6.575,0.505364131778607,-0.549629396305089,0.562720691761008,-0.28849454490870974,-0.40136082687864283,-0.007601659044469744
6.58,0.5025998424363071,-0.5560717899404516,0.561235048003362,-0.2971287515292156,-0.4088890000539193,-0.007528173175276487
6.585,0.4998035602302754,-0.5624263733939919,0.5597064678129848,-0.30571603807542913,-0.4163424985741794,-0.00745349852026006
6.59,0.496975726725887,-0.5686921432033202,0.5581351925704086,-0.3142550485152581,-0.4237201454456072,-0.007377646871427834
6.595,0.49411678847083357,-0.574868109930748,0.5565214703982088,-0.3227444344399663,-0.4310207756522381,-0.007300630206630909
6.6000000000000005,0.4912271969246066,-0.580953298319537,0.5548655561218232,-0.3311828552771042,-0.4382432363399358,-0.007222460687697663
6.605,0.48830740838721,-0.5869467474478954,0.5531677112293122,-0.3395689785022004,-0.4453863869984217,-0.0071431506584859195
6.61,0.48535788392710033,-0.5928475108807292,0.5514282038300663,-0.34790147984918285,-0.45244909964140634,-0.0070627126429846365
6.615,0.48237908930838175,-0.5986546568190886,0.5496473086124688,-0.35617904351949514,-0.45943025898469037,-0.006981159343284027
6.62,0.479371494917256,-0.6043672682473112,0.5478253068005194,-0.36440036238987716,-0.4663287626222837,-0.006898503637593312
6.625,0.47633557568774165,-0.6099844430778316,0.5459624861094255,-0.3725641382187747,-0.4731435212004985,-0.006814758578214841
6.63,0.47327181102668014,-0.6155052942936244,0.5440591407001688,-0.3806690818513473,-0.47987345858994535,-0.006729937389446827
6.635,0.47018068473802704,-0.6209289500882845,0.5421155711330536,-0.38871391342303946,-0.4865175120554993,-0.006644053465553967
6.640000000000001,0.4670626849464558,-0.6262545540036905,0.5401320843202452,-0.3966973625616874,-0.4930746324241042,-0.006557120368604896
6.6450000000000005,0.46391830402028034,-0.6314812650652447,0.5381089934773046,-0.4046181685881251,-0.49954378425042933,-0.006469151826325126
6.65,0.46074803849369883,-0.6366082579146821,0.5360466180737282,-0.41247508071526,-0.5059239459804147,-0.006380161729985345
6.655,0.45755238898838874,-0.6416347229403976,0.5339452837825003,-0.4202668582455874,-0.5122141101125617,-0.0062901641321470025
6.66,0.4543318601344521,-0.6465598664052953,0.5318053224286647,-0.4279922707671098,-0.5184132833570365,-0.0061991732444748315
6.665,0.45108696049072866,-0.6513829105721277,0.5296270719369266,-0.43565009834763413,-0.5245204867925197,-0.0061072034354832105
6.67,0.44781820246448806,-0.6561030938263106,0.5274108762782895,-0.4432391317274135,-0.530534756020793,-0.006014269228273306
6.675,0.4445261022305145,-0.6607196707961913,0.525157085415739,-0.45075817251010203,-0.5364551413190304,-0.005920385298237352
6.68,0.4412111796495998,-0.6652319124707465,0.522866055248979,-0.45820603335199656,-0.5422807077897511,-0.005825566470720744
6.6850000000000005,0.43787395818644664,-0.6696391063147097,0.5205381475582314,-0.46558153814953185,-0.5480105355084826,-0.005729827718731428
6.69,0.4345149648270092,-0.6739405563810842,0.5181737299471063,-0.4728835222250009,-0.5536437196690125,-0.005633184160529936
6.695,0.43113472999527963,-0.6781355834210381,0.515773175784554,-0.4801108325104708,-0.5591793707262468,-0.005535651057234303
6.7,0.4277337874695218,-0.6822235249911728,0.5133368641459046,-0.48726232772986594,-0.5646166145367193,-0.005437243810472503
6.705,0.4243126742979854,-0.6862037355581253,0.5108651797530087,-0.49433687857918873,-0.569954592496602,-0.005337977959882667
6.71,0.4208719307140992,-0.6900755866005073,0.5083585129134844,-0.5013333679048488,-0.5751924616772945,-0.005237869180692578
6.715,0.41741210005116136,-0.693838466708155,0.5058172594590841,-0.5082506908800759,-0.5803293949585335,-0.005136933281238987
6.72,0.4139337286565402,-0.6974917816786799,0.5032418206831871,-0.5150877551793844,-0.5853645811590118,-0.00503518620047827
6.7250000000000005,0.4104373658054035,-0.7010349546112954,0.5006326032774318,-0.5218434811510634,-0.5902972251644456,-0.004932644005433806
6.73,0.4069235636139755,-0.7044674259979228,0.4979900192674934,-0.5285168019876669,-0.5951265480531721,-0.004829322888726506
6.735,0.4033928769523546,-0.7077886538115405,0.495314485948021,-0.5351066638944754,-0.5998517872191302,-0.004725239165958128
6.74,0.3998458633568957,-0.7109981135917742,0.4926064258167415,-0.5416120262559015,-0.6044721964922657,-0.004620409273135451
6.745,0.3962830829421628,-0.7140952985277201,0.48986626650774245,-0.548031861799816,-0.6089870462563997,-0.004514849764133966
6.75,0.3927050983124844,-0.7170797195379732,0.48709444072394364,-0.5543651567597657,-0.6133956235644166,-0.004408577308016914
6.755,0.3891124744731109,-0.7199509053478594,0.4842913861687684,-0.5606109110350582,-0.6176972322508532,-0.0043016086864365866
6.76,0.3855057787409935,-0.7227084025638556,0.4814575454770249,-0.5667681383486903,-0.6218911930418327,-0.004193960790979556
6.765000000000001,0.3818855806551974,-0.7253517757451861,0.47859336614500947,-0.5728358664030928,-0.6259768436623343,-0.004085650620501591
6.7700000000000005,0.37825245188696915,-0.727880607472581,0.47569930045984116,-0.5788131370336661,-0.6299535389407498,-0.003976695278415487
6.775,0.3746069661494567,-0.7302944984141965,0.4727758054280407,-0.584699006360087,-0.6338206509108022,-0.003867111970052406
6.78,0.3709496991071179,-0.7325930673886699,0.4698233427033639,-0.5904925449353576,-0.6375775689106818,-0.00375691799987965
6.785,0.367281228284814,-0.734775951425315,0.46684237851390104,-0.5961928378925762,-0.6412236996794916,-0.0036461307688097078
6.79,0.3636021329766163,-0.7368428058214365,0.463833383588454,-0.6017989850894047,-0.6447584674509033,-0.0035347677714117065
6.795,0.35991299415432226,-0.7387933041967659,0.46079683308220293,-0.6073101012502128,-0.6481813140441154,-0.0034228465932121255
6.8,0.3562143943757178,-0.740627138544999,0.4577332065016736,-0.6127253161058713,-0.6514916989519723,-0.003310384907856956
6.805,0.3525069176925834,-0.7423440192824337,0.45464298762901767,-0.6180437745311795,-0.6546890994263224,-0.0031974004743500206
6.8100000000000005,0.3487911495584649,-0.7439436752936992,0.4515266644456182,-0.6232646366798984,-0.6577730105605701,-0.0030839111342477743
6.815,0.3450676767362272,-0.7454258539745668,0.4483847290550313,-0.6283870781173729,-0.6607429453693863,-0.0029699348088161326
6.82,0.34133708720539163,-0.7467903212718412,0.4452176776052777,-0.6334102899507186,-0.6635984348656423,-0.002855489496256025
6.825,0.3375999700692918,-0.7480368617203187,0.4420260102104949,-0.6383334789565559,-0.6663390281344432,-0.0027405932688009393
6.83,0.3338569154620442,-0.7491652784768125,0.4388102308719636,-0.6431558677062694,-0.6689642924043504,-0.002625264269907168
6.835,0.3301085144553644,-0.7501753933512351,0.4355708473985197,-0.6478766946887727,-0.671473813115689,-0.0025095207113385865
6.84,0.3263553589652231,-0.7510670468347383,0.4323083713263659,-0.6524952144307601,-0.6738671939860533,-0.0023933808703643367
6.845,0.32259804165838024,-0.7518400981249012,0.4290233178382938,-0.6570106976144242,-0.6761440570728594,-0.00227686308680608
6.8500000000000005,0.3188371558587936,-0.7524944251479633,0.42571620568233065,-0.6614224311926253,-0.6783040428330382,-0.0021599857601788397
6.855,0.31507329545393065,-0.7530299245781022,0.42238755708982323,-0.665729718501489,-0.6803468101797858,-0.002042767346747576
6.86,0.3113070548009804,-0.7534465118537504,0.4190378976929711,-0.6699318793704179,-0.682272036536464,-0.0019252263566781336
6.865,0.30753902863300153,-0.7537441211909479,0.41566775644182363,-0.6740282502294973,-0.6840794178875129,-0.0018073813510489645
6.87,0.30376981196500624,-0.7539227055937304,0.41227766552075223,-0.6780181842142821,-0.6857686688264663,-0.001689250938953335
6.875,0.3000000000000007,-0.7539822368615503,0.40886816026441253,-0.6819010512679431,-0.6873395226010174,-0.0015708537745511286
6.88,0.2962301880349941,-0.7539227055937304,0.4054397790732087,-0.6856762382407615,-0.6887917311551521,-0.0014522085541347485
6.885,0.2924609713669989,-0.7537441211909479,0.40199306332827395,-0.6893431489869505,-0.6901250651682925,-0.001333334013140397
6.890000000000001,0.28869294519901895,-0.7534465118537504,0.39852855730597997,-0.6929012044587951,-0.691339314091554,-0.0012142489232614961
6.8950000000000005,0.28492670454606867,-0.7530299245781021,0.3950468080919895,-0.69634984279809,-0.692434286180943,-0.0010949720893890236
6.9,0.28116284414120574,-0.7524944251479632,0.39154836549486516,-0.6996885194248635,-0.6934098085276797,-0.0009755223467367014
6.905,0.2774019583416202,-0.7518400981249013,0.3880337819592483,-0.7029167071233732,-0.6942657270854766,-0.0008559185577968753
6.91,0.27364464103477726,-0.7510670468347385,0.3845036124786215,-0.7060338961253594,-0.695001906694872,-0.0007361796093954265
6.915,0.269891485544636,-0.7501753933512351,0.3809584145076688,-0.7090395941905427,-0.6956182311045709,-0.0006163244096988318
6.92,0.26614308453795615,-0.7491652784768126,0.37739874787424704,-0.7119333266843559,-0.6961146029898045,-0.0004963718852336596
6.925,0.2624000299307086,-0.7480368617203188,0.3738251746909826,-0.7147146366528926,-0.696490943967704,-0.00037634097789940313
6.93,0.2586629127946087,-0.7467903212718413,0.3702382592665073,-0.7173830848950667,-0.6967471946096542,-0.0002562506419502286
6.9350000000000005,0.25493232326377324,-0.745425853974567,0.3666385680163474,-0.7199382500319673,-0.6968833144507143,-0.00013611984106010055
6.94,0.25120885044153446,-0.743943675293699,0.36302666937348044,-0.7223797285733988,-0.6968992819959895,-1.5967545275219486e-05
6.945,0.24749308230741696,-0.7423440192824339,0.35940313369857246,-0.7247071349815971,-0.6967950947240072,0.00010418727198224786
6.95,0.24378560562428261,-0.7406271385449992,0.3557685331899119,-0.7269201017321101,-0.6965707690871515,0.0002243256368557045
6.955,0.2400870058456781,-0.738793304196766,0.35212344179305277,-0.7290182793718347,-0.696226340509041,0.00034442857811056715
6.96,0.23639786702338406,-0.7368428058214367,0.3484684351101818,-0.7310013365741984,-0.6957618633789406,0.0004644771301003381
6.965,0.23271877171518632,-0.7347759514253153,0.3448040903092244,-0.7328689601914806,-0.6951774110431738,0.0005844523357668718
6.97,0.22905030089288245,-0.7325930673886702,0.3411309860327031,-0.7346208553042625,-0.6944730757935457,0.0007043352496280963
6.9750000000000005,0.22539303385054366,-0.7302944984141967,0.3374497023063631,-0.7362567452679966,-0.6936489688527447,0.0008241069408009283
6.98,0.22174754811303124,-0.7278806074725813,0.33376082044757965,-0.7377763717566937,-0.6927052203568166,0.0009437484959281539
6.985,0.21811441934480194,-0.7253517757451856,0.3300649229735611,-0.7391794948037155,-0.6916419793345948,0.0010632410222217725
6.99,0.21449422125900688,-0.7227084025638558,0.32636259350936275,-0.740465892839667,-0.6904594136841506,0.0011825656504441673
6.995,0.2108875255268895,-0.7199509053478598,0.3226544166957258,-0.7416353627273862,-0.6891577101463142,0.0013017035378364294
7.0,0.20729490168751596,-0.7170797195379734,0.3189409780967557,-0.7426877197940212,-0.6877370742751647,0.0014206358711494893
7.005,0.2037169170578376,-0.7140952985277205,0.31522286410745476,-0.7436227978601914,-0.6861977304055744,0.001539343869590315
7.01,0.20015413664310466,-0.7109981135917746,0.31150066186112363,-0.7444404492662304,-0.6845399216177855,0.0016578087877888725
7.015000000000001,0.19660712304764472,-0.70778865381154,0.3077749591366461,-0.7451405448955032,-0.6827639096990292,0.001776011918756315
7.0200000000000005,0.19307643638602487,-0.7044674259979231,0.3040463442656721,-0.7457229741947936,-0.680869975102163,0.0018939345968662646
7.025,0.18956263419459687,-0.7010349546112957,0.3003154060397133,-0.7461876451917636,-0.6788584169014218,0.0020115582007411703
7.03,0.18606627134346015,-0.6974917816786802,0.2965827336171659,-0.7465344845094762,-0.6767295527451638,0.0021288641562580146
7.035,0.182587899948839,-0.6938384667081553,0.292848916430276,-0.7467634373779823,-0.6744837188057237,0.0022458339394401117
7.04,0.17912806928590116,-0.6900755866005077,0.28911454409206117,-0.74687446764297,-0.6721212697263036,0.0023624490794200703
7.045,0.1756873257020149,-0.6862037355581257,0.2853802063032038,-0.7468675577714737,-0.6696425785650056,0.0024786911612979523
7.05,0.1722662125304786,-0.6822235249911732,0.2816464927589306,-0.7467427088546418,-0.6670480367358971,0.0025945418291085653
7.055,0.16886527000472074,-0.6781355834210385,0.27791399305589276,-0.7464999406075655,-0.6643380539472107,0.0027099827886863936
7.0600000000000005,0.16548503517299018,-0.6739405563810834,0.27418329659906193,-0.7461392913661654,-0.6615130581366487,0.0028249958105619477
7.065,0.1621260418135537,-0.6696391063147101,0.27045499250865623,-0.7456608180811378,-0.6585734954037875,0.002939562732861223
7.07,0.15878882035040048,-0.665231912470747,0.2667296695271114,-0.7450645963089607,-0.6555198299396642,0.003053665464123334
7.075,0.1554738977694859,-0.6607196707961918,0.2630079159261116,-0.7443507201999635,-0.6523525439534548,0.0031672859862094116
7.08,0.15218179753551225,-0.656103093826311,0.2592903194136943,-0.7435193024834593,-0.6490721375963387,0.003280406357116017
7.085,0.14891303950927168,-0.6513829105721282,0.2555774670414446,-0.7425704744499437,-0.6456791288824961,0.003393008713842627
7.09,0.1456681398655482,-0.6465598664052957,0.2518699451117928,-0.7415043859303628,-0.6421740536073416,0.0035050752751545344
7.095,0.1424476110116116,-0.6416347229403981,0.2481683390854305,-0.7403212052724518,-0.6385574652628934,0.003616588344448224
7.1000000000000005,0.13925196150630062,-0.6366082579146811,0.24447323348885974,-0.7390211193141526,-0.6348299349503806,0.003727530312512717
7.105,0.1360816959797191,-0.6314812650652438,0.2407852118220892,-0.737604333354109,-0.6309920512900403,0.0038378836603403244
7.11,0.13293731505354364,-0.6262545540036896,0.23710485646649296,-0.7360710711192484,-0.6270444203281978,0.003947630961842474
7.115,0.12981931526197327,-0.6209289500882851,0.2334327485928457,-0.7344215747294514,-0.6229876654415447,0.0040567548866531356
7.12,0.12672818897332014,-0.615505294293625,0.22976946806954912,-0.7326561046593195,-0.6188224272387047,0.004165238202839983
7.125,0.12366442431225778,-0.6099844430778306,0.2261155933710639,-0.7307749396970429,-0.61454936345908,0.004273063779624775
7.13,0.12062850508274425,-0.6043672682473118,0.22247170148656203,-0.7287783769003765,-0.6101691488689663,0.004380214590113618
7.135,0.11762091069161848,-0.5986546568190891,0.21883836782881338,-0.7266667315497305,-0.6056824751550297,0.004486673713936629
7.140000000000001,0.11464211607289916,-0.5928475108807282,0.21521616614332145,-0.7244403370983847,-0.601090050815065,0.004592424339964762
7.1450000000000005,0.1116925916127895,-0.5869467474478943,0.2116056684177223,-0.7220995451198322,-0.5963926010461035,0.00469744976896147
7.15,0.1087728030753929,-0.580953298319536,0.208007444791461,-0.7196447252522618,-0.5915908676299231,0.004801733416180398
7.155,0.10588321152916673,-0.5748681099307487,0.20442206346576006,-0.7170762651401879,-0.5866856088158933,0.0049052588140298115
7.16,0.10302427327411325,-0.5686921432033207,0.20085009061389386,-0.7143945703732365,-0.5816775992012448,0.005008009614648423
7.165,0.10019643976972487,-0.5624263733939926,0.19729209029178338,-0.7116000644220986,-0.5765676296087501,0.0051099695924947675
7.17,0.09740015756369319,-0.5560717899404523,0.1937486243489251,-0.708693188571659,-0.5713565069618448,0.005211122646905264
7.175,0.09463586822139332,-0.5496293963050898,0.19022025233966852,-0.7056744018513118,-0.5660450541572082,0.005311452804636629
7.18,0.09190400825615859,-0.5431002098165464,0.18670753143485613,-0.7025441809624751,-0.5606341099348019,0.005410944222406289
7.1850000000000005,0.08920500906034551,-0.5364852615090556,0.18321101633383957,-0.6993030202033137,-0.5551245287454483,0.0055095811893536295
7.19,0.08653929683721406,-0.5297855959596363,0.17973125917688615,-0.6959514313906844,-0.5495171806158912,0.005607348129557099
7.195,0.08390729253362779,-0.5230022711231472,0.1762688094579896,-0.6924899437793135,-0.5438129510113935,0.005704229604497679
7.2,0.08130941177357653,-0.5161363581652133,0.1728242139380985,-0.6889191039782218,-0.5380127406959403,0.0058002103154531914
7.205,0.07874606479254799,-0.5091889412930826,0.16939801655877645,-0.6852394758644084,-0.532117465589978,0.005895275105962328
7.21,0.07621765637274566,-0.5021611175844162,0.16599075835630742,-0.6814516404938079,-0.5261280566257861,0.005989408964191867
7.215,0.07372458577916931,-0.49505399681404694,0.16260297737625973,-0.6775561960095354,-0.5200454596004717,0.00608259702531444
7.22,0.07126724669656556,-0.4878687012787307,0.15923520858852255,-0.6735537575474326,-0.5138706350266202,0.006174824573851434
7.2250000000000005,0.06884602716726329,-0.4806063656199312,0.1558879838028279,-0.6694449571389302,-0.5076045579806052,0.006266077046015006
7.23,0.0664613095298932,-0.4732681366446345,0.15256183158477168,-0.6652304436112433,-0.5012482179486349,0.006356340031970276
7.235,0.06411347035901402,-0.46585517314426134,0.1492572771723471,-0.6609108824849143,-0.49480261867048925,0.006445599278145697
7.24,0.06180288040564925,-0.45836864571168623,0.1459748423930035,-0.6564869558687187,-0.4882687779810061,0.00653384068948315
7.245,0.05952990453873701,-0.4508097365563754,0.14271504558124373,-0.6519593623519533,-0.48164772764937724,0.006621050331628853
7.25,0.057294901687515894,-0.44317963931771,0.13947840149677312,-0.6473288168941199,-0.47494051321620323,0.0067072144331740136
7.255,0.055098224784845086,-0.43547955887649503,0.136265421243213,-0.6425960507120253,-0.4681481938283958,0.006792319387807444
7.26,0.05294022071147216,-0.4277107111646943,0.13307661218739145,-0.6377618111643134,-0.4612718420719254,0.006876351756470389
7.265000000000001,0.05082123024125613,-0.41987432297341853,0.1299124778792242,-0.6328268616334494,-0.4543125438024509,0.006959298269474501
7.2700000000000005,0.04874158798735754,-0.4119716317592099,0.12677351797219832,-0.6277919814051717,-0.44727139797383686,0.007041145828614037
7.275,0.04670162234939564,-0.40400388544861987,0.12366022814447115,-0.6226579655454345,-0.44014951646463674,0.007121881509200123
7.28,0.04470165546159275,-0.39597234224115585,0.12057310002059686,-0.6174256247748575,-0.4329480239025002,0.0072014925621365355
7.285,0.04274200314190417,-0.3878782704105927,0.11751262109389334,-0.6120957853407036,-0.4256680574865885,0.0072799664159117206
7.29,0.04082297484214938,-0.3797229481047064,0.11447927464946131,-0.606669288886405,-0.41831076680798424,0.007357290678604245
7.295,0.03894487359914239,-0.37150766314342637,0.11147353968786802,-0.6011469923186579,-0.41087731366817737,0.007433453139806867
7.3,0.03710799598684112,-0.36323371281548256,0.10849589084950749,-0.5955297676721065,-0.4033688718955899,0.007508441772587471
7.305,0.035312632069514314,-0.35490240367354636,0.10554679833964929,-0.5898185019716397,-0.3957866271602183,0.007582244735371613
7.3100000000000005,0.03355906535593656,-0.34651505132790855,0.1026267278541877,-0.5840140970923184,-0.38813177678640476,0.0076548503738135265
7.315,0.0318475727546209,-0.33807298023873855,0.0997361405061029,-0.5781174696169603,-0.3804055295637564,0.007726247222648364
7.32,0.03017842453008881,-0.32957752350692254,0.0968754927526459,-0.5721295506913993,-0.3726091055562778,0.007796424007478597
7.325,0.02855188426019436,-0.3210300226635609,0.09404523632325866,-0.5660512858774479,-0.3647437359096983,0.007865369646579523
7.33,0.02696820879450117,-0.3124318274581202,0.09124581814824075,-0.5598836350035817,-0.35681066265706596,0.007933073252632317
7.335,0.025427648213724705,-0.3037842956453016,0.08847768028817389,-0.5536275720133715,-0.3488111385226058,0.007999524134460145
7.34,0.023930445790238952,-0.2950887927706214,0.08574125986411546,-0.5472840848116861,-0.34074642672391464,0.008064711798691171
7.345,0.022476837949662754,-0.28634669195478496,0.08303698898857201,-0.5408541751086905,-0.33261780077247405,0.008128625951440593
7.3500000000000005,0.021067054233524427,-0.27755937367685013,0.08036529469726368,-0.5343388582616647,-0.32442654427255424,0.008191256499919808
7.355,0.019701317263016327,-0.2687282255562439,0.07772659888169035,-0.5277391631146668,-0.3161739507185084,0.00825259355404584
7.36,0.018379842703837777,-0.2598546421336259,0.07512131822251002,-0.5210561318360668,-0.3078613232905281,0.00831262742798028
7.365,0.017102839232140742,-0.25094002465068443,0.07254986412374013,-0.5142908197539755,-0.2994899746488468,0.00837134864168132
7.37,0.015870508501576897,-0.2419857808288616,0.07001264264779215,-0.5074442951895967,-0.2910612267264589,0.008428747922387902
7.375,0.014683045111454173,-0.23299332464705774,0.06751005445134953,-0.5005176392885266,-0.2825764105203709,0.008484816206087986
7.38,0.01354063657600708,-0.22396407611834526,0.06504249472209939,-0.4935119458500283,-0.27403686588142206,0.008539544638948848
7.385,0.012443463294787281,-0.2148994610657423,0.06261035311632784,-0.4864283211543083,-0.2654439413027012,0.00859292457872085
7.390000000000001,0.011391698524174054,-0.20580091089704086,0.060214013697388734,-0.47926788378782204,-0.2567989937066146,0.008644947596086638
7.3950000000000005,0.010385508350017702,-0.19666986237879155,0.05785385487505555,-0.4720317644666361,-0.24810338823060069,0.00869560547601389
7.4,0.00942505166141061,-0.18750775740940323,0.055530249345766176,-0.464721105857875,-0.23935849801156772,0.008744890219032964
7.405,0.00851048012559784,-0.17831604279146113,0.05324356403376977,-0.457337062399281,-0.2305657039690555,0.008792794042512209
7.41,0.007641938164026928,-0.16909617000325708,0.0509941600331852,-0.44988080011691484,-0.22172639458717275,0.008839309381882765
7.415,0.006819562929542056,-0.15984959496958456,0.04878239255098007,-0.4423534964410265,-0.21284196569533945,0.008884428891833301
7.42,0.006043484284726075,-0.15057777783183104,0.04660861085087944,-0.43475634002012575,-0.20391382024786878,0.00892814544747067
7.425,0.005313824781393383,-0.14128218271740225,0.044473158198213035,-0.42709053053328044,-0.1949433681024261,0.008970452145442676
7.43,0.0046306996412384,-0.13196427750853,0.04237637180570967,-0.4193572785006734,-0.18593202579739276,0.009011342305033337
7.4350000000000005,0.003994216737639655,-0.12262553361046072,0.040318582780247435,-0.41155780509244727,-0.1768812163281818,0.009050809469210969
7.44,0.0034044765786257146,-0.11326742571911144,0.038300116070568095,-0.4036933419358676,-0.16779236892252988,0.009088847405651912
7.445,0.0028615722910046103,-0.10389143158820607,0.03632129041596392,-0.3957651309208346,-0.15866691881480185,0.009125450107728028
7.45,0.0023655896056566372,-0.09449903179590526,0.03438241829594505,-0.3877744240037742,-0.14950630701935644,0.009160611795445417
7.455,0.0019166068439975146,-0.08509170951101636,0.032483805880895354,-0.37972248300993994,-0.14031198010298881,0.009194326916367623
7.46,0.0015146949056100145,-0.07567095025878126,0.030625752983724577,-0.37161057943415576,-0.13108538995650346,0.009226590146485358
7.465,0.001159917257048315,-0.06623824168629483,0.028808553012524416,-0.36343999424003237,-0.1218279935654426,0.009257396391060851
7.47,0.0008523299218158197,-0.056795073327585405,0.027032492924235974,-0.35521201765768845,-0.11254125278001112,0.009286740785431485
7.4750000000000005,0.0005919814715185323,-0.04734293636841084,0.025297853179335934,-0.34692794898000806,-0.10322663408423469,0.009314618695776433
7.48,0.00037891301819475975,-0.03788332341076698,0.023604907697548597,-0.3385890963574673,-0.09388560836438367,0.009341025719851015
7.485,0.00021315820782320525,-0.02841772823719647,0.021953923814590784,-0.3301967765915624,-0.08451965067670361,0.00936595768768006
7.49,9.474321500998472e-05,-0.018947645574911222,0.02034516223995643,-0.3217523149268712,-0.07513024001448759,0.009389410662216019
7.495,2.3686738855166478e-05,-0.009474570859741618,0.01877887701574752,-0.3132570448417819,-0.06571885907452427,0.009411380939963326
