time_s,desired_position_rad,desired_velocity_rad_s,position_rad,velocity_rad_s,velocity_command_rad_s,command_change_rad_s
0.0,0.0,0.0,-2e-05,-0.004,0.0,0.0
0.005,2.3686738855166478e-05,0.009474570859741653,-5.8750000000000005e-05,-0.00775,0.0026445117501121573,0.0026445117501121573
0.01,9.474321501001803e-05,0.018947645574911846,-0.000115078125,-0.011265625,0.0055759999778422,0.002931488227730043
0.015,0.00021315820782323857,0.028417728237197685,-0.00018788574218749998,-0.0145615234375,0.008792066491112102,0.0032160665132699015
0.02,0.00037891301819475975,0.037883323410766105,-0.00027614288330078126,-0.01765142822265625,0.012290449460305258,0.003498382969193156
0.025,0.0005919814715185323,0.047342936368410554,-0.00037888395309448246,-0.020548213958740236,0.016069012491516942,0.0037785630312116847
0.03,0.0008523299218158197,0.0567950733275857,-0.0004952037060260773,-0.02326395058631897,0.020125734385242185,0.004056721893725242
0.035,0.0011599172570482485,0.06623824168629305,-0.0006234270644775374,-0.025644671690292026,0.02445869953803991,0.004332965152797727
0.04,0.001514694905609948,0.07567095025878008,-0.0007618939630327056,-0.02769337971103364,0.029032193744419836,0.004573494206379924
0.045,0.0019166068439974814,0.08509170951101575,-0.0009089591596497033,-0.02941303932339953,0.03383876955037471,0.004806575805954873
0.05,0.0023655896056566372,0.09449903179590526,-0.0010629920160217933,-0.030806571274417983,0.03887098431474104,0.005032214764366334
0.055,0.0028615722910046437,0.10389143158820666,-0.0012223762524670285,-0.03187684728904705,0.0441213982017445,0.005250413887003459
0.06,0.0034044765786257814,0.11326742571911258,-0.0013855096821390484,-0.03262668593440397,0.049582572240739045,0.005461174038994543
0.065,0.003994216737639588,0.1226255336104598,-0.0015508039288509297,-0.03305884934237623,0.055247066457071614,0.005664494216332569
0.07,0.0046306996412384,0.13196427750852968,-0.001716694724598187,-0.03317815914945148,0.061107438077264,0.005860371620192387
0.075,0.005313824781393383,0.14128218271740248,-0.0018816427301267488,-0.03298960110571234,0.06715667425223572,0.006049236174971717
0.08,0.006043484284725942,0.15057777783182924,-0.002044134302711419,-0.032498314516934,0.07338785537448789,0.006231181122252169
0.085,0.006819562929541956,0.15984959496958334,-0.002202682215071502,-0.0317095824720166,0.07979415741879074,0.006406302044302856
0.09,0.0076419381640268624,0.16909617000325644,-0.002355826329083849,-0.030628822802469372,0.0863688541966782,0.006574696777887454
0.095,0.008510480125597807,0.17831604279146107,-0.002502134227702589,-0.02926157972374806,0.0931053195327732,0.00673646533609501
0.1,0.009425051661410676,0.18750775740940376,-0.002640201808258513,-0.02761351611118481,0.09999702937032781,0.006891709837554605
0.105,0.010385508350017836,0.19666986237879264,-0.0027686537043258683,-0.02569037921347103,0.10703756381274598,0.007040534442418173
0.11,0.01139169852417422,0.2058009108970425,-0.002886143652084486,-0.023497989551723594,0.11422060353898869,0.007183039726242707
0.115,0.012443463294787249,0.2148994610657419,-0.0029913548039148183,-0.02104223036606645,0.12153993012630133,0.007319326587312644
0.12,0.013540636576007114,0.22396407611834546,-0.003082999991819293,-0.01832903758089491,0.12898942621830148,0.0074494960920001435
0.125,0.01468304511145394,0.23299332464705594,-0.003159821943125746,-0.015364390261290654,0.1365630755454441,0.007573649327142634
0.13,0.015870508501576695,0.2419857808288604,-0.0032205934507973186,-0.0121543015343145,0.14425496280445674,0.007691887259012625
0.135,0.017102839232140676,0.2509400246506838,-0.0032641175005479347,-0.00870480995012322,0.15205927340295106,0.007804310598494318
0.14,0.018379842703837777,0.2598546421336258,-0.003289227358583203,-0.005021971607053726,0.15997029307503058,0.007911019672079522
0.145,0.019701317263016393,0.2687282255562443,-0.0032947866223267982,-0.0011118527487190355,0.1679824074447428,0.00801211436971222
0.15,0.021067054233524563,0.2775593736768511,-0.0032796892363931994,0.003019477186719746,0.17609010149604837,0.00810769405130557
0.155,0.022476837949662588,0.28634669195478396,-0.003242859475972499,0.007365952084140019,0.1842879589565103,0.008197857460461921
0.16,0.023930445790238886,0.29508879277062106,-0.0031832518997017,0.011921515254159815,0.19257066160159647,0.008282702645086182
0.165,0.02542764821372474,0.3037842956453018,-0.0030998512740094035,0.01668012513845927,0.20093298848621213,0.008362326884615662
0.17,0.026968208794501302,0.31243182745812087,-0.002991672470836929,0.021635760634494974,0.20936981510979463,0.0084368266235825
0.17500000000000002,0.028551884260194157,0.32103002266355973,-0.0028577603405362515,0.026782426060135464,0.2178761125210546,0.008506297411259967
0.18,0.030178424530088677,0.3295775235069218,-0.0026971895616618516,0.03211415577488002,0.22644694636727303,0.008570833846218429
0.185,0.03184757275462086,0.3380729802387384,-0.002509064469293192,0.03762501847373191,0.23507747589337918,0.008630529526106157
0.19,0.03355906535593662,0.34651505132790894,-0.002292518863447075,0.04330912116922345,0.24376295289575048,0.008685477002371295
0.195,0.035312632069514016,0.35490240367354486,-0.002046715799064399,0.04916061287653524,0.2524987206354273,0.008735767739676797
0.2,0.037107995986840926,0.3632337128154816,-0.0017708473589838293,0.055173688016113956,0.2612802127151695,0.008781492079742215
0.20500000000000002,0.03894487359914229,0.371507663143426,-0.0014641344112454656,0.06134258954767275,0.2701029519245512,0.008822739209381703
0.21,0.04082297484214942,0.3797229481047065,-0.0011258263520009767,0.06766161184889777,0.27896254905704587,0.008859597132494679
0.215,0.0427420031419043,0.3878782704105933,-0.0007552008352425875,0.07412510335167785,0.2878547017028455,0.008892152645799623
0.22,0.044701655461592445,0.3959723422411547,-0.0003515634905016755,0.08072746894818239,0.29677519302094746,0.008920491318101964
0.225,0.046701622349395476,0.4040038854486192,8.575237039150049e-05,0.0874631721786352,0.3057198904938293,0.008944697472881846
0.23,0.04874158798735747,0.41197163175920976,0.0005573860564523434,0.09432673721216858,0.3146847446678526,0.008964854174023318
0.23500000000000001,0.0508212302412562,0.41987432297341876,0.001063949809610806,0.1013127506316925,0.32366578788233574,0.00898104321448312
0.24,0.05294022071147176,0.42771071116469284,0.0016060291247771913,0.10841586303327708,0.3326591329900642,0.008993345107728479
0.245,0.055098224784844815,0.43547955887649414,0.002184183077027817,0.1156307904501251,0.34166097207183754,0.009001839081773322
0.25,0.05729490168751576,0.4431796393177096,0.0027989446550818245,0.1229523156108015,0.3506675751474827,0.009006603075645159
0.255,0.05952990453873701,0.4508097365563754,0.003450821100286778,0.13037528904099074,0.3596752888856118,0.009007713738129086
0.26,0.06180288040564938,0.45836864571168673,0.004140294250375126,0.1378946300176696,0.36868053531425127,0.00900524642863948
0.265,0.06411347035901432,0.4658551731442623,0.004867820887296182,0.14550532738421124,0.37767981053432526,0.008999275220073988
0.27,0.066461309529893,0.47326813664463396,0.0056338330884690676,0.15320244023457705,0.3866696834378417,0.008989872903516438
0.275,0.06884602716726325,0.48060636561993103,0.006438738580841097,0.16098109847440584,0.39564679443249806,0.008977110994656368
0.28,0.07126724669656563,0.487868701278731,0.007282921097173462,0.16883650326647315,0.4046078541743005,0.008961059741802446
0.28500000000000003,0.07372458577916886,0.49505399681404566,0.008166740734011808,0.17676392736766933,0.41354964230966934,0.008941788135368833
0.29,0.07621765637274533,0.5021611175844153,0.009090534310833462,0.1847587153643307,0.4224690062283922,0.008919363918722834
0.295,0.07874606479254782,0.5091889412930821,0.010054615729895739,0.19281628381245536,0.43136285982868294,0.008893853600290769
0.3,0.08130941177357653,0.5161363581652133,0.011059276336340948,0.200932121289042,0.44022818229549154,0.0088653224668086
0.305,0.08390729253362791,0.5230022711231477,0.012104785278143487,0.209101788360508,0.4490620168931243,0.008833834597632761
0.31,0.0865392968372144,0.529785595959637,0.013191389865512838,0.21732091747387003,0.45786146977313424,0.00879945288000994
0.315,0.08920500906034524,0.536485261509055,0.014319315929393376,0.2255852127761075,0.4666237087983543,0.008762239025220053
0.32,0.09190400825615852,0.543100209816546,0.015488768178727751,0.2338904498668753,0.4753459623838652,0.008722253585510875
0.325,0.09463586822139342,0.5496293963050899,0.01669993055617519,0.24223247548948829,0.4840255183556074,0.008679555971742248
0.33,0.09740015756369265,0.556071789940451,0.01795296659199951,0.2506072071648635,0.4926597228272738,0.008634204471666407
0.335,0.10019643976972453,0.5624263733939918,0.019248019755863908,0.25901063277287983,0.5012459790960473,0.008586256268773462
0.34,0.10302427327411308,0.5686921432033204,0.020585213806290886,0.2674388100853957,0.509781746557678,0.008535767461630761
0.34500000000000003,0.1058832115291667,0.5748681099307487,0.021964653137565664,0.27588786625495565,0.5182645396413386,0.008482793083660511
0.35000000000000003,0.10877280307539311,0.5809532983195363,0.02338642312388073,0.28435399726301247,0.5266919267646251,0.0084273871232865
0.355,0.11169259161278983,0.586946747447895,0.024850590460537225,0.29283346733129967,0.5350615293090214,0.008369602544396337
0.36,0.1146421160728997,0.5928475108807292,0.026357203502036214,0.30132260829979807,0.5433710206160922,0.008309491307070815
0.365,0.11762091069161838,0.5986546568190889,0.027906292596909032,0.3098178189745636,0.5516181250046094,0.008247104388517168
0.37,0.12062850508274431,0.6043672682473119,0.029497870419151574,0.3183155644485083,0.5598006168087848,0.008182491804175407
0.375,0.12366442431225805,0.6099844430778312,0.031131932296141876,0.3268123753980602,0.5679163194377208,0.008115702628936017
0.38,0.1267281889733197,0.6155052942936243,0.03280845653293423,0.3353048473584705,0.5759631044561586,0.008046785018437808
0.385,0.12981931526197305,0.6209289500882847,0.03452740473283613,0.3437896399803799,0.5839388906865642,0.007975786230405624
0.39,0.1329373150535436,0.6262545540036895,0.03628872211418669,0.35226347627011195,0.5918416433325472,0.007902752645982947
0.395,0.13608169597971928,0.6314812650652442,0.03809233782326678,0.36072314181601806,0.599669373123584,0.007827729791036853
0.4,0.13925196150630104,0.6366082579146817,0.03993816524328211,0.369165484003066,0.6074201354809735,0.0077507623573894735
0.405,0.14244761101161127,0.6416347229403976,0.04182610229937077,0.3775874112177319,0.615092029704933,0.00767189422395953
0.41000000000000003,0.14566813986554808,0.6465598664052956,0.043756031759596435,0.3859858920451336,0.6226831981827083,0.007591168477775301
0.41500000000000004,0.1489130395092718,0.6513829105721284,0.04572782153189755,0.39435795446022304,0.6301918256175412,0.007508627434832826
0.42,0.15218179753551253,0.6561030938263115,0.04774132495697127,0.4027006850147433,0.6376161382783305,0.007424312660789356
0.425,0.1554738977694854,0.6607196707961911,0.049796381097079,0.4110112280215459,0.6449544032697786,0.0073382649914480735
0.43,0.15878882035040023,0.6652319124707466,0.0518928150207678,0.4192867847377601,0.6522049278228094,0.007250524553030768
0.435,0.1621260418135536,0.66963910631471,0.05403043808350884,0.4275246125482084,0.659366058605019,0.00716113078220959
0.44,0.16548503517299032,0.6739405563810836,0.05620904820426066,0.43572202415036465,0.6664361810509062,0.007070122445887228
0.445,0.1688652700047201,0.6781355834210377,0.05842843013797098,0.4438763867420632,0.6734137187116064,0.006977537660700195
0.45,0.1722662125304782,0.6822235249911728,0.06068835574403638,0.45198512121307993,0.6802971326238515,0.006883413912245118
0.455,0.1756873257020147,0.6862037355581255,0.0629885842507445,0.4600457013416236,0.6870849206978451,0.006787788073993606
0.46,0.1791280692859012,0.6900755866005077,0.06532886251572799,0.4680556529966977,0.6937756171237554,0.0066906964259102475
0.465,0.1825878999488393,0.6938384667081556,0.06770892528246408,0.4760125533472178,0.7003677917964884,0.006592174672733098
0.47000000000000003,0.18606627134345965,0.6974917816786798,0.07012849543285757,0.4839140300786983,0.7068600497584253,0.006492257961936865
0.47500000000000003,0.18956263419459662,0.7010349546112955,0.07258728423594885,0.49175776061825505,0.7132510306597731,0.00639098090134782
0.48,0.19307643638602476,0.704467425997923,0.07508499159279187,0.49954147136860483,0.7195394082361813,0.006288377576408211
0.485,0.19660712304764486,0.7077886538115401,0.07762130627755029,0.5072629369516823,0.7257238898032775,0.006184481567096167
0.49,0.200154136643104,0.7109981135917739,0.08019590617486247,0.514919979462437,0.7318032157677526,0.006079325964475135
0.495,0.20371691705783712,0.71409529852772,0.08280845851352904,0.5225104677333152,0.7377761591546365,0.005972943386883811
0.5,0.20729490168751577,0.7170797195379733,0.08545862009657847,0.5300323166098846,0.7436415251503942,0.00586536599575771
0.505,0.21088752552688952,0.7199509053478598,0.08814603752776848,0.5374834862380026,0.7493981506614674,0.0057566255110732545
0.51,0.21449422125900716,0.722708402563856,0.09087034743458292,0.5448619813628888,0.7550449038878924,0.005646753226424939
0.515,0.21811441934480247,0.725351775745186,0.09363117668778498,0.552165850640413,0.7605806839116099,0.005535780023717574
0.52,0.2217475481130309,0.7278806074725811,0.09642814261758934,0.5593931859608717,0.7660044202990972,0.005423736387487277
0.525,0.22539303385054357,0.7302944984141967,0.09926085322651675,0.566542121785482,0.7713150727179412,0.005310652418843986
0.53,0.22905030089288256,0.7325930673886702,0.10212890739899569,0.573610834495789,0.7765116305669699,0.005196557849028727
0.535,0.23271877171518565,0.7347759514253149,0.10503189510777641,0.5805975417561439,0.7815931126195744,0.005081482052604502
0.54,0.23639786702338364,0.7368428058214365,0.10796939761722331,0.5875005018893782,0.7865585666798328,0.00496545406025839
0.545,0.24008700584567788,0.738793304196766,0.11094098768355215,0.5943180132657677,0.7914070692510735,0.004848502571240698
0.55,0.24378560562428264,0.7406271385449992,0.11394622975207891,0.6010484137053508,0.796137725216496,0.004730655965422437
0.555,0.24749308230741718,0.742344019282434,0.1169846801515471,0.6076900798936377,0.8007496675314782,0.004611942314982298
0.56,0.25120885044153496,0.7439436752936992,0.12005588728560071,0.6142414268107209,0.805242056927212,0.004492389395733709
0.5650000000000001,0.25493232326377285,0.7454258539745668,0.12315939182146958,0.6207009071737742,0.8096140816252873,0.004372024698075294
0.5700000000000001,0.25866291279460857,0.7467903212718413,0.1262947268759341,0.627067010892903,0.8138649570628785,0.004250875437591284
0.5750000000000001,0.26240002993070877,0.7480368617203189,0.12946141819863555,0.6333382645402886,0.8179939256281611,0.004128968565282554
0.58,0.26614308453795543,0.7491652784768124,0.1326589843527983,0.6395132308325516,0.8220002564056166,0.004006330777455491
0.585,0.26989148554463543,0.7501753933512351,0.13588693689342948,0.6455905081262345,0.8258832449308691,0.0038829885252524843
0.59,0.273644641034777,0.7510670468347385,0.13914478054306095,0.6515687299262957,0.8296422129547087,0.0037589680238396816
0.595,0.2774019583416201,0.7518400981249013,0.14243201336509836,0.6574465644074826,0.8332765082159638,0.0036342952612550272
0.6,0.28116284414120596,0.7524944251479632,0.1457481269348406,0.6632227139484449,0.836785504222885,0.003508996006921228
0.605,0.2849267045460691,0.7530299245781021,0.14909260650823272,0.6688959146784271,0.8401686000427099,0.0033830958198248773
0.61,0.28869294519901956,0.7534465118537504,0.15246493118841462,0.6744649360363765,0.8434252200990832,0.0032566200563732828
0.615,0.2924609713669987,0.7537441211909479,0.15586457409012602,0.6799285803422822,0.8465548139770129,0.0031295938779297705
0.62,0.2962301880349941,0.7539227055937304,0.15929100250202882,0.6852856823805589,0.8495568562350437,0.0030020422580308015
0.625,0.29999999999999993,0.7539822368615503,0.16274367804700518,0.6905351089952717,0.8524308462243463,0.00287398998930255
0.63,0.3037698119650058,0.7539227055937304,0.16622205684049016,0.6956757586969975,0.8551763079144078,0.0027454616900615125
0.635,0.3075390286330012,0.7537441211909479,0.16972558964689569,0.7007065612811045,0.857792789725036,0.002616481810628235
0.64,0.31130705480098037,0.7534465118537504,0.17325372203418182,0.7056264774572282,0.8602798643643808,0.002487074639344722
0.645,0.3150732954539308,0.7530299245781021,0.1768058945266304,0.7104344984897147,0.8626371286726795,0.0023572643082987454
0.65,0.318837155858794,0.7524944251479632,0.1803815427558744,0.7151296458487978,0.8648642034714625,0.0022270747987830353
0.655,0.32259804165837974,0.7518400981249013,0.18398009761023573,0.7197109708722695,0.8669607334179227,0.002096529946460146
0.66,0.32635535896522294,0.7510670468347385,0.18760098538242276,0.7241775544374032,0.8689263868642026,0.001965653446279969
0.665,0.3301085144553645,0.7501753933512351,0.19124362791563715,0.7285285066428803,0.8707608557213147,0.001834468857112026
0.67,0.3338569154620445,0.7491652784768124,0.1949074427481395,0.732762966500474,0.872463855327457,0.0017029996061422858
0.675,0.33759997006929127,0.7480368617203188,0.1985918432563207,0.7368801016362369,0.8740351243204606,0.0015712689930036383
0.68,0.3413370872053914,0.7467903212718413,0.20229623879632538,0.7408791080009385,0.875474424514128,0.0014393001936674477
0.685,0.3450676767362271,0.7454258539745668,0.2060200348442729,0.7447592095895,0.8767815407782261,0.0013071162640980738
0.6900000000000001,0.3487911495584651,0.7439436752936992,0.20976263313511873,0.748519658169169,0.8779562809218938,0.0011747401436676963
0.6950000000000001,0.35250691769258286,0.742344019282434,0.21352343180019961,0.7521597330161781,0.8789984755802475,0.0010421946583536457
0.7000000000000001,0.35621439437571745,0.7406271385449992,0.21730182550350277,0.755678740660633,0.8799079781039488,0.0009095025237013665
0.705,0.35991299415432204,0.738793304196766,0.22109720557669962,0.7590760146393722,0.8806846644515345,0.0007766863475856534
0.71,0.3636021329766163,0.7368428058214365,0.22490896015298234,0.7623509152565445,0.881328433084288,0.0006437686327535053
0.715,0.3672812282848143,0.7347759514253149,0.2287364742997406,0.7655028293516496,0.8818392048634489,0.0005107717791609234
0.72,0.37094969910711734,0.7325930673886702,0.23257913015011453,0.7685311700747899,0.8822169229495685,0.0003777180861196383
0.725,0.3746069661494564,0.7302944984141967,0.23643630703345894,0.771435376668881,0.8824615527038137,0.000244629754245107
0.73,0.37825245188696904,0.7278806074725811,0.24030738160475182,0.7742149142585727,0.8825730815910304,0.0001115288872167719
0.735,0.3818855806551975,0.725351775745186,0.24419172797297997,0.7768692736456329,0.8825515190843893,-2.1562506641092938e-05
0.74,0.38550577874099284,0.722708402563856,0.24808871782853273,0.7793979711105488,0.8823968965714352,-0.0001546225129541723
0.745,0.38911247447311037,0.7199509053478599,0.25199772056963327,0.781800548220105,0.8821092672613636,-0.00028762931007153547
0.75,0.39270509831248424,0.7170797195379734,0.2559181034278368,0.7840765716406966,0.8816887060933732,-0.00042056116799038534
0.755,0.39628308294216286,0.71409529852772,0.25984923159262246,0.7862256329571413,0.8811353096459117,-0.0005533964474615516
0.76,0.3998458633568959,0.710998113591774,0.2637904683351063,0.7882473484967594,0.8804491960466824,-0.000686113599229321
0.765,0.40339287695235515,0.7077886538115401,0.26774117513089873,0.7901413591584863,0.8796305048832449,-0.0008186911634374683
0.77,0.4069235636139752,0.7044674259979231,0.27170071178213273,0.7919073302467956,0.878679397114067,-0.0009511077691779501
0.775,0.41043736580540335,0.7010349546112954,0.2756684365386838,0.7935449513102061,0.8775960549798981,-0.0010833421341688299
0.78,0.41393372865654027,0.6974917816786798,0.27964370621860457,0.7950539359841541,0.8763806819153106,-0.0012153730645875216
0.785,0.41741210005116075,0.6938384667081556,0.2836258763277946,0.7964340218380139,0.8750335024602925,-0.001347179455018055
0.79,0.4208719307140988,0.6900755866005077,0.2876143011789249,0.7976849702260557,0.8735547621717555,-0.001478740288537006
0.795,0.4243126742979852,0.6862037355581255,0.29160833400963554,0.79880656614213,0.8719447275348459,-0.001610034636909674
0.8,0.4277337874695218,0.6822235249911727,0.2956073271000249,0.799798618077876,0.870203685873929,-0.00174104166091682
0.805,0.4311347299952799,0.6781355834210377,0.29961063188944614,0.8006609578842524,0.8683319452631431,-0.001871740610785988
0.81,0.43451496482700963,0.6739405563810837,0.3036175990926271,0.8013934406361936,0.8663298344364093,-0.0020021108267337384
0.8150000000000001,0.4378739581864463,0.6696391063147101,0.3076275788151281,0.8019959445001997,0.8641977026967987,-0.0021321317396105766
0.8200000000000001,0.44121117964959977,0.6652319124707466,0.31163992066815144,0.802468370604672,0.8619359198251436,-0.002261782871655127
0.8250000000000001,0.44452610223051464,0.6607196707961911,0.3156539738827155,0.8028106429128079,0.8595448759878115,-0.0023910438373321297
0.8300000000000001,0.4478182024644875,0.6561030938263114,0.3196690874232049,0.803022708097878,0.8570249816435395,-0.0025198943442720223
0.835,0.45108696049072816,0.6513829105721284,0.3236846101003084,0.803104535420707,0.8543766674492431,-0.0026483141942963417
0.84,0.4543318601344519,0.6465598664052955,0.32769989068335437,0.8030561166091884,0.8516003841647173,-0.002776283284525838
0.845,0.45755238898838857,0.6416347229403977,0.33171427801205267,0.802877465739664,0.8486966025561379,-0.0029037816085794033
0.85,0.46074803849369894,0.6366082579146818,0.3357271211076527,0.8025686191200064,0.8456658132983085,-0.0030307892578294027
0.855,0.4639183040202807,0.6314812650652442,0.3397377692835239,0.8021296351742443,0.8425085268755464,-0.003157286422762029
0.86,0.4670626849464564,0.6262545540036895,0.3437455722551668,0.8015605943285753,0.8392252734811702,-0.0032832533943762954
0.865,0.4701806847380268,0.6209289500882849,0.34774988024965986,0.8008615988986171,0.8358166029154981,-0.0034086705656720673
0.87,0.47327181102668026,0.6155052942936243,0.3517500441145486,0.8000327729777483,0.8322830844823088,-0.0035335184331892755
0.875,0.4763355756877419,0.6099844430778312,0.35574541542618054,0.7990742623263977,0.8286253068836847,-0.003657777598624068
0.88,0.47937149491725567,0.6043672682473119,0.35973534659749123,0.7979862342621421,0.8248438781132097,-0.0037814287704750482
0.885,0.48237908930838164,0.5986546568190889,0.36371919098524363,0.7967688775504799,0.8209394253474352,-0.0039044527657744466
0.89,0.4853578839271002,0.5928475108807293,0.3676963029967244,0.795422402296148,0.8169125948355884,-0.004026830511846824
0.895,0.4883074083872101,0.5869467474478951,0.37166603819589866,0.7939470398348574,0.812764051787461,-0.0041485430481273955
0.9,0.4912271969246069,0.5809532983195363,0.37562775340902527,0.7923430426253231,0.8084944802594322,-0.00426957152802887
0.905,0.4941167884708333,0.5748681099307485,0.3795808068297326,0.7906106841414706,0.8041045830385924,-0.004389897220839711
0.91,0.4969757267258869,0.5686921432033205,0.3835245581235561,0.7887502587647043,0.7995950815249226,-0.0045095015136698
0.915,0.4998035602302755,0.5624263733939919,0.38745836853193677,0.7867620816761249,0.7949667156114875,-0.004628365913435184
0.92,0.5025998424363073,0.556071789940451,0.3913816009756797,0.7846464887485914,0.7902202435626158,-0.004746472048871686
0.925,0.5053641317786066,0.5496293963050899,0.3952936201578723,0.7824038364385207,0.7853564418900327,-0.004863801672583046
0.93,0.5080959917438416,0.543100209816546,0.39919379266625893,0.7800345016773277,0.7803761052269089,-0.004980336663123808
0.935,0.5107949909396547,0.5364852615090551,0.40308148707507097,0.7775388817624067,0.7752800461998088,-0.005096059027100086
0.9400000000000001,0.5134607031627856,0.529785595959637,0.4069560740463088,0.774917394247564,0.7700690952985091,-0.005210950901299749
0.9450000000000001,0.516092707466372,0.5230022711231477,0.41081692643047285,0.7721704768328093,0.7647441007436567,-0.005324994554852358
0.9500000000000001,0.5186905882264236,0.5161363581652132,0.41466341936673995,0.7692985872534222,0.7593059283522609,-0.005438172391395879
0.9550000000000001,0.5212539352074522,0.509188941293082,0.418494930382581,0.7663022031682103,0.7537554614009857,-0.005550466951275146
0.96,0.5237823436272546,0.5021611175844154,0.4223108394928154,0.763181822046879,0.7480936004872405,-0.005661860913745209
0.965,0.5262754142208311,0.4950539968140456,0.42611052929809756,0.7599379610564371,0.7423212633880445,-0.005772337099196001
0.97,0.5287327533034343,0.48786870127873116,0.42989338508283037,0.7565711569465666,0.7364393849166523,-0.00588187847139221
0.975,0.5311539728327367,0.4806063656199311,0.4336587949124998,0.7530819659338848,0.7304489167769417,-0.005990468139710603
0.98,0.5335386904701069,0.47326813664463396,0.43740614973042496,0.7494709635850333,0.7243508274155389,-0.00609808936140277
0.985,0.5358865296409856,0.4658551731442623,0.4411348434539176,0.7457387446985303,0.7181461018716913,-0.006204725543847656
0.99,0.5381971195943506,0.4583686457116869,0.44484427306984425,0.7418859231853246,0.7118357416248663,-0.006310360246824964
0.995,0.5404700954612629,0.4508097365563756,0.44853383872958424,0.7379131319479947,0.705420764440087,-0.006414977184779347
1.0,0.5427050983124843,0.44317963931770965,0.45220294384337695,0.7338210227585358,0.6989022042109969,-0.006518560229090031
1.0050000000000001,0.5449017752151551,0.43547955887649414,0.45585099517405037,0.7296102661346862,0.6922811108006484,-0.006621093410348555
1.01,0.5470597792885282,0.4277107111646928,0.45947740293012407,0.7252815512147395,0.6855585498800325,-0.00672256092061585
1.0150000000000001,0.5491787697587438,0.4198743229734187,0.46308158085827805,0.720835585630799,0.6787356027643322,-0.006822947115700306
1.02,0.5512584120126425,0.4119716317592098,0.4666629463351802,0.7162730953804282,0.6718133662469228,-0.006922236517409419
1.025,0.5532983776506044,0.4040038854486195,0.4702209204586635,0.7115948246966568,0.6647929524311138,-0.007020413815808979
1.03,0.5552983445384075,0.39597234224115463,0.473754928138245,0.706801535916303,0.6576754885596442,-0.007117463871469609
1.035,0.5572579968580956,0.3878782704105935,0.47726439818497784,0.7018940093465746,0.6504621168419376,-0.00721337171770664
1.04,0.5591770251578505,0.3797229481047066,0.48074876340062744,0.6968730431299157,0.6431539942791322,-0.00730812256280533
1.045,0.5610551264008576,0.3715076631434263,0.48420746066616277,0.6917394531070667,0.6357522924868915,-0.007401701792240756
1.05,0.562892004013159,0.36323371281548156,0.48763993102955433,0.6864940726783078,0.6282581975160092,-0.00749409497088227
1.055,0.5646873679304859,0.35490240367354503,0.49104561979286865,0.6811377526628581,0.6206729096708281,-0.007585287845181088
1.06,0.5664409346440633,0.34651505132790905,0.49442397659865067,0.6756713611564072,0.6129976433254779,-0.007675266345350207
1.065,0.5681524272453791,0.33807298023873844,0.4977744555155844,0.6700957833867529,0.6052336267379579,-0.007764016587520017
1.07,0.5698215754699113,0.3295775235069218,0.501096515123422,0.6644119215675266,0.5973821018620762,-0.007851524875881699
1.075,0.5714481157398058,0.32103002266355984,0.5043896185971719,0.6586206947499869,0.589444324157262,-0.007937777704814186
1.08,0.5730317912054986,0.3124318274581207,0.5076532337905362,0.6527230386728633,0.5814215623962797,-0.008022761760982267
1.085,0.5745723517862752,0.30378429564530185,0.5108868333185873,0.6467199056102361,0.573315098470852,-0.008106463925427687
1.09,0.5760695542097611,0.295088792770621,0.5140898946396745,0.6406122642174387,0.5651262271952241,-0.008188871275627951
1.095,0.5775231620503374,0.2863466919547842,0.5172619001365494,0.6344010993749711,0.5568562561076823,-0.008269971087541794
1.1,0.5789329457664754,0.27755937367685096,0.5204023371967015,0.6280874120304152,0.5485065052700626,-0.008349750837619685
1.105,0.5802986827369836,0.2687282255562444,0.5235106982918932,0.6216722190383431,0.5400783070652586,-0.008428198204804005
1.11,0.5816201572961622,0.2598546421336258,0.5265864810568843,0.6151565529982141,0.5315730059927587,-0.008505301072499916
1.115,0.5828971607678592,0.25094002465068405,0.5296291883673356,0.6085414620902541,0.5229919584622466,-0.008581047530512143
1.12,0.5841294914984233,0.24198578082886024,0.5326383284168822,0.6018280099093147,0.5143365325852811,-0.008655425876965439
1.125,0.5853169548885461,0.23299332464705602,0.5356134147933658,0.5950172752967127,0.5056081079650815,-0.008728424620199626
1.1300000000000001,0.5864593634239929,0.22396407611834546,0.5385539665542161,0.588110352170047,0.4968080754844574,-0.00880003248062411
1.135,0.5875565367052128,0.21489946106574187,0.541459508300971,0.5811083493509978,0.4879378370919017,-0.008870238392555685
1.1400000000000001,0.5886083014758258,0.2058009108970424,0.5443295702529265,0.5740123903911079,0.4789988055858777,-0.008939031506023987
1.145,0.5896144916499821,0.19666986237879272,0.5471636883199043,0.566823613395554,0.46999240439733325,-0.009006401188544455
1.1500000000000001,0.5905749483385893,0.18750775740940345,0.5499614041741289,0.5595431708449119,0.4609200673704699,-0.00907233702686333
1.155,0.5914895198744021,0.178316042791461,0.5527222653212035,0.5521722294149225,0.4517832385418012,-0.00913682882866873
1.16,0.5923580618359732,0.16909617000325666,0.5554458251701748,0.5447119697942684,0.44258337191752617,-0.009199866624275022
1.165,0.593180437070458,0.15984959496958345,0.5581316431026767,0.5371635865003704,0.43332193124925433,-0.009261440668271836
1.17,0.5939565157152741,0.1505777778318296,0.5607792845411428,0.5295282876932147,0.4240003898081203,-0.009321541441134007
1.175,0.5946861752186067,0.14128218271740245,0.5633883210160789,0.5218072949872221,0.414620230157306,-0.009380159650814346
1.18,0.5953693003587616,0.13196427750852988,0.5659583302323848,0.5140018432611752,0.40518294392302157,-0.009437286234284414
1.185,0.5960057832623603,0.12262553361045994,0.5684888961347159,0.5061131804662142,0.3956900315639712,-0.009492912359050365
1.19,0.5965955234213741,0.11326742571911264,0.5709796089718755,0.4981425674319212,0.38614300213933545,-0.009547029424635756
1.195,0.5971384277089953,0.10389143158820661,0.573430065360228,0.49009127767050453,0.3765433730753096,-0.009599629064025839
1.2,0.5976344103943433,0.09449903179590546,0.5758398683461236,0.4819605971791055,0.3668926699302396,-0.009650703145069994
1.205,0.5980833931560025,0.08509170951101556,0.5782086274673248,0.47375182424024304,0.35719242615837754,-0.009700243771862072
1.21,0.59848530509439,0.07567095025878014,0.5805359588134269,0.4654662692204167,0.3474441828723079,-0.009748243286069658
1.215,0.5988400827429518,0.06623824168629304,0.5828214850852613,0.4571052543668888,0.33764948860407007,-0.009794694268237814
1.22,0.5991476700781841,0.056795073327585946,0.5850648356532746,0.44867011360266673,0.32780989906502156,-0.00983958953904851
1.225,0.5994080185284815,0.04734293636841038,0.5872656466148731,0.44016219231970694,0.3179269769044782,-0.009882922160543373
1.23,0.5996210869818053,0.03788332341076619,0.589423560850725,0.4315828471703652,0.3080022914671654,-0.009924685437312786
1.235,0.5997868417921768,0.028417728237197678,0.5915382280800106,0.422933445857116,0.29803741854952454,-0.009964872917640866
1.24,0.59990525678499,0.018947645574912096,0.5936093049146134,0.4142153669205655,0.2880339401549108,-0.01000347839461374
1.245,0.5999763132611449,0.009474570859741491,0.5956364549122423,0.4054299995257845,0.27799344424771755,-0.010040495907193248
1.25,0.6,9.233619329864591e-17,0.5976193486284772,0.39657874324698683,0.26791752450647216,-0.010075919741245387
1.2550000000000001,0.5999763132611449,-0.009474570859741642,0.5995576636677301,0.38766300785058005,0.25780778007594196,-0.010109744430530199
1.26,0.59990525678499,-0.018947645574911912,0.6014510847331132,0.37868421307661665,0.24766581531828435,-0.010141964757657607
1.2650000000000001,0.5997868417921768,-0.02841772823719783,0.6032993036752066,0.3696437884186734,0.23749323956329121,-0.01017257575499314
1.27,0.5996210869818053,-0.037883323410766,0.6051020195397175,0.36054317290218824,0.2272916668577531,-0.01020157270553812
1.2750000000000001,0.5994080185284815,-0.04734293636841087,0.606858938614024,0.35138381486128384,0.2170627157140019,-0.010228951143751192
1.28,0.5991476700781841,-0.05679507332758576,0.6085697744725945,0.3421671717141081,0.2068080088576569,-0.010254706856344997
1.285,0.5988400827429518,-0.06623824168629286,0.6102342480212781,0.3328947097367227,0.1965291729746218,-0.010278835883035103
1.29,0.59848530509439,-0.07567095025877996,0.611852087540456,0.3235679038355703,0.18622783845737356,-0.01030133451724824
1.295,0.5980833931560025,-0.08509170951101538,0.6134230287270487,0.3141882373185529,0.17590563915058488,-0.010322199306788682
1.3,0.5976344103943434,-0.09449903179590528,0.6149468147353725,0.3047572016647529,0.1655642120961183,-0.010341427054466584
1.305,0.5971384277089954,-0.10389143158820642,0.6164231962168366,0.295276296292831,0.15520519727743332,-0.01035901481868498
1.31,0.5965955234213741,-0.11326742571911244,0.6178519313584773,0.2857470283281326,0.1448302373634573,-0.010374959913976023
1.315,0.5960057832623603,-0.12262553361045976,0.6192327859203199,0.2761709123685382,0.13444097745194644,-0.01038925991151085
1.32,0.5953693003587616,-0.1319642775085297,0.6205655332715654,0.2665494702490904,0.12403906481239038,-0.01040191263955606
1.325,0.5946861752186067,-0.14128218271740225,0.6218499544255925,0.2568842308054338,0.1136261486284978,-0.010412916183892576
1.33,0.5939565157152741,-0.1505777778318294,0.623085838073773,0.2471767296361016,0.10320387974030559,-0.010422268888192213
1.335,0.593180437070458,-0.15984959496958326,0.6242729806180914,0.23742850886368483,0.09277391038595693,-0.010429969354348659
1.34,0.5923580618359732,-0.16909617000325647,0.6254111862025661,0.22764111689492061,0.08233789394318294,-0.01043601644277399
1.345,0.5914895198744021,-0.17831604279146082,0.6265002667434647,0.21781610817973474,0.07189748467053285,-0.010440409272650095
1.35,0.5905749483385893,-0.18750775740940392,0.627540041958311,0.20795504296927572,0.061454337448406005,-0.010443147222126845
1.355,0.5896144916499821,-0.19666986237879255,0.628530339393676,0.1980594870729771,0.05101010751990652,-0.010444229928499485
1.36,0.5886083014758258,-0.2058009108970425,0.6294709944517494,0.18813101161468512,0.04056645023158095,-0.010443657288325567
1.365,0.5875565367052128,-0.21489946106574165,0.6303618504156888,0.17817119278788962,0.03012502077407775,-0.010441429457503204
1.37,0.5864593634239929,-0.2239640761183456,0.6312027584737393,0.16818161161009546,0.01968747392275985,-0.010437546851317897
1.375,0.5853169548885461,-0.23299332464705585,0.6319935777421212,0.15816385367637278,0.009255463778330753,-0.010432010144429099
1.3800000000000001,0.5841294914984233,-0.2419857808288604,0.6327341752866817,0.14811950891212486,-0.00116935649250266,-0.010424820270833413
1.385,0.5828971607678592,-0.2509400246506839,0.6334244261433073,0.13805017132511122,-0.01158533491627177,-0.01041597842376911
1.3900000000000001,0.5816201572961622,-0.2598546421336259,0.6340642133370912,0.12795743875676557,-0.021990820971858865,-0.010405486055587096
1.395,0.5802986827369836,-0.26872822555624426,0.6346534279002554,0.11784291263284759,-0.032384165849442134,-0.010393344877583269
1.4000000000000001,0.5789329457664754,-0.27755937367685135,0.6351919688888227,0.10770819771346711,-0.042763722709214996,-0.010379556859772862
1.405,0.5775231620503374,-0.286346691954784,0.6356797433980352,0.0975549018425211,-0.05312784693985814,-0.010364124230643146
1.41,0.5760695542097611,-0.29508879277062083,0.6361166665765181,0.08738463569658211,-0.06347489641670662,-0.010347049476848474
1.415,0.5745723517862752,-0.3037842956453017,0.6365026616391845,0.07719901253327874,-0.0738032317595779,-0.010328335342871281
1.42,0.5730317912054987,-0.31243182745812054,0.6368376598788805,0.06699964793920764,-0.08411121659020991,-0.010307984830632014
1.425,0.5714481157398058,-0.3210300226635597,0.6371216006767676,0.05678815957741703,-0.09439721778928732,-0.01028600119907741
1.43,0.5698215754699113,-0.32957752350692165,0.6373544315114401,0.04656616693450252,-0.10465960575298093,-0.010262387963693609
1.435,0.5681524272453792,-0.3380729802387383,0.6375361079667768,0.03633529106735498,-0.1148967546489974,-0.01023714889601647
1.44,0.5664409346440633,-0.34651505132790883,0.6376665937385249,0.02609715434960113,-0.12510704267206527,-0.010210288023067865
1.445,0.564687367930486,-0.35490240367354486,0.6377458606396137,0.01585338021777744,-0.13528885229883114,-0.010181809626765875
1.45,0.5628920040131591,-0.3632337128154814,0.6377738886042,0.005605592917278229,-0.14544057054212717,-0.010151718243296026
1.455,0.5610551264008576,-0.37150766314342615,0.6377506656904406,-0.004644582751882119,-0.15556058920455645,-0.010120018662429286
1.46,0.5591770251578506,-0.3797229481047065,0.6376761880819933,-0.014895521689450795,-0.16564730513136475,-0.010086715926808293
1.465,0.5572579968580956,-0.3878782704105933,0.6375504600882462,-0.02514559874942246,-0.17569912046255914,-0.010051815331194397
1.47,0.5552983445384077,-0.39597234224115446,0.6373734941432733,-0.03539318899458764,-0.18571444288421718,-0.010015322421658035
1.475,0.5532983776506044,-0.4040038854486193,0.6371453108035178,-0.04563666795110286,-0.1956916858789725,-0.009977242994755331
1.48,0.5512584120126426,-0.41197163175920964,0.6368659387442026,-0.05587441186304189,-0.2056292689756008,-0.009937583096628289
1.485,0.5491787697587438,-0.41987432297341876,0.6365354147544682,-0.06610479794688655,-0.21552561799770945,-0.009896349022108647
1.49,0.5470597792885283,-0.4277107111646926,0.6361537837312385,-0.07632620464591644,-0.22537916531144098,-0.009853547313731531
1.495,0.5449017752151551,-0.4354795588764942,0.6357210986718163,-0.08653701188445662,-0.23518835007219888,-0.0098091847607579
1.5,0.5427050983124843,-0.4431796393177095,0.6352374206652065,-0.09673560132194164,-0.24495161847031338,-0.009763268398114505
1.5050000000000001,0.540470095461263,-0.4508097365563754,0.6347028188821727,-0.10692035660675607,-0.25466742397564257,-0.00971580550532919
1.51,0.5381971195943506,-0.45836864571168684,0.6341173705640237,-0.11708966362980887,-0.26433422758104264,-0.009666803605400065
1.5150000000000001,0.5358865296409856,-0.4658551731442624,0.6334811610101347,-0.12724191077780267,-0.27395049804468224,-0.009616270463639609
1.52,0.533538690470107,-0.4732681366446338,0.632794283564204,-0.13737548918615505,-0.2835147121311584,-0.009564214086476175
1.5250000000000001,0.5311539728327367,-0.4806063656199312,0.6320568395992463,-0.14748879299153278,-0.2930253548513785,-0.009510642720220064
1.53,0.5287327533034344,-0.487868701278731,0.6312689385013265,-0.15758021958395657,-0.30248091970115476,-0.009455564849776277
1.5350000000000001,0.526275414220831,-0.49505399681404566,0.6304306976520343,-0.16764816985843695,-0.3118799088985003,-0.009398989197345553
1.54,0.5237823436272546,-0.5021611175844152,0.6295422424097038,-0.1776910484660998,-0.32122083361955317,-0.009340924721052857
1.545,0.5212539352074522,-0.5091889412930819,0.62860370608938,-0.18770726406476118,-0.3305022142331271,-0.00928138061357392
1.55,0.5186905882264234,-0.5161363581652133,0.6276152299415354,-0.197695229568911,-0.3397225805338209,-0.009220366300693783
1.555,0.5160927074663721,-0.5230022711231475,0.62657696312954,-0.20765336239906523,-0.348880471973663,-0.009157891439842136
1.56,0.5134607031627857,-0.529785595959637,0.6254890627058878,-0.21758008473044582,-0.35797443789226013,-0.009093965918597124
1.565,0.5107949909396547,-0.5364852615090548,0.624351693587183,-0.22747382374094924,-0.3670030377453938,-0.009028599853133645
1.57,0.5080959917438415,-0.543100209816546,0.6231650285278912,-0.23733301185836198,-0.37596484133204433,-0.008961803586650552
1.575,0.5053641317786066,-0.5496293963050898,0.6219292480928573,-0.2471560870067848,-0.3848584290198025,-0.008893587687758164
1.58,0.5025998424363073,-0.5560717899404511,0.6206445406285962,-0.25694149285222456,-0.3936823919686268,-0.008823962948824315
1.585,0.4998035602302755,-0.5624263733939917,0.6193111022333596,-0.26668767904731444,-0.40243533235291307,-0.008752940384286256
1.59,0.4969757267258869,-0.5686921432033204,0.617929136725984,-0.2763931014751235,-0.4111158635818482,-0.00868053122893514
1.595,0.49411678847083323,-0.5748681099307487,0.6164988556135239,-0.2860562224920154,-0.4197226105179973,-0.008606746936149101
1.6,0.4912271969246068,-0.5809532983195365,0.6150204780576763,-0.2956755111695172,-0.4282542096941039,-0.008531599176106575
1.605,0.48830740838721026,-0.5869467474478948,0.6134942308400005,-0.30524944353516004,-0.43670930952806003,-0.008455099833956148
1.61,0.48535788392710016,-0.5928475108807294,0.6119203483259393,-0.3147765028122517,-0.4450865705360195,-0.008377261007959491
1.615,0.4823790893083817,-0.5986546568190888,0.6102990724276466,-0.32425517965854306,-0.4533846655435973,-0.008298095007577777
1.62,0.4793714949172557,-0.6043672682473118,0.6086306525656279,-0.33368397240374964,-0.46160227989516694,-0.008217614351569646
1.625,0.476335575687742,-0.6099844430778311,0.6069153456291985,-0.34306138728589014,-0.4697381116611667,-0.008135831765999746
1.6300000000000001,0.47327181102668026,-0.6155052942936243,0.6051534159357664,-0.3523859386864035,-0.4777908718434236,-0.008052760182256924
1.635,0.4701806847380269,-0.6209289500882847,0.6033451351889464,-0.36165614936400703,-0.48575928457844286,-0.007968412735019248
1.6400000000000001,0.4670626849464563,-0.6262545540036896,0.6014907824355101,-0.3708705506872578,-0.493642087338637,-0.007882802760194152
1.645,0.46391830402028067,-0.6314812650652442,0.5995906440211812,-0.38002768286577904,-0.501438031131457,-0.007795943792820004
1.6500000000000001,0.4607480384936989,-0.6366082579146819,0.5976450135452807,-0.38912609518011576,-0.5091458806963987,-0.007707849564941638
1.655,0.4575523889883888,-0.6416347229403975,0.5956541918142297,-0.39816434621018143,-0.5167644146998478,-0.00761853400344914
1.6600000000000001,0.45433186013445176,-0.6465598664052957,0.5936184867939185,-0.40714100406225906,-0.5242924259277449,-0.007528011227897147
1.665,0.45108696049072833,-0.6513829105721283,0.5915382135609459,-0.41605464659452057,-0.5317287214760095,-0.0074362955482645265
1.67,0.4478182024644875,-0.6561030938263114,0.5894136942527408,-0.42490386164102784,-0.5390721229387437,-0.007343401462734267
1.675,0.44452610223051453,-0.6607196707961911,0.5872452580165699,-0.4336872472341797,-0.5463214665941236,-0.007249343655379881
1.68,0.4412111796495997,-0.6652319124707466,0.585033240957442,-0.44240341182556836,-0.5534756035880002,-0.00715413699387657
1.685,0.43787395818644625,-0.6696391063147101,0.5827779860849159,-0.4510509745052108,-0.5605334001151565,-0.007057796527156324
1.69,0.4345149648270098,-0.6739405563810834,0.5804798432588203,-0.4596285652191192,-0.5674937375981883,-0.00696033748303182
1.695,0.43113472999527996,-0.6781355834210376,0.5781391691338944,-0.46813482498517484,-0.5743555128640008,-0.006861775265812442
1.7,0.42773378746952184,-0.6822235249911726,0.575756327103358,-0.4765684061072729,-0.5811176383178618,-0.006762125453861012
1.705,0.4243126742979853,-0.6862037355581254,0.5733316872414195,-0.4849279723877011,-0.5877790421150169,-0.006661403797155074
1.71,0.4208719307140988,-0.6900755866005077,0.5708656262447309,-0.49321219933771976,-0.5943386683298184,-0.0065596262148015505
1.715,0.41741210005116075,-0.6938384667081556,0.5683585273727993,-0.5014197743863096,-0.6007954771223425,-0.0064568087925240825
1.72,0.41393372865654027,-0.6974917816786798,0.5658107803873641,-0.509549397087052,-0.6071484449024792,-0.00635296778013672
1.725,0.41043736580540335,-0.7010349546112955,0.5632227814907486,-0.5175997793231113,-0.6133965644914542,-0.006248119588974976
1.73,0.40692356361397536,-0.7044674259979229,0.5605949332631971,-0.5255696455102832,-0.6195388452807704,-0.0061422807893162235
1.735,0.403392876952355,-0.7077886538115402,0.5579276445992067,-0.5334577327980791,-0.6255743133885376,-0.006035468107767228
1.74,0.39984586335689604,-0.7109981135917739,0.5552213306428627,-0.5412627912688128,-0.6315020118131542,-0.005927698424616601
1.745,0.3962830829421629,-0.71409529852772,0.5524764127221894,-0.5489835841346584,-0.6373210005843483,-0.0058189887711940225
1.75,0.39270509831248424,-0.7170797195379733,0.5496933182825261,-0.5566188879326472,-0.6430303569115141,-0.005709356327165849
1.7550000000000001,0.38911247447311054,-0.7199509053478598,0.5468724808189382,-0.5641674927175727,-0.6486291753293489,-0.005598818417834828
1.76,0.38550577874099284,-0.722708402563856,0.5440143398076743,-0.5716282022527726,-0.6541165678407601,-0.005487392511411171
1.7650000000000001,0.3818855806551975,-0.725351775745186,0.5411193406366805,-0.5789998341987579,-0.6594916640570078,-0.0053750962162476545
1.77,0.37825245188696904,-0.7278806074725812,0.5381879345351822,-0.5862812202996577,-0.6647536113350807,-0.005261947278072943
1.7750000000000001,0.3746069661494563,-0.7302944984141967,0.535220578502345,-0.5934712065674509,-0.6699015749122673,-0.0051479635771866095
1.78,0.3709496991071175,-0.7325930673886702,0.5322177352350251,-0.6005686534639548,-0.6749347380379058,-0.005033163125638507
1.7850000000000001,0.3672812282848142,-0.7347759514253149,0.5291798730546224,-0.607572436080542,-0.679852302102302,-0.0049175640643961405
1.79,0.3636021329766164,-0.7368428058214364,0.5261074658330447,-0.6144814443155556,-0.6846534867627636,-0.004801184660461644
1.795,0.35991299415432215,-0.738793304196766,0.5230009929177977,-0.6212945830493963,-0.6893375300667838,-0.004684043304020169
1.8,0.3562143943757174,-0.7406271385449992,0.5198609390562114,-0.6280107723172516,-0.6939036885722943,-0.004566158505510565
1.805,0.35250691769258274,-0.742344019282434,0.5166877943188143,-0.63462894747944,-0.6983512374650153,-0.004447548892720921
1.81,0.348791149558465,-0.7439436752936992,0.5134820540218675,-0.641148059389344,-0.7026794706728572,-0.004328233207841925
1.815,0.34506767673622724,-0.7454258539745668,0.510244218649073,-0.6475670745589039,-0.7068877009773704,-0.0042082303045132274
1.82,0.3413370872053915,-0.7467903212718413,0.5069747937724648,-0.6538849753216451,-0.71097526012222,-0.004087559144849595
1.825,0.3375999700692914,-0.7480368617203188,0.5036742899724987,-0.6601007599932163,-0.7149414989186599,-0.003966238796439869
1.83,0.33385691546204455,-0.7491652784768124,0.5003432227573517,-0.6662134430294087,-0.7187857873480067,-0.0038442884293468094
1.835,0.3301085144553645,-0.7501753933512351,0.49698211248144347,-0.672222055181634,-0.7225075146610829,-0.003721727313076184
1.84,0.32635535896522294,-0.7510670468347385,0.49359148426319427,-0.6781256436498355,-0.7261060894746229,-0.0035985748135399787
1.845,0.32259804165837974,-0.7518400981249013,0.4901718679020302,-0.6839232722328065,-0.7295809398646181,-0.0034748503899952876
1.85,0.31883715585879396,-0.7524944251479632,0.48672379779465075,-0.6896140214758948,-0.7329315134565917,-0.003350573591973549
1.855,0.3150732954539311,-0.7530299245781021,0.4832478128505704,-0.6951969888160676,-0.7361572775127887,-0.0032257640561970113
1.86,0.3113070548009802,-0.7534465118537506,0.47974445640694885,-0.7006712887243138,-0.7392577190162708,-0.0031004415034820987
1.865,0.3075390286330013,-0.7537441211909479,0.47621427614272205,-0.7060360528453619,-0.742232344751878,-0.0029746257356072503
1.87,0.30376981196500585,-0.7539227055937304,0.4726578239920486,-0.7112904301346906,-0.7450806813840992,-0.002848336632221171
1.875,0.30000000000000004,-0.7539822368615503,0.4690756560570845,-0.7164335869928111,-0.74780227553177,-0.002721594147670814
1.8800000000000001,0.29623018803499424,-0.7539227055937304,0.4654683325201005,-0.7214647073967974,-0.7503966938396408,-0.0025944183078707717
1.885,0.2924609713669987,-0.7537441211909479,0.46183641755495525,-0.7263829930290469,-0.7528635230467765,-0.002466829207135701
1.8900000000000001,0.2886929451990196,-0.7534465118537504,0.45818047923793903,-0.7311876634032484,-0.7552023700517844,-0.0023388470050078602
1.895,0.28492670454606905,-0.7530299245781021,0.45450108945800133,-0.7358779559875377,-0.7574128619748611,-0.002210491923076763
1.9000000000000001,0.2811628441412059,-0.7524944251479632,0.4507988238263772,-0.7404531263248227,-0.7594946462166432,-0.0020817842417820698
1.905,0.2774019583416203,-0.7518400981249013,0.4470742615856259,-0.7449124481502569,-0.7614473905138595,-0.0019527442972162579
1.9100000000000001,0.27364464103477687,-0.7510670468347383,0.4433279855180967,-0.7492552135058435,-0.7632707829917753,-0.0018233924779158528
1.915,0.2698914855446356,-0.7501753933512351,0.43956058185383595,-0.7534807328521518,-0.7649645322134015,-0.0016937492216262395
1.92,0.2661430845379555,-0.7491652784768124,0.4357726401779503,-0.7575883351771289,-0.7665283672255049,-0.0015638350121033318
1.925,0.2624000299307087,-0.7480368617203189,0.4319647533374404,-0.7615773681019872,-0.7679620376013546,-0.0014336703758497382
1.93,0.2586629127946085,-0.7467903212718413,0.42813751734751965,-0.7654471979841532,-0.769265313480248,-0.0013032758788933396
1.935,0.2549323232637728,-0.7454258539745668,0.42429153129743336,-0.7691972100172598,-0.7704379856037797,-0.0011726721235317816
1.94,0.25120885044153507,-0.7439436752936992,0.42042739725579253,-0.7728268083281671,-0.7714798653488599,-0.0010418797450801875
1.945,0.24749308230741732,-0.742344019282434,0.41654572017543756,-0.7763354160709942,-0.7723907847574792,-0.0009109194086193151
1.95,0.2437856056242827,-0.7406271385449992,0.4126471077978468,-0.7797224755181511,-0.7731705965631976,-0.0007798118057184
1.955,0.240087005845678,-0.738793304196766,0.40873217055710503,-0.7829874481483513,-0.7738191742143797,-0.0006485776511820918
1.96,0.23639786702338364,-0.7368428058214365,0.40480152148344706,-0.7861298147315948,-0.774336411894153,-0.0005172376797732969
1.965,0.23271877171518565,-0.7347759514253149,0.4008557761063915,-0.7891490754111063,-0.7747222245370914,-0.0003858126429383546
1.97,0.22905030089288256,-0.7325930673886702,0.3968955523574804,-0.792044749782216,-0.7749765478426236,-0.0002543233055322114
1.975,0.2253930338505435,-0.7302944984141967,0.3929214704726396,-0.7948163769681699,-0.7750993382851626,-0.0001227904425390447
1.98,0.2217475481130311,-0.7278806074725812,0.38893415289417527,-0.7974635156928591,-0.775090573120952,8.765164210666754e-06
1.985,0.21811441934480233,-0.7253517757451858,0.384934224172423,-0.7999857443504541,-0.7749502503916397,0.00014032272931230327
1.99,0.2144942212590073,-0.7227084025638562,0.38092231086706335,-0.8023826610719353,-0.7746783889245482,0.000271861467091461
1.995,0.2108875255268896,-0.7199509053478599,0.3768990414481208,-0.8046538837885076,-0.7742750283296952,0.00040336059485301945
2.0,0.20729490168751583,-0.7170797195379734,0.3728650461966614,-0.8067990502918898,-0.7737402289934978,0.000534799336197378
2.005,0.20371691705783718,-0.7140952985277201,0.368820957105204,-0.8088178182914694,-0.7730740720692219,0.0006661569242759624
2.0100000000000002,0.200154136643104,-0.7109981135917739,0.36476740777786243,-0.810709865468312,-0.7722766594641378,0.0007974126050840358
2.015,0.19660712304764486,-0.7077886538115401,0.36070503333023235,-0.81247488952602,-0.7713481138234052,0.0009285456407326365
2.02,0.19307643638602473,-0.704467425997923,0.3566344702890402,-0.814112608238428,-0.77028857851068,0.0010595353127251794
2.025,0.18956263419459676,-0.7010349546112956,0.3525563564915696,-0.8156227594941322,-0.7690982175854494,0.0011903609252306158
2.0300000000000002,0.18606627134345957,-0.6974917816786795,0.34847133098488037,-0.8170051013378425,-0.7677772157771061,0.0013210018083432695
2.035,0.1825878999488391,-0.6938384667081555,0.3443800339248376,-0.8182594120085538,-0.766325778455741,0.001451437321365101
2.04,0.17912806928590125,-0.6900755866005078,0.340283106474965,-0.8193854899745278,-0.7647441315996959,0.0015816468560451158
2.045,0.17568732570201476,-0.6862037355581256,0.3361811907051396,-0.8203831539650825,-0.7630325217598554,0.0017116098398405333
2.05,0.17226621253047847,-0.682223524991173,0.33207492949014367,-0.8212522429991824,-0.7611912160206783,0.0018413057391770682
2.055,0.1688652700047201,-0.6781355834210377,0.32796496640808953,-0.8219926164108241,-0.7592205019580096,0.001970714062668688
2.06,0.16548503517299026,-0.6739405563810835,0.32385194563873343,-0.8226041538712168,-0.7571206875936273,0.0020998143643823353
2.065,0.16212604181355378,-0.6696391063147102,0.31973651186169466,-0.8230867554077496,-0.7548921013465891,0.0022285862470381446
2.07,0.15878882035040034,-0.6652319124707469,0.31561931015459593,-0.8234403414197462,-0.7525350919813424,0.0023570093652467428
2.075,0.1554738977694853,-0.660719670796191,0.3115009858911409,-0.823664852691003,-0.7500500285526213,0.0024850634287211237
2.08,0.1521817975355126,-0.6561030938263116,0.30738218463914535,-0.8237602503991077,-0.7474373003471395,0.0026127282054817513
2.085,0.1489130395092718,-0.6513829105721284,0.30326355205853767,-0.8237265161215391,-0.744697316822102,0.0027399835250374593
2.09,0.1456681398655483,-0.646559866405296,0.29914573379934495,-0.8235636518385446,-0.7418305075405084,0.002866809281593663
2.095,0.14244761101161127,-0.6416347229403976,0.29502937539968094,-0.8232716799327974,-0.7388373221033033,0.0029931854372050593
2.1,0.13925196150630095,-0.6366082579146817,0.29091512218375176,-0.8228506431858315,-0.7357182300783411,0.003119092024962189
2.105,0.13608169597971942,-0.6314812650652444,0.2868036191598955,-0.8223006047712558,-0.7324737209262185,0.003244509152122599
2.11,0.1329373150535437,-0.6262545540036898,0.28269551091867173,-0.8216216482447485,-0.7291043039229551,0.0033694170032634307
2.115,0.12981931526197293,-0.6209289500882845,0.27859144153101756,-0.8208138775308331,-0.7256105080795389,0.0034937958434162475
2.12,0.1267281889733198,-0.6155052942936244,0.2744920544464854,-0.8198774169064378,-0.721992882058365,0.003617626021173881
2.125,0.12366442431225812,-0.6099844430778312,0.2703979923915792,-0.8188124109812419,-0.7182519940865745,0.0037408879717905075
2.13,0.12062850508274435,-0.604367268247312,0.26630989726820514,-0.8176190246748106,-0.7143884318662866,0.0038635622202878306
2.1350000000000002,0.11762091069161838,-0.5986546568190889,0.2622284100522525,-0.8162974431905237,-0.7104028024817725,0.003985629384514189
2.14,0.11464211607289966,-0.5928475108807292,0.258154170692321,-0.8148478719863006,-0.7062957323035601,0.004107070178212324
2.145,0.11169259161278978,-0.5869467474478949,0.25408781800861036,-0.813270536742128,-0.7020678668894949,0.004227865414065279
2.15,0.1087728030753932,-0.5809532983195366,0.2500299895919884,-0.8115656833243928,-0.6977198708827693,0.00434799600672553
2.1550000000000002,0.10588321152916659,-0.5748681099307484,0.24598132170325326,-0.8097335777470291,-0.6932524279069456,0.004467442975823688
2.16,0.10302427327411294,-0.5686921432033201,0.24194244917260585,-0.8077745061294828,-0.6886662404579634,0.004586187448982204
2.165,0.10019643976972456,-0.5624263733939919,0.23791400529934834,-0.8056887746515009,-0.6839620297931909,0.004704210664772557
2.17,0.09740015756369269,-0.5560717899404511,0.23389662175182457,-0.8034767095047546,-0.6791405358174969,0.00482149397569398
2.1750000000000003,0.09463586822139321,-0.5496293963050894,0.22989092846761808,-0.8011386568413008,-0.6742025169663811,0.004938018851115777
2.18,0.09190400825615848,-0.543100209816546,0.2258975535540236,-0.7986749827188926,-0.669148750086178,0.005053766880203092
2.185,0.0892050090603452,-0.5364852615090548,0.22191712318880788,-0.7960860730431459,-0.6639800303113623,0.0051687197748157
2.19,0.08653929683721452,-0.5297855959596374,0.21795026152127503,-0.793372333506572,-0.6586971709389502,0.00528285937241213
2.195,0.08390729253362805,-0.523002271123148,0.2139975905736526,-0.7905341895244856,-0.6533010033000484,0.005396167638901828
2.2,0.08130941177357644,-0.516136358165213,0.21005973014281362,-0.7875720861677988,-0.6477923766285427,0.005508626671505645
2.205,0.07874606479254788,-0.5091889412930823,0.20613729770235006,-0.7844864880927103,-0.6421721579269646,0.005620218701578139
2.21,0.0762176563727454,-0.5021611175844155,0.20223090830501356,-0.781277879467302,-0.636441231829559,0.005730926097405553
2.215,0.07372458577916903,-0.49505399681404616,0.19834117448553829,-0.7779467638950558,-0.6306005004625532,0.0058407313670058025
2.22,0.07126724669656563,-0.487868701278731,0.19446870616386178,-0.7744936643352992,-0.6246508833016758,0.005949617160877385
2.225,0.06884602716726322,-0.4806063656199309,0.1906141105487588,-0.7709191230205961,-0.6185933170269267,0.006057566274749182
2.23,0.0664613095298931,-0.4732681366446343,0.18677799204190332,-0.7672237013710927,-0.6124287553746385,0.006164561652288181
2.235,0.06411347035901442,-0.4658551731442626,0.18296095214237415,-0.7634079799058348,-0.6061581689868416,0.006270586387796873
2.24,0.06180288040564932,-0.4583686457116865,0.1791635893516188,-0.7594725581510675,-0.5997825452579548,0.006375623728886781
2.245,0.05952990453873708,-0.45080973655637563,0.17538649907889112,-0.7554180545455353,-0.5933028881788346,0.006479657079120238
2.25,0.0572949016875158,-0.44317963931770976,0.17163027354717714,-0.7512451063427942,-0.5867202181782092,0.006582670000625401
2.255,0.055098224784844815,-0.4354795588764942,0.16789550169962436,-0.7469543695105525,-0.5800355719615038,0.006684646216705392
2.2600000000000002,0.05294022071147176,-0.42771071116469284,0.16418276910648907,-0.7425465186270579,-0.5732500023471068,0.0067855696143970246
2.265,0.0508212302412562,-0.41987432297341876,0.16049265787261635,-0.7380222467745444,-0.5663645781000862,0.006885424247020544
2.27,0.048741587987357435,-0.4119716317592096,0.15682574654546758,-0.7333822654297576,-0.5593803837633902,0.006984194336696059
2.275,0.04670162234939557,-0.40400388544861954,0.1531826100237097,-0.7286273043515749,-0.5522985194865522,0.00708186427683799
2.2800000000000002,0.04470165546159238,-0.39597234224115446,0.149563819466381,-0.7237581114657395,-0.5451201008519395,0.00717841863461266
2.285,0.04274200314190424,-0.387878270410593,0.1459699422026474,-0.7187754527467248,-0.5378462586985532,0.007273842153386334
2.29,0.04082297484214945,-0.3797229481047067,0.14240154164216365,-0.7136801120967488,-0.5304781389434298,0.0073681197551234145
2.295,0.038944873599142324,-0.3715076631434261,0.13885917718605387,-0.7084728912219573,-0.5230169024006571,0.007461236542772642
2.3000000000000003,0.03710799598684079,-0.36323371281548106,0.1353434041385249,-0.7031546095057969,-0.5154637245980366,0.007553177802620548
2.305,0.035312632069514016,-0.35490240367354486,0.13185477361912692,-0.6977261038795941,-0.507819795591421,0.007643929006615591
2.31,0.03355906535593662,-0.34651505132790883,0.1283938324756751,-0.6921882286903657,-0.5000863197767681,0.00773347581465289
2.315,0.03184757275462093,-0.33807298023873883,0.1249611231978457,-0.6865418555658774,-0.49226451569991353,0.007821804076854566
2.32,0.030178424530088743,-0.3295775235069222,0.12155718383146083,-0.6807878732769744,-0.4843556158641248,0.00790889983578874
2.325,0.02855188426019409,-0.32103002266355934,0.1181825478934748,-0.6749271875972046,-0.47636086653543996,0.007994749328684825
2.33,0.026968208794501337,-0.3124318274581211,0.11483774428767603,-0.6689607211597566,-0.4682815275458379,0.008079338989602058
2.335,0.02542764821372474,-0.30378429564530196,0.11152329722111735,-0.6628894133117356,-0.46011887209426944,0.008162655451568468
2.34,0.023930445790239018,-0.2950887927706217,0.10823972612128835,-0.6567142199658002,-0.4518741865455692,0.008244685548700226
2.345,0.022476837949662588,-0.28634669195478396,0.10498754555404244,-0.6504361134491823,-0.44354877022729833,0.008325416318270884
2.35,0.021067054233524563,-0.277559373676851,0.10176726514229185,-0.6440560823501162,-0.4351439352245299,0.008404835002768452
2.355,0.01970131726301646,-0.26872822555624476,0.09857938948548337,-0.637575131361699,-0.4266610061726295,0.0084829290519004
2.36,0.018379842703837846,-0.2598546421336262,0.09542441807986733,-0.6309942811232077,-0.41810132004804856,0.008559686124580912
2.365,0.01710283923214061,-0.2509400246506835,0.09230284523957284,-0.6243145680588991,-0.4094662259571692,0.00863509409087937
2.37,0.01587050850157673,-0.24198578082886066,0.08921516001850126,-0.617537044214316,-0.4007570849232335,0.008709141033935719
2.375,0.01468304511145394,-0.23299332464705616,0.08616184613305063,-0.6106627770901274,-0.39197526967139534,0.008781815251838132
2.38,0.013540636576007114,-0.22396407611834554,0.08314338188568299,-0.6036928494735275,-0.38312216441191804,0.0088531052594773
2.3850000000000002,0.012443463294787249,-0.21489946106574195,0.08016024008934688,-0.5966283592672214,-0.37419916462156194,0.008922999790356101
2.39,0.01139169852417422,-0.20580091089704247,0.07721288799276677,-0.5894704193160231,-0.36520767682319333,0.008991487798368614
2.395,0.010385508350017836,-0.19666986237879253,0.07430178720661129,-0.5822201572310947,-0.35614911836364666,0.009058558459546673
2.4,0.00942505166141071,-0.18750775740940417,0.07142739363055202,-0.5748787152118533,-0.3470249171898801,0.009124201173766555
2.4050000000000002,0.008510480125597774,-0.17831604279146077,0.06859015738122415,-0.5674472498655747,-0.3378365116234564,0.009188405566423696
2.41,0.007641938164026829,-0.16909617000325608,0.06579052272110054,-0.5599269320247212,-0.32858535013338297,0.009251161490073434
2.415,0.006819562929541989,-0.15984959496958354,0.06302892798829042,-0.5523189465620237,-0.3192728911073551,0.009312459026027897
2.42,0.006043484284725942,-0.15057777783182935,0.06030580552727369,-0.5446244922033469,-0.30990060262142805,0.009372288485927027
2.4250000000000003,0.00531382478139335,-0.1412821827174019,0.05762158162058186,-0.5368447813383656,-0.3004699622081604,0.009430640413267632
2.43,0.004630699641238367,-0.13196427750852965,0.054976676421436436,-0.5289810398290852,-0.29098245662326594,0.009487505584894473
2.435,0.003994216737639555,-0.12262553361045969,0.05237150388735527,-0.5210345068162334,-0.2814395816108077,0.009542875012458263
2.44,0.0034044765786258144,-0.11326742571911305,0.049806471714737496,-0.5130064345235553,-0.2718428416669725,0.009596739943835197
2.445,0.0028615722910046437,-0.10389143158820703,0.04728198127443728,-0.5048980880600428,-0.26219374980246446,0.00964909186450802
2.45,0.0023655896056566372,-0.09449903179590491,0.044798427548336635,-0.49671074522012937,-0.25249382730355296,0.009699922498911495
2.455,0.0019166068439974814,-0.08509170951101598,0.042356199066927225,-0.4884456962818813,-0.242744603491815,0.009749223811737956
2.46,0.001514694905609948,-0.07567095025878022,0.03995567784791114,-0.4801042438032178,-0.23294761548260756,0.009796988009207447
2.465,0.0011599172570482819,-0.0662382416862938,0.03759723933583018,-0.4716877024161922,-0.2231044079423103,0.009843207540297272
2.47,0.0008523299218158197,-0.0567950733275857,0.035281252342733355,-0.46319739861936593,-0.2132165328443752,0.009887875097935095
2.475,0.0005919814715185323,-0.04734293636841047,0.033008078989891804,-0.4546346705683096,-0.20328554922422293,0.009930983620152267
2.48,0.00037891301819475975,-0.03788332341076661,0.030778074650570492,-0.4460008678642623,-0.19331302293302371,0.009972526291199213
2.485,0.00021315820782323857,-0.028417728237198108,0.02859158789386557,-0.43729735134098435,-0.18330052639040215,0.010012496542621568
2.49,9.474321501001803e-05,-0.01894764557491152,0.02644896042961639,-0.4285254928498358,-0.17324963833610496,0.010050888054297186
2.495,2.3686738855166478e-05,-0.00947457085974192,0.024350527054400814,-0.41968667504311546,-0.16316194358067093,0.010087694755434029
2.5,0.0,-1.8467238659729181e-16,0.02229661559862234,-0.4107822911556942,-0.15303903275514102,0.010122910825529907
2.505,2.3686738855166478e-05,0.009474570859741549,0.020287546874697457,-0.4018137447849772,-0.14288250205985167,0.01015653069528935
2.5100000000000002,9.474321501001803e-05,0.01894764557491182,0.018323634626351306,-0.39278244966923015,-0.1326939530123467,0.010188549047504963
2.515,0.00021315820782323857,0.028417728237197737,0.016405185479029787,-0.3836898294643034,-0.12247499219445075,0.010218960817895958
2.52,0.00037891301819475975,0.037883323410766244,0.014532498891435833,-0.374537317518791,-0.1122272309985426,0.010247761195908159
2.525,0.0005919814715185323,0.0473429363684101,0.01270586710819754,-0.3653263566476585,-0.10195228537306907,0.010274945625473528
2.5300000000000002,0.0008523299218158197,0.056795073327586,0.010925575113675659,-0.3560583989043762,-0.09165177556733908,0.010300509805729982
2.535,0.0011599172570482819,0.06623824168629343,0.009191900586917693,-0.3467349053515934,-0.08132732587564026,0.010324449691698823
2.54,0.001514694905609948,0.07567095025877986,0.00750511385776574,-0.3373573458303905,-0.07098056438071507,0.010346761494925194
2.545,0.0019166068439974814,0.08509170951101562,0.005865477864125019,-0.3279271987281443,-0.060613122696638225,0.010367441684076842
2.5500000000000003,0.0023655896056566706,0.09449903179590587,0.004273248110399798,-0.31844595074504417,-0.05022663571113978,0.010386486985498447
2.555,0.0028615722910046437,0.10389143158820667,0.0027286726271033195,-0.30891509665929573,-0.03982274132740861,0.010403894383731169
2.56,0.0034044765786258144,0.11326742571911269,0.0012319919316480773,-0.29933613909104845,-0.029403080205419166,0.010419661121989443
2.565,0.003994216737639555,0.12262553361045933,-0.00021656100967734995,-0.28971058826508544,-0.0189692955028265,0.010433784702592666
2.57,0.004630699641238367,0.13196427750852927,-0.0016167608185389114,-0.2800399617723123,-0.00852303261546232,0.01044626288736418
2.575,0.005313824781393417,0.14128218271740284,-0.002968389740189325,-0.27032578433008264,0.001934061082517799,0.010457093697980119
2.58,0.006043484284725909,0.150577777831829,-0.004271237677896318,-0.2605695875413987,0.012400336498801429,0.01046627541628363
2.585,0.006819562929541956,0.15984959496958318,-0.005525102226161439,-0.2507729096530243,0.02287414308336086,0.01047380658455943
2.59,0.007641938164026796,0.16909617000325572,-0.006729788702724184,-0.24093729531254898,0.033353829089117146,0.010479686005756286
2.595,0.008510480125597807,0.17831604279146107,-0.007885110179346391,-0.23106429532444134,0.043837741832802174,0.010483912743685028
2.6,0.009425051661410676,0.18750775740940384,-0.008990887511372041,-0.22115546640513015,0.0543242279559592,0.01048648612315703
2.605,0.010385508350017768,0.19666986237879214,-0.010046949366057802,-0.21121237093715214,0.06481163368605768,0.010487405730098473
2.61,0.011391698524174187,0.20580091089704208,-0.011053132249669827,-0.20123657672240505,0.07529830509767099,0.010486671411613316
2.615,0.012443463294787281,0.21489946106574223,-0.01200928053334255,-0.19122965673454467,0.08578258837367497,0.01048428327600398
2.62,0.01354063657600708,0.2239640761183452,-0.012915246477695378,-0.18119318887056582,0.09626283006643149,0.01048024169275652
2.625,0.014683045111453907,0.23299332464705577,-0.013770890256203405,-0.17112875570160532,0.10673737735891874,0.010474547292487243
2.63,0.015870508501576695,0.24198578082886027,-0.014576079977318442,-0.16103794422300755,0.11720457832575144,0.010467200966832707
2.6350000000000002,0.01710283923214064,0.25094002465068377,-0.015330691705336897,-0.15092234560369097,0.12766278219406885,0.010458203868317403
2.64,0.018379842703837777,0.25985464213362586,-0.016034609480011175,-0.14078355493485584,0.13811033960423702,0.010447557410168173
2.645,0.019701317263016393,0.2687282255562444,-0.016687725334901538,-0.13062317097807266,0.14854560287032792,0.0104352632660909
2.65,0.021067054233524497,0.2775593736768507,-0.017289939314465493,-0.12044279591279115,0.1589669262403348,0.010421323370006869
2.6550000000000002,0.02247683794966262,0.28634669195478424,-0.01784115948988204,-0.1102440350833093,0.16937266615608448,0.010405739915749695
2.66,0.023930445790238952,0.2950887927706214,-0.018341301973608254,-0.100028496745243,0.17976118151279463,0.010388515356710148
2.665,0.025427648213724705,0.30378429564530157,-0.018790290932665935,-0.089797791811536,0.19013083391825494,0.010369652405460311
2.67,0.026968208794501267,0.31243182745812076,-0.019188058600656185,-0.07955353359805019,0.2004799879515739,0.010349154033318958
2.6750000000000003,0.028551884260194258,0.32103002266356023,-0.019534545288500068,-0.06929733756877655,0.21080701142145447,0.01032702346988057
2.68,0.030178424530088677,0.3295775235069219,-0.019829699393903603,-0.0590308210807071,0.22111027562396068,0.010303264202506213
2.685,0.03184757275462086,0.33807298023873844,-0.020073477409545643,-0.048755603128407626,0.23138815559974163,0.010277879975780946
2.69,0.03355906535593656,0.3465150513279085,-0.020265843929987305,-0.03847330408833248,0.2416390303906492,0.010250874790907583
2.695,0.03531263206951395,0.35490240367354453,-0.020406771657301908,-0.028185545462920764,0.251861283295738,0.010222252905088769
2.7,0.03710799598684099,0.3632337128154819,-0.02049624140542448,-0.017893949624514845,0.26205330212658295,0.010192018830844973
2.705,0.03894487359914226,0.37150766314342576,-0.02053424210322019,-0.007600139559141761,0.27221347946188745,0.010160177335304499
2.71,0.04082297484214938,0.3797229481047064,-0.020520770796271178,0.002694261389802142,0.2823402129013456,0.010126733439458135
2.715,0.04274200314190417,0.3878782704105926,-0.02045583264738156,0.01298762977792336,0.2924319053186967,0.010091692417351139
2.72,0.044701655461592445,0.3959723422411547,-0.02033944093580047,0.023278342316218725,0.302486965113964,0.010055059795267274
2.725,0.046701622349395476,0.4040038854486192,-0.020171617055163276,0.03356477612743868,0.312503806464802,0.010016841350838024
2.73,0.04874158798735737,0.41197163175920926,-0.01995239051015135,0.043845309002385195,0.32248084957694995,0.00997704311214792
2.735,0.0508212302412561,0.4198743229734184,-0.01968179891187083,0.054118319656104086,0.33241652093372237,0.009935671356772424
2.74,0.05294022071147183,0.4277107111646931,-0.01935988797195117,0.06438218798393168,0.3423092535445087,0.009892732610786326
2.745,0.05509822478484475,0.43547955887649387,-0.0189867114953644,0.0746352953173545,0.35215748719224205,0.009848233647733351
2.75,0.05729490168751573,0.44317963931770943,-0.018562331371966185,0.08487602467964259,0.361959668679809,0.009802181487566952
2.755,0.05952990453873701,0.4508097365563753,-0.01808681756676011,0.09510276104121505,0.3717142520753328,0.00975458339552382
2.7600000000000002,0.06180288040564938,0.45836864571168673,-0.017560248108886616,0.10531389157469848,0.38141969895632355,0.009705446880990731
2.765,0.06411347035901435,0.4658551731442624,-0.016982709079338427,0.11550780590963747,0.391074478652636,0.009654779696312454
2.77,0.066461309529893,0.47326813664463396,-0.016354294597404343,0.12568289638681693,0.4006770684882046,0.009602589835568609
2.775,0.06884602716726308,0.4806063656199306,-0.015675106805843563,0.135837558312156,0.4102259540215157,0.009548885533311069
2.7800000000000002,0.0712672466965657,0.48786870127873116,-0.014945255854792892,0.1459701902101343,0.4197196292847841,0.009493675263268442
2.785,0.07372458577916893,0.4950539968140458,-0.014164859884409346,0.1560791940767092,0.42915659702177694,0.009436967736992818
2.79,0.0762176563727453,0.5021611175844152,-0.013334045006250921,0.16616297563168508,0.43853536892428135,0.009378771902504413
2.795,0.07874606479254778,0.509188941293082,-0.012452945283398449,0.17621994457049453,0.44785446586714794,0.00931909694286659
2.8000000000000003,0.0813094117735767,0.5161363581652137,-0.011521702709321692,0.1862485148153514,0.45711241814188286,0.009257952274734915
2.805,0.08390729253362796,0.5230022711231477,-0.010540467185493008,0.19624710476573667,0.46630776568875343,0.00919534754687057
2.81,0.08653929683721442,0.5297855959596371,-0.009509396497752122,0.20621413754817713,0.47543905832738176,0.00913129263862833
2.815,0.0892050090603451,0.5364852615090545,-0.008428656291425737,0.21614804126527712,0.484504855985758,0.009065797658376229
2.82,0.09190400825615838,0.5431002098165458,-0.007298420045205913,0.22604724924396488,0.49350372892767663,0.008998872941918645
2.825,0.09463586822139348,0.5496293963050902,-0.006118869043791344,0.23591020028291382,0.5024342579785263,0.008930529050849623
2.83,0.0974001575636926,0.5560717899404509,-0.004890192349295847,0.24573533889909938,0.5112950347494153,0.008860776770889034
2.835,0.10019643976972446,0.5624263733939917,-0.0036125867714285834,0.25552111557345275,0.5200846618596063,0.008789627110191045
2.84,0.10302427327411284,0.5686921432033198,-0.002286256836450717,0.2652659869955733,0.5288017531571906,0.008717091297584245
2.845,0.1058832115291667,0.5748681099307487,-0.0009114147549134177,0.27496841630745983,0.5374449339380102,0.008643180780819604
2.85,0.10877280307539311,0.5809532983195363,0.0005117196118176993,0.2846268733462234,0.5460128411627526,0.008567907224742433
2.855,0.11169259161278969,0.5869467474478948,0.001982918786246411,0.2942398348857423,0.5545041236722216,0.008491282509468956
2.86,0.11464211607289956,0.5928475108807288,0.0035019477106325208,0.3038057848772219,0.5629174424007239,0.008413318728502373
2.865,0.11762091069161848,0.5986546568190891,0.0050685637840756255,0.3133232146886209,0.5712514705875413,0.008334028186817388
2.87,0.12062850508274425,0.6043672682473118,0.006682516900790158,0.3227906233429065,0.5795048939864629,0.008253423398921544
2.875,0.12366442431225799,0.609984443077831,0.008343549489565661,0.33220651775510046,0.587676411073353,0.008171517086890123
2.88,0.12672818897331967,0.6155052942936242,0.010051396554406055,0.34156941296807874,0.5957647332516881,0.008088322178335106
2.8850000000000002,0.12981931526197305,0.6209289500882847,0.011805785716341492,0.3508778323870877,0.6037685850560693,0.008003851804381235
2.89,0.13293731505354361,0.6262545540036896,0.013606437256406192,0.36013030801293994,0.6116867043536542,0.007918119297584902
2.895,0.13608169597971928,0.6314812650652442,0.015453064159775454,0.3693253806738525,0.6195178425434851,0.007831138189830833
2.9,0.13925196150630084,0.6366082579146815,0.017345372161054907,0.37846160025589065,0.627260764753679,0.007742922210193903
2.9050000000000002,0.14244761101161138,0.6416347229403978,0.019283059790714818,0.38753752593198204,0.6349142500364547,0.007653485282775763
2.91,0.14566813986554816,0.6465598664052957,0.021265818422662137,0.3965517263894637,0.642477091560947,0.00756284152449227
2.915,0.14891303950927165,0.6513829105721282,0.02329333232294277,0.40550278005612655,0.64994809680381,0.007471005242863038
2.92,0.15218179753551245,0.6561030938263114,0.02536527869956638,0.41438927532472203,0.6573260877375531,0.007377990933743028
2.9250000000000003,0.15547389776948564,0.6607196707961914,0.02748132775344585,0.4232098107758947,0.664609901016581,0.00728381327902794
2.93,0.15878882035040023,0.6652319124707466,0.02964114273044338,0.4319629953995062,0.6717983881609197,0.007188487144338729
2.935,0.16212604181355364,0.6696391063147101,0.03184437997451496,0.4406474488143155,0.6788904157376091,0.007092027576689364
2.94,0.16548503517299015,0.6739405563810834,0.03409068898194486,0.44926180148598,0.6858848655396924,0.006994449802083302
2.945,0.16886527000471996,0.6781355834210376,0.03637971245666158,0.45780469494334436,0.6927806347628258,0.006895769223133397
2.95,0.17226621253047833,0.6822235249911729,0.03871108636662649,0.4662747819929824,0.69957663617944,0.0067960014166141836
2.955,0.17568732570201465,0.6862037355581254,0.041084440001286276,0.47467072693195733,0.7062717983104445,0.006695162131004517
2.96,0.1791280692859011,0.6900755866005076,0.043499396030080115,0.4829912057587675,0.7128650655944604,0.00659326728401588
2.965,0.18258789994883898,0.6938384667081553,0.04595557056199234,0.49123490638244505,0.7193553985545127,0.006490332960052303
2.97,0.18606627134345963,0.6974917816786798,0.04845257320614121,0.499400528829773,0.7257417739622092,0.006386375407696487
2.975,0.18956263419459662,0.7010349546112955,0.050990007133394154,0.5074867854505888,0.7320231849993285,0.006281411037119322
2.98,0.1930764363860246,0.7044674259979229,0.05356746913899987,0.515492401121142,0.7381986414168392,0.006175456417510716
2.985,0.19660712304764472,0.70778865381154,0.05618454970622724,0.5234161134454735,0.7442671696912924,0.006068528274453144
2.99,0.20015413664310414,0.7109981135917741,0.058840833071001165,0.5312566729547852,0.7502278131785682,0.005960643487275874
2.995,0.20371691705783704,0.71409529852772,0.06153589728752501,0.5390128433047682,0.75607963226496,0.005851819086391763
3.0,0.2072949016875157,0.7170797195379733,0.0642693142948793,0.5466834014708583,0.7618217045155825,0.00574207225062251
3.005,0.21088752552688947,0.7199509053478598,0.06704064998458624,0.5542671379413876,0.7674531248200436,0.0056314203044610656
3.0100000000000002,0.21449422125900713,0.722708402563856,0.06984946426912926,0.5617628569086033,0.7729730055353974,0.005519880715353809
3.015,0.21811441934480244,0.725351775745186,0.07269531115141686,0.5691693764575213,0.7783804766263344,0.005407471090936977
3.02,0.22174754811303096,0.7278806074725811,0.0755777387951798,0.5764855287525867,0.7836746858025891,0.005294209176254783
3.025,0.22539303385054338,0.7302944984141966,0.07849628959629035,0.5837101602221101,0.7888547986535459,0.005180112850956764
3.0300000000000002,0.2290503008928827,0.7325930673886702,0.0814505002549926,0.5908421317404521,0.7939199987800298,0.005065200126483926
3.035,0.23271877171518573,0.7347759514253149,0.08443990184903225,0.5978803188079266,0.7988694879232311,0.004949489143201258
3.04,0.2363978670233835,0.7368428058214364,0.08746401990767422,0.6048236117283935,0.8037024860907934,0.00483299816756233
3.045,0.24008700584567783,0.738793304196766,0.0905223744865968,0.6116709157845148,0.8084182316800006,0.0047157455892071765
3.0500000000000003,0.2437856056242828,0.7406271385449993,0.09361448024365002,0.6184211514106445,0.8130159815980581,0.004597749918057503
3.055,0.24749308230741718,0.742344019282434,0.09673984651546665,0.6250732543633258,0.8174950113794551,0.004479029781397026
3.06,0.25120885044153496,0.7439436752936992,0.09989797739491349,0.6316261758893699,0.821854615300397,0.0043596039209419235
3.065,0.25493232326377263,0.7454258539745668,0.10308837180937092,0.6380788828914862,0.8260941064902523,0.004239491189855227
3.0700000000000003,0.2586629127946087,0.7467903212718413,0.10631052359982814,0.6444303580914429,0.8302128170400526,0.004118710549800286
3.075,0.2624000299307088,0.7480368617203189,0.10956392160078178,0.6506796001907278,0.8342100981079642,0.00399728106791164
3.08,0.2661430845379554,0.7491652784768124,0.11284804972092521,0.6568256240286859,0.8380853200217838,0.0038752219138196153
3.085,0.26989148554463543,0.7501753933512351,0.11616238702461576,0.662867460738109,0.8418378723783861,0.0037525523566023233
3.09,0.2736446410347767,0.7510670468347383,0.11950640781410701,0.668804157898252,0.8454671641401266,0.0036292917617404274
3.095,0.2774019583416201,0.7518400981249013,0.12287958171253327,0.674634779685252,0.8489726237282038,0.003505459588077242
3.1,0.28116284414120596,0.7524944251479632,0.1262813737476329,0.680358407019927,0.8523536991129229,0.003381075384719101
3.105,0.2849267045460689,0.7530299245781021,0.12971124443619755,0.6859741377129294,0.8556098579008995,0.003256158787976582
3.11,0.28869294519901945,0.7534465118537504,0.1331686498692337,0.6914810866072327,0.8587405874191476,0.00313072951824811
3.115,0.29246097136699883,0.7537441211909479,0.13665304179782337,0.6968783857179298,0.861745394796051,0.00300480737690334
3.12,0.29623018803499407,0.7539227055937304,0.14016386771966996,0.7021651843693171,0.8646238070392118,0.002878412243160877
3.125,0.2999999999999999,0.7539822368615503,0.1437005709663162,0.7073406493292475,0.8673753711101707,0.0027515640709588896
3.13,0.30376981196500574,0.7539227055937304,0.14726259079101983,0.7124039649407272,0.8699996539959544,0.0026242828857836464
3.1350000000000002,0.3075390286330012,0.7537441211909479,0.1508493624572735,0.7173543332507379,0.872496242777476,0.0024965887815215915
3.14,0.31130705480098037,0.7534465118537504,0.15446031732795482,0.7221909741362635,0.8748647446947615,0.002368501917285548
3.145,0.31507329545393087,0.7530299245781021,0.15809488295509233,0.7269131254275003,0.8771047872089858,0.002240042514224272
3.15,0.31883715585879385,0.7524944251479632,0.1617524831702335,0.7315200430282323,0.8792160180613211,0.002111230852335333
3.1550000000000002,0.3225980416583799,0.7518400981249013,0.16543253817540027,0.7360110010333534,0.8811981053285847,0.001982087267263566
3.16,0.32635535896522305,0.7510670468347383,0.16913446463461784,0.740385291843516,0.8830507374756629,0.0018526321470782037
3.165,0.3301085144553644,0.7501753933512351,0.17285767576600228,0.7446422262768885,0.884773623404733,0.001722885929070106
3.17,0.3338569154620444,0.7491652784768124,0.1766015814343923,0.7487811336780056,0.8863664925012483,0.001592869096515348
3.1750000000000003,0.3375999700692915,0.7480368617203188,0.18036558824451077,0.7528013620236919,0.8878290946766871,0.0014626021754388097
3.18,0.3413370872053914,0.7467903212718413,0.184149099634641,0.7567022780260437,0.8891612004080582,0.0013321057313711027
3.185,0.34506767673622685,0.745425853974567,0.18795151597080326,0.7604832672324525,0.8903626007741754,0.0012014003661171557
3.19,0.3487911495584651,0.7439436752936992,0.19177223464141652,0.7641437341226531,0.8914331074886603,0.0010705067144849423
3.1950000000000003,0.3525069176925832,0.7423440192824339,0.19561065015243043,0.7676831022027831,0.8923725529296882,0.0009394454410278641
3.2,0.3562143943757175,0.7406271385449992,0.1994661542229126,0.7711008140964372,0.893180790166478,0.0008082372367897994
3.205,0.359912994154322,0.738793304196766,0.20333813588107613,0.7743963316327028,0.8938576929825209,0.0006769028160429347
3.21,0.36360213297661603,0.7368428058214367,0.20722598156073194,0.7775691359311625,0.8944031558955196,0.0005454629129986177
3.215,0.3672812282848143,0.7347759514253149,0.2111290751981512,0.7806187274838509,0.8948170941740683,0.0004139382785487422
3.22,0.3709496991071176,0.7325930673886701,0.21504679832932194,0.7835446262341514,0.8950994438510433,0.00028234967697504665
3.225,0.37460696614945643,0.7302944984141967,0.21897853018758506,0.7863463716526224,0.8952501617337262,0.00015071788268283814
3.23,0.3782524518869689,0.7278806074725813,0.22292364780163376,0.7890235228097384,0.8952692254106481,1.906367692194877e-05
3.235,0.3818855806551977,0.7253517757451858,0.22688152609386145,0.7915756584455373,0.8951566332551399,-0.00011259215550818436
3.24,0.3855057787409927,0.7227084025638562,0.23085153797904226,0.7940023770361613,0.8949124044256004,-0.00024422882953956115
3.245,0.3891124744731106,0.7199509053478597,0.23483305446332867,0.7963032968572805,0.8945365788625053,-0.0003758255630951224
3.25,0.39270509831248407,0.7170797195379734,0.2388254447435506,0.7984780560443907,0.8940292172820969,-0.0005073615804083165
3.255,0.3962830829421625,0.7140952985277204,0.24282807630680048,0.8005263126499742,0.8933904011668333,-0.0006388161152636185
3.2600000000000002,0.3998458633568959,0.710998113591774,0.24684031503028805,0.8024477446975163,0.8926202327525271,-0.000770168414306216
3.265,0.4033928769523549,0.7077886538115403,0.2508615252814499,0.8042420502323678,0.8917188350122153,-0.0009013977403118378
3.27,0.40692356361397525,0.704467425997923,0.25489107001829714,0.8059089473694449,0.8906863516367713,-0.0010324833754439267
3.275,0.4104373658054032,0.7010349546112956,0.25892831088998597,0.8074481743377612,0.8895229470122148,-0.0011634046245565521
3.2800000000000002,0.41393372865654043,0.6974917816786796,0.2629726083375949,0.8088594895217821,0.8882288061937873,-0.0012941408184274916
3.285,0.41741210005116064,0.6938384667081557,0.2670233216950929,0.8101426714995978,0.886804134876729,-0.001424671317058257
3.29,0.42087193071409895,0.6900755866005075,0.2710798092904824,0.8112975190779059,0.8852491593638322,-0.00155497551289685
3.295,0.42431267429798514,0.6862037355581256,0.27514142854710144,0.8123238513238003,0.883564126529704,-0.0016850328341282417
3.3000000000000003,0.427733787469522,0.6822235249911726,0.27920753608506826,0.813221507593361,0.8817493037818168,-0.0018148227478871348
3.305,0.43113472999527985,0.6781355834210379,0.28327748782285345,0.8139903475570394,0.87980497901828,-0.0019443247635367866
3.31,0.4345149648270094,0.6739405563810839,0.28735063907896263,0.8146302512218361,0.8777314605824104,-0.00207351843586967
3.315,0.4378739581864464,0.66963910631471,0.291426344673714,0.8151411189502669,0.8755290772140509,-0.0022023833683594285
3.3200000000000003,0.4412111796496001,0.6652319124707462,0.29550395903109455,0.8155228714761147,0.8731981779976701,-0.002330899216380855
3.325,0.4445261022305147,0.660719670796191,0.2995828362806794,0.815775449916964,0.8707391323072587,-0.0024590456904113323
3.33,0.4478182024644874,0.6561030938263117,0.303662330359597,0.8158988157835173,0.8681523297480241,-0.0025868025592346022
3.335,0.45108696049072794,0.6513829105721287,0.30774179511452543,0.8158929509856899,0.8654381800948732,-0.0027141496531509768
3.34,0.4543318601344519,0.6465598664052956,0.31182058440370286,0.8157578578354849,0.8625971132277289,-0.0028410668671442485
3.345,0.45755238898838885,0.6416347229403973,0.3158980521989361,0.8154935590466453,0.8596295790636519,-0.0029675341640770236
3.35,0.46074803849369894,0.6366082579146817,0.3199735526875915,0.8151000977310844,0.85653604748582,-0.003093531577831876
3.355,0.4639183040202805,0.6314812650652444,0.32404644037455194,0.8145775373920953,0.8533170082693433,-0.0032190392164767045
3.36,0.4670626849464565,0.6262545540036895,0.32811607018412364,0.8139259619143409,0.8499729710039375,-0.003344037265405775
3.365,0.4701806847380268,0.6209289500882851,0.33218179756187677,0.8131454755506241,0.8465044650134623,-0.0034685059904752125
3.37,0.47327181102668037,0.6155052942936241,0.336242978576404,0.8122362029054432,0.8429120392723666,-0.0035924257410957505
3.375,0.4763355756877419,0.6099844430778313,0.34029897002098064,0.8111982889153312,0.8391962623189978,-0.0037157769533687768
3.38,0.4793714949172554,0.6043672682473125,0.3443491295151106,0.8100318988259867,0.8353577221658532,-0.003838540153144554
3.3850000000000002,0.4823790893083816,0.5986546568190889,0.3483928156059416,0.8087372181661965,0.8313970262067353,-0.003960695959117966
3.39,0.4853578839271001,0.5928475108807296,0.35242938786953437,0.8073144527185553,0.8273148011208478,-0.004082225085887514
3.395,0.4883074083872101,0.586946747447895,0.3564582070119693,0.805763828486987,0.8231116927738641,-0.004203108346983675
3.4,0.49122719692460676,0.5809532983195367,0.36047863497027466,0.8040855916610733,0.8187883661159402,-0.004323326657923898
3.4050000000000002,0.4941167884708333,0.5748681099307485,0.36449003501316063,0.8022800085771936,0.814345505076737,-0.004442861039203216
3.41,0.49697572672588675,0.5686921432033206,0.368491771841543,0.8003473656764848,0.8097838124574267,-0.004561692619310276
3.415,0.4998035602302756,0.5624263733939916,0.37248321168884113,0.7982879694596254,0.8051040098197383,-0.004679802637688413
3.42,0.5025998424363073,0.5560717899404511,0.3764637224210334,0.7961021464384518,0.8003068373720156,-0.0047971724477227085
3.4250000000000003,0.5053641317786067,0.5496293963050896,0.38043267363645544,0.793790243084415,0.7953930538523614,-0.0049137835196542134
3.43,0.5080959917438415,0.5431002098165462,0.3843894367653249,0.7913526257738853,0.7903634364088242,-0.005029617443537138
3.435,0.5107949909396545,0.5364852615090555,0.3883333851689765,0.7887896807303135,0.7852187804767043,-0.005144655932119879
3.44,0.5134607031627857,0.529785595959637,0.39226389423879277,0.7861018139632581,0.779959899652957,-0.005258880823747369
3.4450000000000003,0.5160927074663723,0.5230022711231471,0.3961803414948142,0.7832894512042881,0.7745876255677239,-0.0053722740852331086
3.45,0.5186905882264236,0.5161363581652131,0.40008210668401306,0.7803530378397711,0.7691028077530339,-0.005484817814690013
3.455,0.5212539352074521,0.5091889412930823,0.40396857187821583,0.777293038840558,0.7635063135086634,-0.005596494244370476
3.46,0.5237823436272544,0.5021611175844161,0.4078391215716587,0.7741099386885747,0.7577990277651949,-0.00570728574346846
3.465,0.526275414220831,0.49505399681404577,0.4116931427781604,0.7708042413003328,0.7519818529442917,-0.00581717482090327
3.47,0.5287327533034345,0.48786870127873044,0.4155300251278972,0.7673764699473717,0.7460557088162064,-0.005926144128085231
3.475,0.5311539728327368,0.48060636561993103,0.41934916096376545,0.7638271671736437,0.7400215323545554,-0.006034176461651053
3.48,0.5335386904701069,0.47326813664463435,0.4231499454373147,0.7601568947098556,0.7338802775883779,-0.00614125476617744
3.485,0.5358865296409857,0.4658551731442622,0.42693177660423864,0.756366233384781,0.7276329154514952,-0.006247362136882706
3.49,0.5381971195943506,0.45836864571168706,0.4306940555194064,0.7524557830335569,0.7212804336292015,-0.006352481822293754
3.495,0.540470095461263,0.45080973655637513,0.43443618633142134,0.7484261624029778,0.7148238364023168,-0.0064565972268846306
3.5,0.5427050983124841,0.44317963931770976,0.43815757637669034,0.7442780090538046,0.7082641444886083,-0.006559691913708532
3.505,0.5449017752151549,0.4354795588764948,0.44185763627299085,0.7400119792601015,0.7016023948816267,-0.006661749606981626
3.5100000000000002,0.5470597792885282,0.42771071116469295,0.4455357800125189,0.7356287479056188,0.6948396406869659,-0.0067627541946607694
3.515,0.5491787697587437,0.41987432297341937,0.4491914250544051,0.7311290083772362,0.6879769509559739,-0.006862689730992022
3.52,0.5512584120126426,0.41197163175920964,0.45282399241668253,0.726513472455484,0.6810154105169621,-0.00696154043901176
3.525,0.5532983776506044,0.40400388544861965,0.4564329067676933,0.721782870202161,0.6739561198039021,-0.007059290713059996
3.5300000000000002,0.5552983445384077,0.3959723422411545,0.46001759651691865,0.716937949845064,0.6668001946826796,-0.007155925121222539
3.535,0.5572579968580955,0.38787827041059364,0.4635774939052179,0.7119794776598491,0.6595487662748865,-0.007251428407793137
3.54,0.5591770251578506,0.37972294810470625,0.46711203509446314,0.706908237849044,0.6522029807792341,-0.007345785495652346
3.545,0.5610551264008576,0.37150766314342615,0.4706206602565543,0.7017250324182271,0.6447639992905535,-0.007438981488680607
3.5500000000000003,0.5628920040131592,0.3632337128154811,0.4741028136618013,0.6964306810493981,0.6372329976164715,-0.00753100167408205
3.555,0.564687367930486,0.3549024036735449,0.47755794376665905,0.6910260209715546,0.6296111660917415,-0.0076218315247299495
3.56,0.5664409346440632,0.3465150513279095,0.48098550330080153,0.6855119068284999,0.6218997093902972,-0.0077114567014443525
3.565,0.5681524272453792,0.3380729802387383,0.484384949353521,0.6798892105438991,0.6140998463350325,-0.0077998630552647
3.5700000000000003,0.5698215754699114,0.3295775235069211,0.48775574345943906,0.6741588211836075,0.6062128097053431,-0.00788703662968937
3.575,0.5714481157398058,0.32103002266355946,0.49109735168351554,0.6683216448152917,0.5982398460424778,-0.007972963662865262
3.58,0.5730317912054986,0.3124318274581212,0.49440924470534237,0.6623786043653654,0.5901822154527072,-0.008057630589770604
3.585,0.5745723517862751,0.3037842956453026,0.4976908979027087,0.656330639473264,0.5820411914083486,-0.008141024044358569
3.59,0.576069554209761,0.29508879277062117,0.5009417914344241,0.6501787063430785,0.5738180605466879,-0.00822313086166071
3.595,0.5775231620503375,0.28634669195478346,0.5041614103223869,0.6439237775925756,0.5655141224668148,-0.008303938079873174
3.6,0.5789329457664754,0.27755937367685113,0.507349244532885,0.6375668420996236,0.557130689524414,-0.008383432942400737
3.605,0.5802986827369835,0.26872822555624487,0.5105047890571153,0.631108904846052,0.5486690866245479,-0.008461602899866083
3.61,0.5816201572961622,0.25985464213362564,0.5136275439909102,0.6245509867589679,0.5401306510124474,-0.008538435612100548
3.615,0.5828971607678592,0.2509400246506842,0.5167170146136579,0.6178941245495542,0.5315167320623579,-0.00861391895008945
3.62,0.5841294914984233,0.2419857808288601,0.5197727114664048,0.6111393705493751,0.5228286910644769,-0.008688040997881008
3.625,0.585316954888546,0.23299332464705624,0.5227941504291259,0.604287792544215,0.5140679010099957,-0.008760790054481271
3.63,0.5864593634239927,0.22396407611834626,0.5257808527971533,0.5973404736054775,0.5052357463743079,-0.008832154635687761
3.6350000000000002,0.5875565367052127,0.21489946106574204,0.5287323453567491,0.5902985119191694,0.4963336228983959,-0.008902123475912016
3.64,0.5886083014758257,0.20580091089704317,0.5316481604598116,0.5831630206124992,0.4873629373684375,-0.008970685529958389
3.645,0.5896144916499821,0.1966698623787926,0.5345278360977022,0.5759351275781154,0.4783251073936755,-0.00903782997476199
3.65,0.5905749483385893,0.18750775740940429,0.5373709159741822,0.5686159752960129,0.46922156118257063,-0.009103546211104874
3.6550000000000002,0.5914895198744021,0.17831604279146085,0.5401769495774479,0.5612067206531368,0.4600537373172867,-0.00916782386528392
3.66,0.5923580618359731,0.16909617000325683,0.5429454922512514,0.55370853476071,0.45082308452653175,-0.009230652790754967
3.665,0.593180437070458,0.15984959496958295,0.545676105265098,0.5461226027693153,0.4415310614568021,-0.009292023069729649
3.67,0.5939565157152741,0.15057777783182943,0.5483683558835069,0.5384501236817605,0.43217913644205785,-0.009351925014744245
3.6750000000000003,0.5946861752186067,0.14128218271740198,0.5510218174343257,0.5306923101637552,0.42276878727186606,-0.00941034917019179
3.68,0.5953693003587616,0.13196427750852974,0.5536360693760878,0.5228503883524311,0.413301500958057,-0.009467286313809053
3.685,0.5960057832623603,0.12262553361046044,0.5562106973644014,0.5149255976627346,0.4037787734999201,-0.009522727458136926
3.69,0.5965955234213741,0.11326742571911248,0.55874529331736,0.506919190591722,0.3942021096479782,-0.009576663851941891
3.6950000000000003,0.5971384277089954,0.1038914315882058,0.5612394554799639,0.49883243252078946,0.38457302266638527,-0.009629086981592927
3.7,0.5976344103943434,0.09449903179590499,0.5636927884875432,0.4906666015158687,0.37489303409397523,-0.009679988572410037
3.705,0.5980833931560025,0.08509170951101608,0.5661049034281713,0.48242298812561857,0.36516367350400647,-0.00972936058996876
3.71,0.59848530509439,0.07567095025878098,0.5684754179040595,0.474102895177646,0.35538647826263986,-0.00977719524136661
3.715,0.5988400827429516,0.06623824168629322,0.5708039560919235,0.4657076375727881,0.3455629932861775,-0.009823484976462349
3.72,0.5991476700781841,0.056795073327585134,0.5730901488023109,0.4572385420774875,0.3356947707971213,-0.009868222489056222
3.725,0.5994080185284815,0.04734293636841057,0.5753336335378824,0.4486969471142936,0.3257833700790659,-0.009911400718055408
3.73,0.5996210869818053,0.0378833234107667,0.577534054550635,0.4400842025505237,0.3158303572304855,-0.009953012848580356
3.735,0.5997868417921768,0.028417728237197525,0.5796910628980606,0.4314016694851164,0.3058373049174391,-0.009993052313046424
3.74,0.59990525678499,0.018947645574912284,0.5818043164982292,0.4226507200337116,0.2958057921252429,-0.010031512792196218
3.745,0.5999763132611449,0.00947457085974134,0.5838734801837892,0.41383273711199076,0.28573740390914043,-0.010068388216102453
3.75,0.6,2.770085798959377e-16,0.5858982257548757,0.4049491142173114,0.2756337311440157,-0.01010367276512475
3.755,0.5999763132611449,-0.009474570859740787,0.587878232030919,0.396001255208671,0.26549637027319023,-0.010137360870825451
3.7600000000000002,0.59990525678499,-0.01894764557491173,0.5898131849013443,0.38699057408503446,0.2553269230563346,-0.010169447216855643
3.765,0.5997868417921768,-0.028417728237196977,0.5917027773751545,0.37791849476205974,0.2451269963165483,-0.010199926739786286
3.77,0.5996210869818053,-0.03788332341076615,0.5935467096293908,0.3687864508472587,0.23489820168663217,-0.010228794629916133
3.775,0.5994080185284815,-0.04734293636841001,0.595344689056459,0.3595958854136263,0.22464215535460635,-0.010256046332025814
3.7800000000000002,0.5991476700781841,-0.056795073327585904,0.5970964303103179,0.3503482507717756,0.21436047780850698,-0.010281677546099377
3.785,0.5988400827429518,-0.06623824168629266,0.598801655351521,0.341045008240614,0.2040547935805059,-0.010305684228001072
3.79,0.59848530509439,-0.07567095025878044,0.600460093491104,0.33168762791659656,0.1937267309903862,-0.010328062590119702
3.795,0.5980833931560025,-0.08509170951101552,0.6020714814333119,0.32227758844159354,0.18337792188842764,-0.010348809101958567
3.8000000000000003,0.5976344103943433,-0.09449903179590577,0.603635563317159,0.31281637676940843,0.17301000139772793,-0.010367920490699706
3.805,0.5971384277089953,-0.10389143158820657,0.6051520907568139,0.30330548793098333,0.1626246076560094,-0.01038539374171854
3.81,0.5965955234213742,-0.11326742571911194,0.6066208228808055,0.2937464247983286,0.15222338155695148,-0.010401226099057914
3.815,0.5960057832623603,-0.1226255336104599,0.6080415263700416,0.2841406978472147,0.14180796649108207,-0.010415415065869404
3.8200000000000003,0.5953693003587616,-0.13196427750853051,0.6094139754946349,0.2744898249186629,0.13138000808628664,-0.010427958404795434
3.825,0.5946861752186066,-0.14128218271740275,0.6107379521495313,0.2647953309792732,0.12094115394794679,-0.010438854138339851
3.83,0.5939565157152741,-0.1505777778318289,0.6120132458889335,0.25505874788042665,0.1104930533987822,-0.01044810054916459
3.835,0.5931804370704581,-0.15984959496958243,0.6132396539595155,0.24528161411640056,0.10003735721841102,-0.010455696180371177
3.84,0.5923580618359732,-0.16909617000325627,0.6144169813324227,0.235465474581435,0.08957571738268645,-0.010461639835724568
3.845,0.5914895198744021,-0.17831604279146163,0.6155450407340517,0.22561188032578794,0.07910978680284174,-0.010465930579844712
3.85,0.5905749483385893,-0.18750775740940376,0.6166236526756058,0.2157223883108191,0.06864121906448749,-0.01046856773835425
3.855,0.5896144916499823,-0.19666986237879205,0.6176526454814215,0.20579856116313958,0.05817166816650203,-0.010469550897985458
3.86,0.5886083014758258,-0.20580091089704267,0.6186318553160608,0.19584196692786723,0.04770278825985434,-0.010468879906647688
3.865,0.5875565367052128,-0.21489946106574148,0.6195611262101659,0.18585417882102623,0.03723623338641359,-0.010466554873440753
3.87,0.5864593634239929,-0.22396407611834576,0.6204403100850715,0.17583677498112998,0.02677365721775836,-0.01046257616865523
3.875,0.5853169548885461,-0.2329933246470557,0.6212692667761714,0.16579133821998698,0.016316712794062077,-0.010456944423696282
3.88,0.5841294914984233,-0.24198578082885958,0.6220478640550353,0.15571945577276827,0.0058670522630633465,-0.01044966053099873
3.8850000000000002,0.5828971607678594,-0.2509400246506837,0.6227759776502722,0.14562271904737664,-0.00457367338081234,-0.010440725643875687
3.89,0.5816201572961623,-0.25985464213362514,0.6234534912671379,0.1355027233731565,-0.015003814557152204,-0.010430141176339863
3.895,0.5802986827369836,-0.26872822555624437,0.6240802966058828,0.12536106774898506,-0.025421723360038756,-0.010417908802886552
3.9,0.5789329457664755,-0.2775593736768506,0.6246562933788368,0.1151993545907834,-0.03582575381825344,-0.010404030458214683
3.9050000000000002,0.5775231620503374,-0.2863466919547841,0.6251813893262292,0.10501918947848832,-0.04621426215519285,-0.010388508336939412
3.91,0.5760695542097611,-0.29508879277062067,0.6256555002307419,0.09482218090252426,-0.05658560704842096,-0.010371344893228107
3.915,0.5745723517862752,-0.3037842956453021,0.6260785499307909,0.08460994000981571,-0.06693814988885012,-0.010352542840429163
3.92,0.5730317912054986,-0.3124318274581207,0.6264504703325379,0.07438408034938021,-0.07727025503947724,-0.010332105150627116
3.9250000000000003,0.5714481157398057,-0.3210300226635602,0.6267712014206256,0.06414621761754152,-0.08758029009366831,-0.010310035054191077
3.93,0.5698215754699113,-0.32957752350692177,0.6270406912676396,0.053897969402804335,-0.0978666261329137,-0.010286336039245392
3.935,0.5681524272453793,-0.3380729802387378,0.6272588960422918,0.043640954930429514,-0.108127637984052,-0.0102610118511383
3.94,0.5664409346440633,-0.34651505132790905,0.6274257800163255,0.03337679480675136,-0.11836170447588959,-0.010234066491837585
3.9450000000000003,0.5646873679304858,-0.35490240367354564,0.6275413155701419,0.02310711076327627,-0.128567208695186,-0.010205504219296418
3.95,0.562892004013159,-0.3632337128154818,0.6276054831971449,0.012833525400604175,-0.13874253824197974,-0.010175329546793732
3.955,0.5610551264008578,-0.37150766314342565,0.627618271506806,0.0025576619322121453,-0.14888608548419419,-0.010143547242214446
3.96,0.5591770251578508,-0.37972294810470575,0.6275796772264468,-0.00771885607185822,-0.15899624781148847,-0.010110162327294281
3.9650000000000003,0.5572579968580956,-0.38787827041059314,0.62748970520174,-0.01799440494137033,-0.1690714278883207,-0.010075180076832224
3.97,0.5552983445384074,-0.3959723422411552,0.6273483683959286,-0.028267361162277783,-0.17911003390616642,-0.01003860601784573
3.975,0.5532983776506045,-0.40400388544861915,0.6271556878877631,-0.038536101633084546,-0.1891104798348839,-0.010000445928717488
3.98,0.5512584120126426,-0.41197163175920926,0.6269116928681574,-0.04879900392114049,-0.19907118567315413,-0.009960705838270217
3.985,0.5491787697587438,-0.4198743229734189,0.6266164206355632,-0.05905444651883135,-0.20899057769796842,-0.009919392024814289
3.99,0.5470597792885283,-0.42771071116469245,0.6262699165900651,-0.06930080909962243,-0.2188670887131252,-0.009876511015156797
3.995,0.544901775215155,-0.43547955887649437,0.6258722342261955,-0.07953647277391607,-0.22869915829670695,-0.009832069583581737
4.0,0.5427050983124843,-0.4431796393177093,0.6254234351244721,-0.08975982034468172,-0.23848523304746427,-0.009786074750757323
4.005,0.5404700954612631,-0.4508097365563747,0.624923588941658,-0.09996923656281935,-0.24822376683012276,-0.009738533782658487
4.01,0.5381971195943507,-0.4583686457116867,0.624372773399747,-0.11016310838221527,-0.2579132210195156,-0.009689454189392821
4.015,0.5358865296409858,-0.46585517314426167,0.6237710742736747,-0.12033982521444984,-0.2675520647435383,-0.009638843724022739
4.0200000000000005,0.533538690470107,-0.47326813664463385,0.6231185853777591,-0.13049777918311706,-0.2771387751248894,-0.00958671038135106
4.025,0.5311539728327366,-0.4806063656199316,0.6224154085508705,-0.14063536537771643,-0.2866718375215324,-0.009533062396643033
4.03,0.5287327533034343,-0.48786870127873105,0.6216616536403351,-0.15075098210707566,-0.29614974576586856,-0.009477908244336142
4.035,0.5262754142208312,-0.4950539968140453,0.6208574384845738,-0.1608430311522661,-0.3055710024025711,-0.009421256636702569
4.04,0.5237823436272545,-0.5021611175844155,0.6200028888944789,-0.1709099180189692,-0.3149341189250402,-0.009363116522469073
4.045,0.5212539352074522,-0.5091889412930819,0.6190981386335326,-0.18095005218925478,-0.3242376160104359,-0.009303497085395684
4.05,0.5186905882264237,-0.5161363581652126,0.6181433293966689,-0.19096184737273195,-0.3334800237532861,-0.009242407742850234
4.055,0.5160927074663724,-0.5230022711231467,0.6171386107878838,-0.20094372175703198,-0.34265988189758106,-0.00917985814429495
4.0600000000000005,0.5134607031627854,-0.5297855959596376,0.6160841402965959,-0.21089409825758426,-0.3517757400673612,-0.009115858169780111
4.065,0.5107949909396547,-0.536485261509055,0.6149800832727627,-0.22081140476664593,-0.3608261579957245,-0.009050417928363308
4.07,0.5080959917438412,-0.5431002098165467,0.6138266129007549,-0.23069407440154557,-0.36980970575227723,-0.008983547756552746
4.075,0.5053641317786065,-0.5496293963050901,0.6126239101719944,-0.2405405457521012,-0.3787249639689002,-0.008915258216622979
4.08,0.5025998424363074,-0.5560717899404508,0.6113721638563585,-0.25034926312717526,-0.38757052406389325,-0.008845560094993044
4.085,0.4998035602302757,-0.5624263733939912,0.6100715704723568,-0.26011867680032563,-0.39634498846438754,-0.008774464400494286
4.09,0.49697572672588697,-0.5686921432033203,0.6087223342560842,-0.26984724325451537,-0.4050469708270321,-0.008701982362644578
4.095,0.4941167884708335,-0.5748681099307482,0.607324667128955,-0.2795334254258409,-0.41367509625689813,-0.008628125429866018
4.1,0.4912271969246073,-0.5809532983195355,0.6058787886642238,-0.2891756929462432,-0.4222280015245916,-0.008552905267693478
4.105,0.48830740838720993,-0.5869467474478955,0.6043849260522981,-0.2987725223851592,-0.4307043352815101,-0.008476333756918475
4.11,0.4853578839271002,-0.5928475108807293,0.6028433140648477,-0.3083223974900801,-0.439102758273213,-0.008398422991702903
4.115,0.48237908930838175,-0.5986546568190886,0.6012541950177178,-0.3178238094259743,-0.44742194355091935,-0.008319185277706365
4.12,0.4793714949172556,-0.6043672682473121,0.5996178187326501,-0.32727525701354043,-0.4556605766810268,-0.00823863313010742
4.125,0.476335575687742,-0.609984443077831,0.5979344424978188,-0.3366752469662503,-0.4638173559526613,-0.008156779271634551
4.13,0.4732718110266805,-0.6155052942936238,0.5962043310271881,-0.3460222941261466,-0.47189099258323447,-0.008073636630573144
4.135,0.470180684738027,-0.6209289500882847,0.5944277564186963,-0.3553149216983568,-0.4798802109219433,-0.007989218338708803
4.14,0.4670626849464566,-0.6262545540036891,0.5926049981112749,-0.3645516614842853,-0.4877837486511949,-0.00790353772925162
4.1450000000000005,0.4639183040202807,-0.6314812650652442,0.5907363428407076,-0.3737310541134499,-0.49560035698594485,-0.007816608334749953
4.15,0.46074803849369866,-0.6366082579146821,0.588822084594338,-0.38285164927392346,-0.5033288008708733,-0.007728443884928438
4.155,0.45755238898838857,-0.6416347229403977,0.5868625245646313,-0.39191200594134457,-0.5109678591754087,-0.007639058304535373
4.16,0.45433186013445204,-0.6465598664052953,0.584857971101599,-0.40091069260646267,-0.518516324886556,-0.007548465711147312
4.165,0.4510869604907281,-0.6513829105721284,0.5828087396640931,-0.4098462875011802,-0.525973005299486,-0.007456680412930017
4.17,0.4478182024644875,-0.6561030938263114,0.5807151527699778,-0.4187173788230561,-0.5333367222058573,-0.007363716906371276
4.175,0.44452610223051486,-0.6607196707961908,0.5785775399451866,-0.42752256495823665,-0.5406063120798765,-0.007269589874019267
4.18,0.4412111796496002,-0.665231912470746,0.5763962376716727,-0.4362604547027764,-0.547780626262015,-0.00717431418213843
4.1850000000000005,0.43787395818644614,-0.6696391063147104,0.5741715893342612,-0.44492966748231594,-0.5548585311403907,-0.007077904878375785
4.19,0.4345149648270097,-0.6739405563810836,0.5719039451664107,-0.45352883357008095,-0.5618389083297541,-0.006980377189363396
4.195,0.4311347299952796,-0.6781355834210382,0.5695936621948949,-0.46205659430316876,-0.5687206548481137,-0.006881746518359599
4.2,0.42773378746952173,-0.6822235249911729,0.5672411041834095,-0.4705116022970868,-0.575502683290873,-0.006782028442759214
4.205,0.42431267429798536,-0.6862037355581254,0.5648466415751169,-0.47889252165851115,-0.5821839220025551,-0.006681238711682136
4.21,0.4208719307140991,-0.6900755866005074,0.5624106514341357,-0.48719802819623015,-0.588763315246011,-0.006579393243455911
4.215,0.41741210005116075,-0.6938384667081556,0.5599335173859845,-0.49542680963024016,-0.595239823369129,-0.006476508123117952
4.22,0.4139337286565406,-0.6974917816786794,0.5574156295569898,-0.5035775657989597,-0.6016124229689879,-0.006372599599858919
4.225,0.4104373658054039,-0.701034954611295,0.5548573845126671,-0.5116490088645319,-0.6078801070534725,-0.006267684084484637
4.23,0.4069235636139749,-0.7044674259979233,0.5522591851950862,-0.5196398635161782,-0.6140418852002747,-0.006161778146802188
4.235,0.4033928769523551,-0.7077886538115402,0.5496214408592284,-0.5275488671715768,-0.620096783713265,-0.006054898512990348
4.24,0.3998458633568962,-0.7109981135917739,0.5469445670083473,-0.5353747701762289,-0.6260438457762756,-0.005947062063010544
4.245,0.39628308294216275,-0.7140952985277201,0.5442289853283433,-0.5431163360007851,-0.6318821316041631,-0.005838285827887479
4.25,0.39270509831248435,-0.7170797195379732,0.5414751236211618,-0.5507723414362978,-0.6376107185911986,-0.005728586987035489
4.255,0.38911247447311076,-0.7199509053478594,0.5386834157372249,-0.5583415767873713,-0.6432287014567668,-0.0056179828655682496
4.26,0.3855057787409929,-0.722708402563856,0.535854301506909,-0.5658228460631778,-0.6487351923883014,-0.005506490931534547
4.265,0.38188558065519784,-0.7253517757451857,0.5329882266710775,-0.5732149671663083,-0.6541293211814674,-0.005394128793166031
4.2700000000000005,0.3782524518869691,-0.7278806074725811,0.5300856428106804,-0.5805167720794312,-0.6594102353775826,-0.005280914196115205
4.275,0.3746069661494561,-0.7302944984141969,0.5271470072754317,-0.587727107049727,-0.664577100398209,-0.0051668650206264655
4.28,0.37094969910711734,-0.7325930673886702,0.5241727831115763,-0.5948448327710689,-0.6696290996769363,-0.005051999278727237
4.285,0.3672812282848145,-0.7347759514253148,0.5211634389887567,-0.601868824563925,-0.6745654347883292,-0.004936335111392909
4.29,0.36360213297661625,-0.7368428058214366,0.518119449125992,-0.6087979725529485,-0.6793853255739926,-0.004819890785663361
4.295,0.3599129941543222,-0.7387933041967659,0.5150412932167808,-0.615631181842231,-0.684088010265749,-0.004702684691756387
4.3,0.3562143943757177,-0.7406271385449991,0.5119294563533399,-0.6223673726881904,-0.6886727456059428,-0.0045847353401938795
4.305,0.35250691769258335,-0.7423440192824337,0.5087844289499895,-0.6290054806700666,-0.6931388069647868,-0.004466061358843976
4.3100000000000005,0.34879114955846485,-0.7439436752936993,0.5056067066656995,-0.6355444568579959,-0.6974854884547906,-0.004346681490003834
4.315,0.34506767673622707,-0.7454258539745668,0.5023967903258063,-0.6419832679786417,-0.7017121030422004,-0.004226614587409805
4.32,0.34133708720539113,-0.7467903212718414,0.4991551858429146,-0.6483208965783511,-0.7058179826555134,-0.0041058796133129905
4.325,0.3375999700692912,-0.7480368617203189,0.4958824041369955,-0.6545563411838135,-0.709802478290937,-0.003984495635423579
4.33,0.33385691546204466,-0.7491652784768124,0.49257896105469456,-0.6606886164601965,-0.7136649601148845,-0.003862481823947439
4.335,0.3301085144553648,-0.750175393351235,0.4892453772878609,-0.6667167533667334,-0.7174048175634158,-0.0037398574485313363
4.34,0.326355358965223,-0.7510670468347383,0.4858821782913122,-0.6726397993097369,-0.7210214594386501,-0.003616641875234361
4.345,0.3225980416583801,-0.7518400981249012,0.4824898941998471,-0.678456818293016,-0.7245143140021039,-0.003492854563453718
4.3500000000000005,0.3188371558587935,-0.7524944251479633,0.47906905974451874,-0.6841668910656721,-0.727882829064988,-0.0033685150628841587
4.355,0.3150732954539306,-0.7530299245781022,0.4756202141681825,-0.6897691152672512,-0.7311264720753666,-0.003243643010378605
4.36,0.31130705480098025,-0.7534465118537504,0.4721439011403314,-0.6952626055702282,-0.7342447302022775,-0.003118258126910911
4.365,0.3075390286330015,-0.7537441211909479,0.4686406686712324,-0.7006464938198025,-0.7372371104166856,-0.0029923802144080636
4.37,0.3037698119650057,-0.7539227055937304,0.46511106902537747,-0.7059199291709805,-0.7401031395693403,-0.002866029152654659
4.375,0.3000000000000001,-0.7539822368615503,0.46155565863426284,-0.7110820782229257,-0.7428423644654699,-0.002739224896129655
4.38,0.29623018803499457,-0.7539227055937304,0.45797499800851005,-0.7161321251505546,-0.7454543519363558,-0.002611987470885868
4.385,0.29246097136699883,-0.7537441211909479,0.4543696516493433,-0.7210692718333553,-0.747938688907719,-0.002484336971363188
4.39,0.28869294519901995,-0.7534465118537506,0.4507401879594362,-0.725892737981413,-0.7502949824649348,-0.002356293557215783
4.3950000000000005,0.2849267045460691,-0.7530299245781021,0.4470871791531431,-0.7306017612586175,-0.752522859915087,-0.0022278774501522935
4.4,0.2811628441412057,-0.752494425147963,0.4434112011661279,-0.7351955974030377,-0.7546219688457959,-0.0020991089307088595
4.405,0.2774019583416201,-0.7518400981249013,0.4397128335644057,-0.7396735203444398,-0.7565919771808687,-0.0019700083350727704
4.41,0.2736446410347772,-0.7510670468347385,0.435992659452811,-0.7440348223189346,-0.758432573232735,-0.0018405960518663722
4.415,0.26989148554463543,-0.750175393351235,0.43225126538290737,-0.7482788139807336,-0.7601434657516533,-0.0017108925189182056
4.42,0.2661430845379556,-0.7491652784768124,0.42848924126035237,-0.7524048245109962,-0.7617243839716886,-0.0015809182200353655
4.425,0.26240002993070904,-0.748036861720319,0.4247071802517336,-0.7564122017237519,-0.7631750776534749,-0.001450693681786297
4.43,0.2586629127946091,-0.7467903212718415,0.4209056786908892,-0.7603003121688796,-0.7644953171237155,-0.001320239470240625
4.4350000000000005,0.25493232326377263,-0.7454258539745667,0.4170853359847285,-0.764068541232129,-0.7656848933114503,-0.0011895761877347422
4.44,0.2512088504415349,-0.7439436752936992,0.4132467545185677,-0.7677162932321668,-0.7667436177810424,-0.0010587244695920983
4.445,0.24749308230741687,-0.7423440192824339,0.4093905395609945,-0.7712429915146347,-0.7676713227619612,-0.0009277049809187643
4.45,0.2437856056242825,-0.7406271385449992,0.4055172991682785,-0.7746480785432006,-0.7684678611752355,-0.000796538413274317
4.455,0.24008700584567805,-0.738793304196766,0.40162764408834056,-0.7779310159875927,-0.7691331066566927,-0.0006652454814571884
4.46,0.23639786702338397,-0.7368428058214367,0.39772218766429757,-0.7810912848086005,-0.7696669535768978,-0.0005338469202051943
4.465,0.2327187717151857,-0.7347759514253149,0.3938015457375974,-0.7841283853400286,-0.7700693170578276,-0.00040236348092970164
4.47,0.2290503008928829,-0.7325930673886705,0.3898663365507594,-0.7870418373675919,-0.7703401329862585,-0.00027081592843092306
4.4750000000000005,0.22539303385054307,-0.7302944984141964,0.38591718064973574,-0.78983118020474,-0.7704793580239041,-0.00013922503764562943
4.48,0.22174754811303063,-0.727880607472581,0.38195470078590876,-0.792495972765396,-0.7704869696142213,-7.611590317146977e-06
4.485,0.21811441934480238,-0.7253517757451858,0.37797952181774075,-0.795035793633602,-0.770362965985995,0.00012400362822628797
4.49,0.21449422125900736,-0.7227084025638562,0.37399227061209045,-0.797450241130058,-0.7701073661535944,0.00025559983240053263
4.495,0.2108875255268894,-0.7199509053478597,0.3699935759452127,-0.7997389333755436,-0.7697202099139693,0.00038715623962515266
4.5,0.20729490168751588,-0.7170797195379734,0.36598406840345665,-0.8019015083512132,-0.7692015578403467,0.0005186520736225608
4.505,0.2037169170578375,-0.7140952985277204,0.3619643802836779,-0.8039376239557564,-0.7685514912726765,0.0006500665676701933
4.51,0.20015413664310405,-0.710998113591774,0.35793514549338085,-0.8058469580594104,-0.7677701123047705,0.0007813789679059768
4.515,0.1966071230476452,-0.7077886538115403,0.3538969994506067,-0.807629208554822,-0.7668575437681658,0.0009125685366047076
4.5200000000000005,0.1930764363860248,-0.704467425997923,0.34985057898358296,-0.8092840934047453,-0.7658139292127406,0.0010436145554252318
4.525,0.18956263419459635,-0.7010349546112952,0.3457965222301501,-0.8108113506865717,-0.7646394328840199,0.0011744963287206867
4.53,0.18606627134345963,-0.6974917816786796,0.3417354685369817,-0.8122107386336826,-0.76333423969724,0.0013051931867799071
4.535,0.18258789994883942,-0.6938384667081559,0.33766805835861363,-0.8134820356736198,-0.7618985552081469,0.0014356844890931475
4.54,0.17912806928590108,-0.6900755866005076,0.3335949331562983,-0.8146250404630667,-0.7603326055805236,0.001565949627623242
4.545,0.17568732570201484,-0.6862037355581257,0.3295167352967001,-0.8156395719196354,-0.7586366375504631,0.0016959680300605573
4.55,0.17226621253047852,-0.6822235249911731,0.32543410795044786,-0.8165254692504545,-0.7568109183874132,0.0018257191630498548
4.555,0.16886527000472065,-0.6781355834210384,0.3213476949905601,-0.8172825919775524,-0.7548557358519555,0.001955182535457678
4.5600000000000005,0.1654850351729901,-0.6739405563810834,0.31725814089075993,-0.8179108199600329,-0.7527713981503635,0.0020843377015919984
4.565,0.1621260418135536,-0.66963910631471,0.3131660906236947,-0.8184100534130401,-0.7505582338859095,0.0022131642644540594
4.57,0.15878882035039996,-0.6652319124707463,0.30907218955907717,-0.8187802129235078,-0.7482165920069964,0.002341641878913059
4.575,0.15547389776948536,-0.6607196707961911,0.3049770833617637,-0.8190212394626925,-0.7457468417520214,0.0024697502549749784
4.58,0.15218179753551267,-0.6561030938263117,0.3008814178897863,-0.8191330943954875,-0.7431493725910797,0.0025974691609417233
4.585,0.1489130395092721,-0.6513829105721287,0.2967858390923537,-0.8191157594865168,-0.7404245941644472,0.002724778426632546
4.59,0.14566813986554814,-0.6465598664052956,0.2926909929078386,-0.8189692369030073,-0.7375729362178908,0.0028516579465563963
4.595,0.14244761101161155,-0.641634722940398,0.2885975251617664,-0.8186935492144387,-0.7345948485347921,0.002978087683098707
4.6000000000000005,0.13925196150630056,-0.636608257914681,0.28450608146482154,-0.8182887393889736,-0.7314908008651311,0.003104047669660992
4.605,0.13608169597971906,-0.6314812650652437,0.2804173071108882,-0.8177548707866641,-0.728261282851276,0.0032295180138550705
4.61,0.1329373150535436,-0.6262545540036895,0.276331846975141,-0.8170920271494401,-0.7249068039506826,0.0033544789005933717
4.615,0.1298193152619732,-0.6209289500882851,0.2722503454122016,-0.816300312587878,-0.7214278933554237,0.003478910595258955
4.62,0.12672818897331964,-0.6155052942936241,0.2681734461543778,-0.8153798515647539,-0.71782509990862,0.003602793446803698
4.625,0.12366442431225816,-0.6099844430778313,0.2641017922100009,-0.8143307888753812,-0.7140989920177598,0.003726107890860142
4.63,0.12062850508274461,-0.6043672682473125,0.26003602576187723,-0.8131532896247406,-0.7102501575649456,0.0038488344528142537
4.635,0.11762091069161845,-0.598654656819089,0.2559767880658702,-0.8118475392013991,-0.706279203814047,0.00397095375089862
4.64,0.11464211607289992,-0.5928475108807296,0.25192471934962907,-0.8104137432482293,-0.7021867573147957,0.004092446499251223
4.6450000000000005,0.11169259161278985,-0.5869467474478951,0.24788045871147943,-0.808852127629929,-0.6979734638038534,0.004213293510942351
4.65,0.10877280307539287,-0.5809532983195358,0.24384464401949268,-0.8071629383973472,-0.6936399881028209,0.004333475701032485
4.655,0.10588321152916666,-0.5748681099307485,0.23981791181074957,-0.805346441748623,-0.689187014013256,0.0044529740895649095
4.66,0.1030242732741132,-0.5686921432033207,0.23580089719081385,-0.8034029239871432,-0.6846152442086906,0.004571769804565418
4.665,0.10019643976972444,-0.5624263733939916,0.23179423373343222,-0.8013326914763247,-0.6799254001236592,0.004689844085031369
4.67,0.09740015756369276,-0.5560717899404513,0.22779855338047608,-0.7991360705912292,-0.6751182218397659,0.004807178283893321
4.675,0.09463586822139365,-0.5496293963050906,0.223814486342141,-0.7968134076670181,-0.670194467968819,0.004923753870946901
4.68,0.09190400825615892,-0.5431002098165472,0.2198426609974197,-0.7943650689442558,-0.6651549155330271,0.005039552435791905
4.6850000000000005,0.08920500906034508,-0.5364852615090545,0.21588370379486435,-0.7917914405110683,-0.6600003598422945,0.005154555690732532
4.69,0.0865392968372144,-0.529785595959637,0.2119382391536535,-0.7890929282421697,-0.6547316143686146,0.005268745473679948
4.695,0.08390729253362772,-0.5230022711231471,0.20800688936497969,-0.7862699577347628,-0.6493495106176277,0.005382103750986911
4.7,0.08130941177357649,-0.5161363581652132,0.20409027449377307,-0.7833229742413255,-0.6438548979972909,0.005494612620336792
4.705,0.07874606479254795,-0.5091889412930825,0.2001890122807766,-0.7802524425992938,-0.6382486436837542,0.005606254313536674
4.71,0.07621765637274563,-0.5021611175844161,0.19630371804498833,-0.7770588471576522,-0.6325316324844095,0.005717011199344757
4.715,0.0737245857791689,-0.49505399681404577,0.19243500458648613,-0.7737426917004423,-0.626704766698168,0.005826865786241475
4.72,0.07126724669656587,-0.48786870127873155,0.18858348208965012,-0.770304499367203,-0.6207689659729623,0.00593580072520572
4.7250000000000005,0.06884602716726289,-0.48060636561993,0.18474975802679836,-0.7667448125703545,-0.6147251671605316,0.006043798812430667
4.73,0.06646130952989279,-0.47326813664463335,0.18093443706225065,-0.7630641929095381,-0.6085743241684562,0.006150842992075356
4.735,0.06411347035901432,-0.4658551731442622,0.177138120956836,-0.7592632210829265,-0.6023174078095387,0.006256916358917564
4.74,0.06180288040564952,-0.4583686457116872,0.1733614084728584,-0.7553424967955192,-0.5959554056484839,0.006362002161054758
4.745,0.05952990453873697,-0.4508097365563752,0.16960489527953623,-0.7513026386644348,-0.5894893218459477,0.0064660838025362155
4.75,0.05729490168751586,-0.4431796393177098,0.16586917385893013,-0.7471442841212178,-0.5829201769999581,0.006569144845989583
4.755,0.05509822478484502,-0.43547955887649487,0.16215483341237424,-0.7428680893111749,-0.5762490079847534,0.006671169015204703
4.76,0.05294022071147183,-0.427710711164693,0.15846245976742546,-0.738474728989755,-0.5694768677870368,0.006772140197716658
4.765,0.050821230241256364,-0.4198743229734194,0.1547926352853455,-0.7339648964159915,-0.562604825339689,0.006872042447347737
4.7700000000000005,0.048741587987357504,-0.41197163175920976,0.1511459387691304,-0.7293393032430223,-0.5556339653529732,0.006970859986715872
4.775,0.04670162234939531,-0.40400388544861865,0.1475229453721019,-0.7245986794057051,-0.5485653881432326,0.007068577209740523
4.78,0.04470165546159242,-0.39597234224115463,0.14392422650707518,-0.7197437730053459,-0.5414002094591358,0.007165178684096829
4.785,0.042742003141904406,-0.3878782704105937,0.14035034975611738,-0.7147753501915588,-0.5341395603054836,0.00726064915365221
4.79,0.04082297484214935,-0.37972294810470625,0.136801878780911,-0.7096941950412762,-0.5267845867646013,0.007354973540882326
4.795,0.03894487359914236,-0.3715076631434262,0.13327937323373634,-0.7045011094349269,-0.5193364498153512,0.0074481369492500615
4.8,0.03710799598684109,-0.3632337128154824,0.1297833886690873,-0.6991969129298048,-0.5117963251498008,0.0075401246655504295
4.805,0.03531263206951428,-0.3549024036735462,0.1263144764559341,-0.693782442630644,-0.5041654029875567,0.007630922162244036
4.8100000000000005,0.03355906535593652,-0.3465150513279084,0.12287318369064698,-0.6882585530574248,-0.4964448878878135,0.0077205150997432526
4.815,0.03184757275462086,-0.3380729802387384,0.11946005311059484,-0.6826261160104284,-0.4886359985591256,0.007808889328687896
4.82,0.03017842453008854,-0.32957752350692116,0.11607562300843201,-0.6768860204325643,-0.4807399676669663,0.00789603089215929
4.825,0.028551884260194126,-0.3210300226635595,0.11272042714708706,-0.6710391722689885,-0.47275804163905816,0.007981926027908148
4.83,0.026968208794501368,-0.31243182745812126,0.10939499467546687,-0.6650864943240392,-0.4646914804685509,0.008066561170507247
4.835,0.025427648213724872,-0.3037842956453027,0.10609985004488932,-0.659028926115509,-0.45654155751504205,0.008149922953508859
4.84,0.023930445790238918,-0.2950887927706212,0.10283551292625794,-0.652867423726278,-0.4483095593034966,0.008231998211545466
4.845,0.02247683794966272,-0.28634669195478474,0.09960249812799128,-0.646602959653331,-0.43999678532108055,0.008312773982416033
4.8500000000000005,0.021067054233524396,-0.27755937367684996,0.09640131551472036,-0.6402365226541833,-0.4316045478119581,0.008392237509122435
4.855,0.019701317263016292,-0.2687282255562437,0.09323246992676668,-0.633769117590738,-0.42313417157005706,0.008470376241901056
4.86,0.018379842703837777,-0.25985464213362575,0.09009646110041367,-0.6272017652706012,-0.4145869937298741,0.00854717784018294
4.865,0.017102839232140742,-0.25094002465068427,0.08699378358898427,-0.6205355022858788,-0.4059643635553134,0.00862263017456072
4.87,0.015870508501576695,-0.2419857808288602,0.08392492668473688,-0.6137713808494799,-0.3972676422266195,0.008696721328693924
4.875,0.014683045111453973,-0.23299332464705633,0.0808903743415921,-0.6069104686289549,-0.38849820262542245,0.008769439601197027
4.88,0.013540636576007214,-0.22396407611834637,0.07789060509870264,-0.5999538485778926,-0.3796574291179429,0.008840773507479527
4.885,0.012443463294787249,-0.21489946106574212,0.07492609200487813,-0.5929026187649029,-0.3707467173363766,0.008910711781566327
4.89,0.01139169852417432,-0.20580091089704325,0.07199730254387705,-0.5857578922002136,-0.3617674739585015,0.00897924337787509
4.8950000000000005,0.010385508350017836,-0.1966698623787927,0.06910469856057752,-0.5785207966599073,-0.3527211164855455,0.009046357472956013
4.9,0.00942505166141061,-0.18750775740940306,0.06624873618803839,-0.5711924745078268,-0.3436090730183365,0.009112043467209008
4.905,0.008510480125597807,-0.17831604279146096,0.06342986577546252,-0.5637740825151766,-0.3344327820317864,0.009176290986550095
4.91,0.007641938164026895,-0.1690961700032569,0.06064853181707327,-0.5562667916778494,-0.3251936921477333,0.009239089884053087
4.915,0.006819562929541922,-0.15984959496958306,0.05790517288191573,-0.5486717870315074,-0.3158932619061826,0.009300430241550695
4.92,0.006043484284725975,-0.15057777783182952,0.05520022154459351,-0.5409902674644446,-0.30653295953497844,0.009360302371204166
4.925,0.00531382478139345,-0.14128218271740337,0.05253410431695219,-0.5332234455282634,-0.2971142627179525,0.009418696817025951
4.93,0.0046306996412385,-0.13196427750853115,0.04990724158072023,-0.5253725472463929,-0.287638658361572,0.009475604356380507
4.9350000000000005,0.003994216737639555,-0.1226255336104592,0.047320047521117826,-0.51743881192048,-0.2781076423601369,0.009531016001435078
4.94,0.0034044765786257814,-0.11326742571911257,0.04477293006144441,-0.5094234919346834,-0.2685227193595531,0.009584923000583834
4.945,0.002861572291004577,-0.10389143158820591,0.0422662907986549,-0.5013278525579021,-0.2588854025197287,0.009637316839824384
4.95,0.0023655896056566372,-0.09449903179590508,0.03980052493993505,-0.4931531717439694,-0.24919721327562233,0.00968818924410636
4.955,0.0019166068439974814,-0.08509170951101616,0.037376021240285835,-0.48490073992984334,-0.23945968109698584,0.009737532178636488
4.96,0.0015146949056099811,-0.07567095025878108,0.034993161941126706,-0.47657185983182637,-0.22967434324683778,0.009785337850148068
4.965,0.0011599172570482819,-0.0662382416862933,0.032652322709927475,-0.46816784623984575,-0.21984274453870706,0.009831598708130718
4.97,0.0008523299218158531,-0.05679507332758656,0.03035387258087834,-0.4596900258098275,-0.20996643709268403,0.009876307446023025
4.9750000000000005,0.0005919814715184989,-0.04734293636840932,0.02809817389660736,-0.4511397368541963,-0.2000469800903169,0.009919457002367127
4.98,0.0003789130181947264,-0.03788332341076546,0.02588558225095468,-0.4425183291305354,-0.19008593952839475,0.009961040561922152
4.985,0.00021315820782323857,-0.028417728237197622,0.02371644643281249,-0.43382716362843854,-0.1800848879716525,0.010001051556742246
4.99,9.474321501001803e-05,-0.018947645574912374,0.021591108371039548,-0.4250676123545885,-0.17004540430444082,0.01003948366721169
4.995,2.3686738855166478e-05,-0.009474570859741434,0.01950990308045907,-0.4162410581160959,-0.15996907348139539,0.010076330823045432
5.0,0.0,-3.6934477319458363e-16,0.017473158608948405,-0.40734889430213267,-0.14985748627715095,0.010111587204244432
5.005,2.3686738855166478e-05,0.009474570859740695,0.015481195985628934,-0.3983925246638942,-0.1397122390351332,0.010145247242017763
5.01,9.474321501001803e-05,0.018947645574911635,0.013534329170164307,-0.3893733630929255,-0.129534933415473,0.010177305619660182
5.015,0.00021315820782320525,0.028417728237196883,0.011632865003175077,-0.3802928333978459,-0.11932717614208208,0.010207757273390933
5.0200000000000005,0.00037891301819475975,0.037883323410766064,0.009777103157777536,-0.3711523690795081,-0.10909057874892472,0.010236597393157354
5.025,0.0005919814715185323,0.047342936368411255,0.007967336092254406,-0.36195341310462603,-0.0988267573255367,0.010263821423388025
5.03,0.0008523299218158197,0.05679507332758582,0.0062038490038648616,-0.35269741767790885,-0.08853733226181855,0.010289425063718147
5.035,0.0011599172570482485,0.06623824168629257,0.004486919783801184,-0.34338584401273536,-0.0782239279921528,0.010313404269665746
5.04,0.001514694905609948,0.07567095025878035,0.002816818973299152,-0.33402016210040647,-0.06788817273888222,0.010335755253270587
5.045,0.001916606843997448,0.08509170951101544,0.0011938097209090958,-0.3246018504780112,-0.05753169825519093,0.010356474483691286
5.05,0.002365589605656604,0.09449903179590434,-0.00038185225906562075,-0.3151323959949433,-0.047156139567424815,0.010375558687766115
5.055,0.0028615722910045435,0.10389143158820517,-0.0019099187269561479,-0.3056132935781054,-0.03676313471689856,0.010393004850526258
5.0600000000000005,0.003404476578625848,0.11326742571911318,-0.0033901489569353356,-0.2960460459958375,-0.02635432450122306,0.010408810215675496
5.065,0.003994216737639588,0.12262553361045982,-0.0048223097750383715,-0.2864321636206072,-0.015931352215205613,0.010422972286017448
5.07,0.004630699641238433,0.13196427750853043,-0.006206175595990868,-0.27677316419049935,-0.005495863391340797,0.010435488823864816
5.075,0.005313824781393417,0.14128218271740267,-0.007541528458838581,-0.2670705725695426,0.004950494460034954,0.010446357851375751
5.08,0.006043484284725909,0.15057777783182882,-0.008828158061373133,-0.2573259205069102,0.015406072110913924,0.01045557765087897
5.085,0.006819562929541889,0.15984959496958234,-0.010065861793348306,-0.24754074639503448,0.02586921887605209,0.010463146765138168
5.09,0.007641938164026829,0.1690961700032562,-0.011254444768481663,-0.23771659502667128,0.03633828287363697,0.010469063997584876
5.095,0.008510480125597741,0.1783160427914602,-0.012393719855236436,-0.22785501735095468,0.046811611286140864,0.010473328412503896
5.1000000000000005,0.009425051661410777,0.18750775740940495,-0.013483507706378831,-0.2179575702284788,0.05728755062133066,0.010475939335189796
5.105,0.010385508350017902,0.19666986237879328,-0.014523636787306064,-0.2080258161854467,0.06776444697336848,0.010476896352037815
5.11,0.011391698524174253,0.20580091089704255,-0.015513943403140685,-0.19806132316692415,0.07824064628399767,0.010476199310629195
5.115,0.012443463294787183,0.2148994610657414,-0.016454271724586876,-0.18806566428923813,0.08871449460373607,0.010473848319738396
5.12,0.013540636576007148,0.22396407611834568,-0.01734447381254467,-0.17804041759155842,0.09918433835306105,0.010469843749324984
5.125,0.014683045111453873,0.2329933246470556,-0.01818440964147818,-0.16798716578670222,0.10964852458352906,0.010464186230468006
5.13,0.015870508501576595,0.2419857808288595,-0.018973947121534183,-0.15790749601120016,0.12010540123880664,0.010456876655277586
5.135,0.01710283923214064,0.2509400246506836,-0.019712962119407505,-0.1478029995746646,0.13055331741554999,0.010447916176743344
5.14,0.01837984270383768,0.259854642133625,-0.020401338477949997,-0.13767527170849822,0.14099062362410353,0.010437306208553543
5.1450000000000005,0.019701317263016358,0.26872822555624426,-0.021038968034519916,-0.12752591131398358,0.15141567204898537,0.010425048424881844
5.15,0.021067054233524694,0.27755937367685174,-0.02162575063806888,-0.1173565207097933,0.161826816809094,0.010411144760108626
5.155,0.022476837949662588,0.28634669195478407,-0.022161594164963685,-0.10716870537896064,0.17222241421761786,0.01039559740852386
5.16,0.023930445790238817,0.29508879277062056,-0.022646414533540434,-0.0969640737153502,0.18260082304160175,0.010378408823983887
5.165,0.025427648213724775,0.303784295645302,-0.02308013571738878,-0.08674423676966893,0.19296040476111703,0.010359581719515287
5.17,0.026968208794501236,0.3124318274581206,-0.02346268975736407,-0.07651080799505815,0.2032995238280041,0.01033911906688706
5.175,0.02855188426019399,0.32103002266355884,-0.023794016772325597,-0.06626540299230543,0.21361654792415663,0.010317024096152538
5.18,0.03017842453008844,0.3295775235069205,-0.024074064968599186,-0.05600963925471797,0.2239098482192823,0.010293300295125679
5.1850000000000005,0.03184757275462097,0.33807298023873894,-0.02430279064816267,-0.04574513591269698,0.23417779962812282,0.010267951408840514
5.19,0.03355906535593662,0.34651505132790894,-0.02448015821555294,-0.03547351347805331,0.24441878106706683,0.010240981438944002
5.195,0.03531263206951415,0.3549024036735456,-0.024606140183493466,-0.025196393588105166,0.25463117571016053,0.010212394643093703
5.2,0.037107995986840954,0.3632337128154817,-0.024680717177241455,-0.014915398749598338,0.26481337124441,0.010182195534249483
5.205,0.03894487359914223,0.3715076631434256,-0.024703877937653898,-0.004632152082488652,0.2749637601244008,0.010150388879990813
5.21,0.04082297484214918,0.3797229481047057,-0.024675619322972037,0.005651722936372035,0.28508073982614546,0.010116979701744633
5.215,0.042742003141904274,0.38787827041059303,-0.024595946309324004,0.01593460272960646,0.2951627131001496,0.010081973274004119
5.22,0.04470165546159225,0.39597234224115396,-0.024464871989945517,0.026214863875697735,0.3052080882236318,0.010045375123482247
5.2250000000000005,0.04670162234939574,0.4040038854486202,-0.024282417573118758,0.03649088336535165,0.3152152792518944,0.010007191028262585
5.23,0.048741587987357636,0.41197163175921026,-0.024048612378829794,0.0467610388577928,0.32518270626874574,0.009967427016851327
5.235,0.05082123024125623,0.41987432297341887,-0.023763493834145017,0.0570237089369558,0.3351087956360133,0.009926089367267577
5.24,0.05294022071147166,0.42771071116469234,-0.023427107467307366,0.06727727336753014,0.3449919802420308,0.009883184606017503
5.245,0.05509822478484485,0.4354795588764943,-0.023039506900553272,0.07752011335081886,0.3548306997491117,0.009838719507080873
5.25,0.05729490168751569,0.44317963931770926,-0.022600753841651423,0.08775061178036966,0.3646234008399432,0.009792701090831524
5.255,0.05952990453873677,0.45080973655637463,-0.022110918074164723,0.09796715349733996,0.3743685374628858,0.009745136622942574
5.26,0.06180288040564935,0.45836864571168656,-0.02157007744643696,0.10816812554555283,0.3840645710761139,0.009696033613228128
5.265,0.06411347035901412,0.4658551731442616,-0.02097831785930593,0.11835191742620661,0.39370997089056586,0.00964539981445195
5.2700000000000005,0.06646130952989296,0.4732681366446338,-0.020335733252544952,0.1285169213521956,0.40330321411169223,0.009593243221126369
5.275,0.06884602716726342,0.48060636561993153,-0.01964242559003494,0.13866153250200286,0.4128427861799123,0.009539572068220092
5.28,0.07126724669656566,0.48786870127873105,-0.01889850484366932,0.14878414927312414,0.42232718100979116,0.00948439482987884
5.285,0.0737245857791687,0.49505399681404527,-0.018104088975994397,0.15888317353498424,0.4317549012278755,0.009427720218084357
5.29,0.07621765637274543,0.5021611175844155,-0.017259303921587872,0.16895701088130485,0.4411244584091475,0.00936955718127197
5.295,0.07874606479254775,0.5091889412930819,-0.016364283567178454,0.17900407088188366,0.45043437331206065,0.009309914902913163
5.3,0.08130941177357627,0.5161363581652126,-0.01541916973050972,0.1890227673337467,0.4596831761121469,0.00924880280008622
5.305,0.08390729253362751,0.5230022711231466,-0.01442411213795156,0.19901151851163207,0.46886940663411425,0.009186230521967376
5.3100000000000005,0.08653929683721456,0.5297855959596375,-0.013379268400862725,0.208968747417767,0.47799161458243516,0.009122207948320915
5.315,0.08920500906034524,0.536485261509055,-0.012284803990708231,0.2188928820308988,0.48704835977035343,0.00905674518791827
5.32,0.09190400825615871,0.5431002098165467,-0.011140892212935535,0.22878235555453935,0.49603821234733614,0.008989852576982704
5.325,0.09463586822139344,0.54962939630509,-0.009947714179613612,0.23863560666438444,0.5049597530248436,0.0089215406775075
5.33,0.09740015756369252,0.5560717899404507,-0.008705458780839264,0.24845107975486957,0.5138115733004719,0.008851820275628253
5.335,0.1001964397697242,0.5624263733939912,-0.007414322654915153,0.2582272251848224,0.5225922756803669,0.008780702379895033
5.34,0.10302427327411297,0.5686921432033202,-0.006074510157304287,0.26796249952217316,0.5313004738999133,0.008708198219546381
5.345,0.10588321152916642,0.5748681099307481,-0.004686233328365865,0.2776553657876844,0.5399347931426373,0.008634319242723953
5.3500000000000005,0.10877280307539344,0.5809532983195371,-0.0032497118598775513,0.28730429369766264,0.5484938702573265,0.008559077114689284
5.355,0.11169259161279006,0.5869467474478954,-0.001765173060349494,0.29690775990561147,0.5569763539732665,0.008482483715939959
5.36,0.1146421160728997,0.5928475108807292,-0.00023285181913554266,0.3064642482427902,0.5653809051136526,0.008404551140386074
5.365,0.11762091069161822,0.5986546568190886,0.0013470094306526513,0.3159722499576388,0.5737061968070492,0.008325291693396575
5.37,0.12062850508274438,0.6043672682473121,0.0029741607504228064,0.32543026395403096,0.581950914696928,0.008244717889878794
5.375,0.12366442431225792,0.6099844430778308,0.004648344735564401,0.33483679702831887,0.5901137571492152,0.008162842452287267
5.38,0.12672818897331942,0.6155052942936237,0.006369296556090059,0.3441903641051318,0.5981934354578519,0.00807967830863665
5.385,0.12981931526197296,0.6209289500882846,0.00813674399844951,0.3534894884718902,0.6061886740482921,0.007995238590440268
5.39,0.1329373150535433,0.6262545540036891,0.009950407508509512,0.36273270201200036,0.6140982106789293,0.007909536630637204
5.3950000000000005,0.13608169597971925,0.631481265065244,0.011810000235692966,0.3719185454366909,0.6219207966404373,0.007822585961507977
5.4,0.13925196150630123,0.6366082579146821,0.013715228078270246,0.38104556851545573,0.6296551969529435,0.007734400312506162
5.405,0.14244761101161132,0.6416347229403977,0.015665789729795574,0.3901123303050657,0.6373001905610588,0.007644993608115325
5.41,0.14566813986554786,0.6465598664052953,0.01766137672668115,0.3991173993771148,0.6448545705267029,0.00755437996564412
5.415,0.14891303950927182,0.6513829105721284,0.019701673496901467,0.4080593540440634,0.6523171442196949,0.0074625736929919695
5.42,0.1521817975355124,0.6561030938263114,0.02178635740982018,0.4169367825837425,0.6596867335060774,0.0073695892863825385
5.425,0.1554738977694851,0.6607196707961908,0.02391509882713161,0.42574828346228594,0.6669621749341784,0.007275441428100993
5.43,0.15878882035039968,0.6652319124707459,0.02608756115490887,0.434492465555452,0.6741423199183253,0.0071801449841468745
5.4350000000000005,0.16212604181355386,0.6696391063147104,0.02830340089675038,0.4431679483683024,0.6812260349202333,0.007083715001907964
5.44,0.16548503517299032,0.6739405563810836,0.030562267708016393,0.45177336225320247,0.6882122016279858,0.006986166707752539
5.445,0.1688652700047204,0.6781355834210381,0.032863804451146936,0.4603073486261082,0.6950997171326665,0.006887515504680697
5.45,0.17226621253047827,0.6822235249911728,0.03520764725205247,0.4687685601811063,0.7018874941024943,0.006787776969827797
5.455,0.17568732570201456,0.6862037355581254,0.03759342555756834,0.4771556611031733,0.7085744609545493,0.006686966852055054
5.46,0.17912806928590083,0.6900755866005073,0.040020762193963944,0.4854673272791203,0.715159562023983,0.006585101069433663
5.465,0.18258789994883917,0.6938384667081555,0.042489273426497394,0.49370224650668987,0.721641757730726,0.006482195706743021
5.47,0.18606627134345932,0.6974917816786794,0.04499856902000625,0.5018591187017709,0.7280200247436457,0.006378267012919658
5.4750000000000005,0.18956263419459704,0.701034954611296,0.04754825230052476,0.5099366561037019,0.7342933561421653,0.006273331398519599
5.48,0.193076436386025,0.7044674259979233,0.05013792021791789,0.5179335834786264,0.7404607615752404,0.006167405433075146
5.485,0.1966071230476449,0.7077886538115401,0.05276716340952225,0.5258486383208716,0.7465212674177848,0.006060505842544361
5.49,0.2001541366431038,0.7109981135917738,0.055435566264783825,0.533680571052316,0.752473916924399,0.005952649506614227
5.495,0.2037169170578372,0.7140952985277201,0.058142706990882406,0.5414281452197166,0.7583177703804644,0.005843853456065418
5.5,0.20729490168751563,0.7170797195379732,0.060888157679332214,0.5490901376899622,0.7640519052505266,0.005734134870062135
5.505,0.21088752552688914,0.7199509053478594,0.06367148437354833,0.5566653388432249,0.7696754163239936,0.005623511073467036
5.51,0.21449422125900705,0.722708402563856,0.0664922471373682,0.5641525527639759,0.7751874158580766,0.00551199953408299
5.515,0.21811441934480214,0.7253517757451857,0.0693500001245174,0.5715505974298389,0.7805870337179683,0.005399617859891737
5.5200000000000005,0.2217475481130309,0.7278806074725811,0.07224429164900865,0.578858304898249,0.78587341751427,0.005286383796301641
5.525,0.2253930338505438,0.7302944984141968,0.07517466425646309,0.5860745214908875,0.791045732737578,0.005172315223307966
5.53,0.2290503008928826,0.7325930673886702,0.07814065479634241,0.5931981079758649,0.7961031628902766,0.005057430152698661
5.535,0.2327187717151854,0.7347759514253148,0.08114179449508052,0.600227939747623,0.8010449096154766,0.00494174672519998
5.54,0.23639786702338367,0.7368428058214365,0.08417760903010316,0.6071629070045264,0.8058701928230875,0.0048252832076108865
5.545,0.24008700584567774,0.7387933041967659,0.08724761860472374,0.6140019149241165,0.8105782508129948,0.004708057989907366
5.55,0.24378560562428225,0.7406271385449991,0.09035133802390374,0.6207438838360011,0.8151683403953636,0.004590089582368728
5.555,0.24749308230741657,0.7423440192824337,0.09348827677086549,0.6273877493923496,0.8196397370079869,0.004471396612623302
5.5600000000000005,0.2512088504415351,0.7439436752936992,0.09665793908454534,0.63393246273597,0.8239917348307161,0.004351997822729214
5.565,0.25493232326377285,0.7454258539745668,0.09985982403787504,0.6403769906659392,0.8282236468968984,0.004231912066182342
5.57,0.25866291279460885,0.7467903212718413,0.10309342561687884,0.646720315800761,0.8323348052018958,0.00411115830499742
5.575,0.26240002993070877,0.7480368617203189,0.10635823280057397,0.6529614367390255,0.8363245608085419,0.0039897556066460504
5.58,0.2661430845379553,0.7491652784768124,0.1096537296416617,0.6590993682175467,0.840192283949641,0.0038677231410990665
5.585,0.2698914855446351,0.750175393351235,0.11297939534799645,0.6651331412669492,0.843937364127408,0.0037450801777670906
5.59,0.2736446410347769,0.7510670468347383,0.11633470436481987,0.6710618033646847,0.8475592102098833,0.0036218460824752885
5.595,0.2774019583416198,0.7518400981249012,0.1197191264577471,0.676884418585448,0.8510572505242695,0.003498040314386164
5.6000000000000005,0.28116284414120646,0.7524944251479633,0.12313212679649198,0.682600067748976,0.8544309329472323,0.003373682422962765
5.605,0.2849267045460694,0.7530299245781022,0.12657316603931798,0.6882078485651988,0.8576797249920561,0.003248792044823867
5.61,0.2886929451990196,0.7534465118537504,0.13004170041820162,0.6937068757767264,0.8608031138927694,0.0031233889007132865
5.615,0.2924609713669985,0.7537441211909479,0.13353718182469484,0.699096281298644,0.8638006066850981,0.0029974927923286376
5.62,0.2962301880349943,0.7539227055937304,0.13705905789647282,0.7043752143555965,0.8666717302843212,0.0028711235992231465
5.625,0.2999999999999998,0.7539822368615503,0.14060677210455352,0.7095428416161386,0.8694160315599679,0.002744301275646732
5.63,0.3037698119650054,0.7539227055937304,0.14417976384117517,0.7145983473243319,0.872033077407394,0.0026170458474260583
5.635,0.30753902863300114,0.7537441211909479,0.147777468508318,0.7195409334285647,0.8745224548161662,0.0024893774087721976
5.64,0.31130705480098003,0.7534465118537506,0.15139931760685588,0.7243698197075775,0.8768837709352789,0.002361316119112722
5.6450000000000005,0.3150732954539308,0.7530299245781021,0.15504473882632425,0.7290842438936725,0.8791166531352106,0.002232882199931674
5.65,0.3188371558587943,0.7524944251479632,0.1587131561352897,0.7336834617930881,0.8812207490667512,0.002104095931540595
5.655,0.32259804165837985,0.7518400981249013,0.16240398987230728,0.7381667474035181,0.883195726716652,0.0019749776499008442
5.66,0.3263553589652227,0.7510670468347385,0.16611665683745108,0.7425333930287603,0.8850412744600654,0.0018455477434133893
5.665,0.33010851445536454,0.7501753933512351,0.16985057038440346,0.7467827093904732,0.8867571011097501,0.0017158266496847263
5.67,0.3338569154620443,0.7491652784768125,0.1736051405130886,0.7509140257370236,0.8883429359620474,0.001585834852297241
5.675,0.3375999700692909,0.748036861720319,0.17737977396283564,0.7549266899494103,0.8897985288396496,0.0014555928776022187
5.68,0.3413370872053908,0.7467903212718415,0.18117387430605686,0.7588200686442441,0.8911236501310967,0.0013251212914471289
5.6850000000000005,0.34506767673622735,0.7454258539745668,0.18498684204242571,0.7625935472737696,0.8923180908270465,0.001194440695949761
5.69,0.348791149558465,0.7439436752936992,0.18881807469354028,0.7662465302229131,0.8933816625532603,0.0010635717262138522
5.695,0.3525069176925831,0.7423440192824339,0.19266696689805698,0.7697784409033405,0.8943141976003899,0.0009325350471295346
5.7,0.35621439437571745,0.7406271385449992,0.19653291050727953,0.7731887218445096,0.8951155489504279,0.0008013513500380043
5.705,0.35991299415432193,0.738793304196766,0.20041529468118807,0.7764768347817058,0.8957855902999508,0.0006700413495228652
5.71,0.363602132976616,0.7368428058214367,0.20431350598489328,0.7796422607410427,0.8963242160800552,0.0005386257801044403
5.715,0.36728122828481424,0.7347759514253149,0.20822692848550037,0.782684500121418,0.8967313414730367,0.00040712539298148887
5.72,0.370949699107117,0.7325930673886705,0.2121549438493674,0.7856030727734081,0.8970069024257759,0.00027556095273917336
5.7250000000000005,0.37460696614945693,0.7302944984141964,0.21609693143974287,0.7883975180750945,0.8971508556598782,0.00014395323410232308
5.73,0.37825245188696927,0.727880607472581,0.22005226841476688,0.7910673950048028,0.8971631786784764,1.232301859821483e-05
5.735,0.38188558065519757,0.725351775745186,0.22402032982582062,0.7936122822107495,0.8970438697698258,-0.00011930890865063937
5.74,0.3855057787409926,0.7227084025638562,0.22800048871620854,0.7960317780775812,0.89679294800755,-0.00025092176227570206
5.745,0.38911247447311054,0.7199509053478597,0.23199211622015753,0.7983255007897971,0.8964104532476446,-0.00038249475990548287
5.75,0.39270509831248407,0.7170797195379734,0.23599458166211776,0.8004930883920458,0.8958964461221737,-0.0005140071254708944
5.755,0.39628308294216247,0.7140952985277204,0.24000725265634917,0.8025341988462853,0.8952510080297149,-0.000645438092458761
5.76,0.39984586335689587,0.7109981135917741,0.24402949520677816,0.8044485100857972,0.8944742411224997,-0.0007767669072151762
5.765,0.4033928769523548,0.7077886538115404,0.24806067380710842,0.806235720066049,0.893566268290279,-0.0009079728322207714
5.7700000000000005,0.4069235636139752,0.7044674259979231,0.2521001515411704,0.8078955468123928,0.8925272331409362,-0.0010390351493427818
5.775,0.41043736580540363,0.7010349546112953,0.25614729018349336,0.8094277284645961,0.891357299977797,-0.0011699331631391807
5.78,0.4139337286565404,0.6974917816786798,0.26020145030008435,0.8108320233181947,0.8900566537736941,-0.0013006462041028621
5.785,0.4174121000511605,0.6938384667081559,0.26426199134939765,0.8121082098626647,0.8886255001417639,-0.0014311536319302487
5.79,0.42087193071409884,0.6900755866005076,0.2683282717834797,0.8132560868164044,0.8870640653029783,-0.0015614348387855692
5.795,0.4243126742979851,0.6862037355581257,0.2723996491492723,0.8142754731585216,0.8853725960504152,-0.001691469252563138
5.8,0.42773378746952145,0.6822235249911731,0.2764754801900594,0.8151662081574225,0.8835513597103051,-0.0018212363401101106
5.805,0.4311347299952793,0.6781355834210385,0.2805551209470404,0.8159281513961959,0.8816006440998108,-0.0019507156104943135
5.8100000000000005,0.43451496482700985,0.6739405563810834,0.28463792686101436,0.8165611827947895,0.8795207574815869,-0.0020798866182238918
5.815,0.4378739581864463,0.6696391063147101,0.28872325287415923,0.8170652026289754,0.8773120285150868,-0.00220872896650004
5.82,0.44121117964960005,0.6652319124707463,0.2928104535318897,0.8174401315461006,0.8749748062046959,-0.0023372223103909073
5.825,0.44452610223051464,0.6607196707961911,0.29689888308477785,0.8176859105776203,0.8725094598445932,-0.0024653463601027603
5.83,0.4478182024644873,0.6561030938263117,0.3009878955905199,0.8178025011484131,0.8699163789604595,-0.0025930808841336805
5.835,0.45108696049072783,0.6513829105721288,0.3050768450159343,0.8177898850828755,0.8671959732479594,-0.0027204057125000958
5.84,0.45433186013445176,0.6465598664052956,0.30916508533897324,0.817648064607795,0.8643486725080518,-0.0028473007399075767
5.845,0.4575523889883884,0.6416347229403981,0.31325197065073324,0.8173770623520008,0.8613749265791145,-0.002973745928937288
5.8500000000000005,0.46074803849369933,0.6366082579146811,0.3173368552574472,0.8169769213427942,0.8582752052659275,-0.0030997213131870316
5.855,0.4639183040202809,0.6314812650652438,0.321419093782443,0.8164477049991566,0.8550499982654663,-0.003225207000461139
5.86,0.4670626849464563,0.6262545540036896,0.32549804126805165,0.8157894971217381,0.8516998150895998,-0.00335018317586655
5.865,0.4701806847380267,0.6209289500882851,0.3295730532774498,0.8150024018796269,0.8482251849846206,-0.0034746301049791706
5.87,0.4732718110266803,0.6155052942936242,0.3336434859964193,0.8140865437939034,0.8446266568476776,-0.0035985281369430577
5.875,0.47633557568774176,0.6099844430778314,0.3377086963350092,0.8130420677179792,0.8409047991400944,-0.003721857707583154
5.88,0.47937149491725534,0.6043672682473126,0.34176804202908284,0.8118691388147259,0.8370601997976195,-0.0038445993424749414
5.885,0.48237908930838147,0.598654656819089,0.3458208817417348,0.8105679425303972,0.8330934661375768,-0.003966733660042632
5.89,0.4853578839271,0.5928475108807297,0.34986657516456154,0.8091386845653473,0.8290052247629647,-0.004088241374612167
5.8950000000000005,0.4883074083872101,0.5869467474478952,0.3539044831187693,0.8075815908415519,0.8247961214635199,-0.004209103299444794
5.9,0.4912271969246071,0.5809532983195359,0.35793396765610397,0.8058969074669348,0.820466821113732,-0.004329300349787846
5.905,0.4941167884708333,0.5748681099307487,0.3619543921595865,0.8040849006965073,0.8160180075678601,-0.004448813545871899
5.91,0.49697572672588675,0.5686921432033207,0.36596512144403814,0.8021458568903268,0.8114503835519491,-0.004567624015911043
5.915,0.4998035602302755,0.5624263733939916,0.36996552185637954,0.8000800824682799,0.8067646705528616,-0.004685712999087488
5.92,0.5025998424363072,0.5560717899404513,0.373954961375688,0.7978879038616977,0.8019616087043431,-0.004803061848518531
5.925,0.5053641317786063,0.5496293963050906,0.3779328097129971,0.7955696674618116,0.79704195667016,-0.004919652034183097
5.93,0.508095991743841,0.5431002098165473,0.3818984384108224,0.7931257395650566,0.7920064915242926,-0.0050354651458673905
5.9350000000000005,0.5107949909396549,0.5364852615090545,0.38585122094239854,0.7905565063152318,0.7868560086282349,-0.005150482896057684
5.94,0.5134607031627856,0.5297855959596371,0.38979053281061116,0.7878623736425266,0.7815913215053869,-0.005264687122848
5.945,0.5160927074663723,0.5230022711231471,0.39371575164660827,0.7850437671994226,0.7762132617126124,-0.005378059792774503
5.95,0.5186905882264236,0.5161363581652132,0.39762625730807566,0.7821011322934801,0.7707226787089113,-0.005490583003701088
5.955,0.521253935207452,0.5091889412930826,0.4015214319771608,0.7790349338170226,0.7651204397212933,-0.0056022389876180245
5.96,0.5237823436272544,0.5021611175844162,0.4054006602580294,0.775845656173727,0.7594074296078335,-0.0057130101134598155
5.965,0.526275414220831,0.4950539968140458,0.4092633292740401,0.7725338032021337,0.7535845507179421,-0.005822878889891414
5.97,0.528732753303434,0.48786870127873166,0.4131088287645205,0.769099898096087,0.747652722749875,-0.005931827968067016
5.9750000000000005,0.5311539728327371,0.4806063656199301,0.4169365511811311,0.7655444833221199,0.7416128826055156,-0.006039840144359432
5.98,0.5335386904701072,0.47326813664463346,0.42074589178380006,0.7618681205337944,0.7354659842424079,-0.006146898363107667
5.985,0.5358865296409856,0.4658551731442623,0.42453624873621515,0.7580713904830131,0.729212998523145,-0.006252985719262916
5.99,0.5381971195943503,0.45836864571168723,0.42830702320085673,0.7541548929283144,0.7228549130620425,-0.006358085461102503
5.995,0.540470095461263,0.4508097365563753,0.4320576194335576,0.7501192465401662,0.7163927320691936,-0.006462180992848898
6.0,0.542705098312484,0.44317963931770993,0.4357874448775739,0.745965088803273,0.7098274761918852,-0.006565255877308385
6.005,0.5449017752151549,0.435479558876495,0.4394959102571535,0.7416930759159132,0.7031601823534438,-0.006667293838441446
6.01,0.5470597792885282,0.4277107111646931,0.44318242967058513,0.7373038826863191,0.6963919035894833,-0.006768278763960467
6.015000000000001,0.5491787697587439,0.4198743229734184,0.44684642068271574,0.7327982024261207,0.6895237088816235,-0.0068681947078598204
6.0200000000000005,0.5512584120126425,0.4119716317592098,0.4504873044169201,0.7281767468408659,0.6825566829886905,-0.006967025892932965
6.025,0.5532983776506046,0.40400388544861865,0.4541045056465083,0.7234402459176363,0.6754919262754242,-0.00706475671326634
6.03,0.5552983445384075,0.39597234224115463,0.4576974528855572,0.7185894478097768,0.6683305545387141,-0.007161371736710054
6.035,0.5572579968580955,0.3878782704105938,0.46126557847915095,0.713625118718756,0.6610736988314113,-0.007256855707302834
6.04,0.5591770251578506,0.37972294810470636,0.4648083186930168,0.7085480427731765,0.6537225052837226,-0.007351193547688761
6.045,0.5610551264008576,0.3715076631434263,0.4683251138025416,0.7033590219049545,0.6462781349222199,-0.007444370361502695
6.05,0.5628920040131589,0.36323371281548245,0.471815408181155,0.698058875722688,0.6387417634865113,-0.007536371435708511
6.055,0.5646873679304857,0.35490240367354625,0.4752786503880662,0.692648441382234,0.6311145812435777,-0.007627182242933683
6.0600000000000005,0.5664409346440634,0.3465150513279085,0.47871429325533876,0.6871285734545141,0.6233977927998173,-0.007716788443760336
6.065,0.5681524272453791,0.33807298023873844,0.4821217939742916,0.6815001437905701,0.6155926169108223,-0.007805175888994986
6.07,0.5698215754699114,0.32957752350692127,0.4855006141812111,0.6757640413838921,0.607700286288937,-0.007892330621885324
6.075,0.5714481157398058,0.3210300226635596,0.4888502200423613,0.6699211722300376,0.5997220474085874,-0.007978238880349653
6.08,0.5730317912054986,0.31243182745812137,0.49217008233827914,0.6639724591835672,0.5916591603094626,-0.008062887099124727
6.085,0.5745723517862751,0.3037842956453028,0.49545967654734074,0.6579188418123179,0.5835128983975328,-0.008146261911929797
6.09,0.576069554209761,0.29508879277062133,0.49871848292858595,0.6517612762490366,0.5752845482439731,-0.008228350153559716
6.095,0.5775231620503373,0.28634669195478485,0.501945986603788,0.6455007350403982,0.5669754093819946,-0.008309138861978482
6.1000000000000005,0.5789329457664756,0.27755937367685,0.5051416776387552,0.6391382069934318,0.5585867941016429,-0.00838861528035173
6.105,0.5802986827369837,0.2687282255562438,0.508305051123852,0.6326746970193791,0.5501200272425658,-0.008466766859077102
6.11,0.5816201572961622,0.25985464213362586,0.511435607253727,0.6261112259750092,0.541576445984817,-0.008543581257748789
6.115,0.5828971607678592,0.2509400246506844,0.5145328514062342,0.619448830501417,0.5329573996376962,-0.008619046347120851
6.12,0.5841294914984233,0.24198578082886027,0.5175962942205358,0.6126885628603267,0.5242642494266819,-0.008693150211014244
6.125,0.585316954888546,0.2329933246470564,0.5206254516743755,0.605831490767931,0.515498368278479,-0.00876588114820298
6.13,0.5864593634239927,0.22396407611834646,0.5236198451605069,0.598878697226288,0.5066611406042222,-0.008837227674256765
6.135,0.5875565367052127,0.2148994610657422,0.5265790015622683,0.5918312803523054,0.4977539620808624,-0.00890717852335976
6.140000000000001,0.5886083014758258,0.20580091089704208,0.52950245332829,0.5846903532043374,0.48877823943077464,-0.00897572265008778
6.1450000000000005,0.5896144916499821,0.19666986237879278,0.5323897385463222,0.5774570436064222,0.47973539019962275,-0.009042849231151895
6.15,0.5905749483385894,0.18750775740940315,0.5352404010161732,0.5701324939701885,0.4706268425325165,-0.009108547667106226
6.155,0.5914895198744021,0.17831604279146104,0.5380539903217455,0.5627178611144567,0.46145403494849135,-0.009172807584025167
6.16,0.5923580618359731,0.169096170003257,0.5408300619021583,0.555214316082567,0.45221841611335295,-0.009235618835138404
6.165,0.593180437070458,0.15984959496958315,0.5435681771219456,0.5476230439574604,0.4429214446109168,-0.009296971502436135
6.17,0.5939565157152741,0.15057777783182963,0.5462679033403183,0.5399452436745426,0.4335645887126844,-0.00935685589823243
6.175,0.5946861752186064,0.14128218271740348,0.5489288139794801,0.5321821278323601,0.4241493261459857,-0.009415262566698668
6.18,0.5953693003587615,0.13196427750853124,0.5515504885919857,0.5243349225011199,0.4146771438606366,-0.009472182285349129
6.1850000000000005,0.5960057832623604,0.12262553361045932,0.5541325129271312,0.5164048670290806,0.4051495377941292,-0.009527606066507377
6.19,0.5965955234213741,0.11326742571911268,0.5566744789963655,0.5083932138468477,0.39556801263540886,-0.00958152515872035
6.195,0.5971384277089954,0.10389143158820599,0.5591759851377135,0.500301228269602,0.385934081587272,-0.009633931048136868
6.2,0.5976344103943434,0.09449903179590517,0.5616366360792,0.49213018829729466,0.3762492661274114,-0.009684815459860607
6.205,0.5980833931560025,0.08509170951101626,0.5640560430012642,0.48388138441283784,0.36651509576816144,-0.00973417035924995
6.21,0.59848530509439,0.07567095025878116,0.5664338235981559,0.47555611937832526,0.35673310781497497,-0.009781987953186466
6.215,0.5988400827429516,0.0662382416862934,0.5687696021383024,0.467155708029313,0.34690484712366126,-0.009828260691313706
6.22,0.5991476700781841,0.05679507332758665,0.5710630095236384,0.458681477067194,0.33703186585644423,-0.00987298126721703
6.2250000000000005,0.5994080185284815,0.047342936368409416,0.5733136833478869,0.45013476484969883,0.327115723236853,-0.009916142619591228
6.23,0.5996210869818053,0.03788332341076555,0.5755212679537847,0.4415169211795559,0.31715798530351164,-0.00995773793334137
6.235,0.5997868417921768,0.028417728237197716,0.5776854144892414,0.4328293070913437,0.30716022466283976,-0.009997760640671871
6.24,0.59990525678499,0.018947645574912464,0.5798057809624242,0.4240732946365707,0.2971240202407251,-0.01003620442211467
6.245,0.5999763132611449,0.009474570859741526,0.5818820322957593,0.4152502666670138,0.28705095703319483,-0.010073063207530264
6.25,0.6,4.616809664932295e-16,0.5839138403788411,0.4063616166163532,0.2769426258561253,-0.010108331177069552
6.255,0.5999763132611449,-0.009474570859740603,0.5859008841202418,0.39740874828013445,0.2668006230940408,-0.01014200276208449
6.26,0.59990525678499,-0.018947645574911545,0.5878428494982122,0.3883930755940955,0.2566265504480227,-0.010174072646018106
6.265000000000001,0.5997868417921768,-0.02841772823719813,0.5897394296102667,0.379316022410892,0.24642201468278957,-0.010204535765233114
6.2700000000000005,0.5996210869818053,-0.037883323410765966,0.591590324721643,0.37017902227525656,0.23618862737296697,-0.010233387309822595
6.275,0.5994080185284815,-0.047342936368411165,0.5933952423126311,0.3609835181976277,0.22592800464860743,-0.010260622724359542
6.28,0.5991476700781841,-0.056795073327585724,0.5951538971247625,0.35173096242628377,0.2156417669399854,-0.010286237708622026
6.285,0.5988400827429518,-0.06623824168629248,0.5968660112058526,0.34242281621801857,0.20533153872171372,-0.010310228218271683
6.29,0.59848530509439,-0.07567095025878026,0.5985313139538896,0.33306054960739384,0.19499894825622271,-0.01033259046549101
6.295,0.5980833931560025,-0.08509170951101534,0.6001495421597626,0.3236456411746061,0.18464562733664175,-0.010353320919580966
6.3,0.5976344103943434,-0.09449903179590426,0.6017204400488226,0.3141795778120037,0.17427321102912208,-0.010372416307519672
6.305,0.5971384277089954,-0.10389143158820506,0.6032437593212691,0.3046638544892914,0.16388333741463862,-0.010389873614483458
6.3100000000000005,0.5965955234213741,-0.11326742571911307,0.6047192591913564,0.2950999740174598,0.15347764733032654,-0.01040569008431208
6.315,0.5960057832623603,-0.12262553361045972,0.6061467064254138,0.28548944681147564,0.1430577841103732,-0.010419863219953335
6.32,0.5953693003587616,-0.13196427750853032,0.6075258753786726,0.2758337906517723,0.13262539332651707,-0.010432390783856132
6.325,0.5946861752186066,-0.14128218271740256,0.6088565480308955,0.2661345304445767,0.12218212252819637,-0.010443270798320706
6.33,0.5939565157152741,-0.1505777778318287,0.6101385140208011,0.25639319798111077,0.11172962098238386,-0.01045250154581251
6.335,0.5931804370704582,-0.15984959496958226,0.6113715706792796,0.24661133169570626,0.10126953941314955,-0.010460081569234309
6.34,0.5923580618359732,-0.1690961700032561,0.6125555230613939,0.23679047642287002,0.09080352974099382,-0.010466009672155732
6.345,0.5914895198744022,-0.17831604279146013,0.6136901839771607,0.22693218315333896,0.08033324482199639,-0.01047028491899743
6.3500000000000005,0.5905749483385891,-0.18750775740940487,0.6147753740211065,0.2170380087891626,0.06986033818680416,-0.010472906635192222
6.355,0.589614491649982,-0.19666986237879314,0.6158109216005958,0.2071095158978522,0.05938646377953452,-0.010473874407269643
6.36,0.5886083014758258,-0.20580091089704247,0.616796662962924,0.19714827246563543,0.04891327569658613,-0.010473188082948393
6.365,0.5875565367052128,-0.21489946106574132,0.6177324422211733,0.18715585164985507,0.03844242792544776,-0.010470847771138367
6.37,0.5864593634239931,-0.2239640761183443,0.618618111378826,0.17713383153055123,0.027975574083516946,-0.010466853841930815
6.375,0.5853169548885463,-0.23299332464705422,0.6194535303531323,0.16708379486126657,0.017514367156971952,-0.010461206926544994
6.38,0.5841294914984232,-0.24198578082886066,0.6202385669972279,0.15700732881911267,0.007060459239750516,-0.010453907917221436
6.385,0.5828971607678594,-0.2509400246506835,0.6209730971209986,0.14690602475413903,-0.00338449872732742,-0.010444957967077936
6.390000000000001,0.581620157296162,-0.25985464213362747,0.6216570045106888,0.13678147793804196,-0.013818857217274716,-0.010434358489947296
6.3950000000000005,0.5802986827369834,-0.2687282255562455,0.6222901809472501,0.12663528731225482,-0.024240968377398586,-0.01042211116012387
6.4,0.5789329457664754,-0.2775593736768517,0.6228725262234274,0.1164690552354587,-0.03464918628952393,-0.010408217912125345
6.405,0.5775231620503374,-0.28634669195478396,0.6234039481595801,0.10628438723055328,-0.045041867229901125,-0.010392680940377194
6.41,0.5760695542097611,-0.2950887927706205,0.6238843626182358,0.0960828917311281,-0.055417369928760896,-0.01037550269885977
6.415,0.5745723517862754,-0.30378429564530074,0.6243136935173731,0.08586617982747463,-0.06577405582949312,-0.01035668590073223
6.42,0.573031791205499,-0.3124318274581193,0.624691872842434,0.0756358650121778,-0.07611028934738986,-0.01033623351789674
6.425,0.5714481157398058,-0.32103002266356,0.6250188406570606,0.06539356292532927,-0.08642443812792547,-0.010314148780535604
6.43,0.5698215754699113,-0.3295775235069216,0.6252945451125576,0.05514089109940095,-0.09671487330451053,-0.010290435176585067
6.4350000000000005,0.5681524272453793,-0.3380729802387376,0.6255189424560766,0.04487946870381957,-0.10697996975572292,-0.010265096451212388
6.44,0.5664409346440632,-0.34651505132791005,0.6256919970375231,0.03461091628928329,-0.11721810636192538,-0.010238136606202458
6.445,0.5646873679304859,-0.3549024036735455,0.6258136813151824,0.024336855531859762,-0.12742766626124752,-0.010209559899322138
6.45,0.562892004013159,-0.36323371281548167,0.6258839758600669,0.01405890897690666,-0.13760703710492156,-0.01017937084367404
6.455,0.5610551264008578,-0.3715076631434255,0.6259028693589812,0.0037786997828546526,-0.14775461131187662,-0.010147574206955057
6.46,0.5591770251578508,-0.3797229481047056,0.6258703586163057,-0.006502148535105671,-0.1578687863226005,-0.010114175010723897
6.465,0.557257996858096,-0.38787827041059186,0.6257864485544987,-0.016782012361394247,-0.16794796485219715,-0.010079178529596639
6.47,0.5552983445384075,-0.395972342241155,0.6256511522133166,-0.027059268236427444,-0.1779905551426152,-0.01004259029041804
6.4750000000000005,0.5532983776506045,-0.40400388544861904,0.6254644907477517,-0.0373322931129787,-0.18799497121399777,-0.010004416071382582
6.48,0.5512584120126427,-0.4119716317592091,0.6252264934246893,-0.04759946461247513,-0.19795963311513606,-0.009964661901138289
6.485,0.5491787697587435,-0.41987432297341987,0.6249371976182834,-0.05785916128118772,-0.20788296717295796,-0.009923334057821892
6.49,0.547059779288528,-0.42771071116469345,0.624596648804052,-0.06810976284627601,-0.21776340624101304,-0.00988043906805508
6.495,0.5449017752151551,-0.4354795588764942,0.6242049005516938,-0.07834965047164608,-0.227599389946962,-0.009835983705948959
6.5,0.5427050983124844,-0.44317963931770915,0.6237620145166258,-0.08857720701358164,-0.2373893649389651,-0.009789974992003098
6.505,0.5404700954612632,-0.4508097365563745,0.6232680604302453,-0.09879081727610765,-0.24713178513097295,-0.009742420192007856
6.51,0.538197119594351,-0.4583686457116855,0.6227231160889151,-0.10898886826604692,-0.2568251119468711,-0.009693326815898129
6.515000000000001,0.5358865296409856,-0.4658551731442626,0.6221272673416764,-0.11916974944772886,-0.2664678145634407,-0.009642702616569632
6.5200000000000005,0.533538690470107,-0.4732681366446338,0.6214806080766899,-0.12933185299730912,-0.27605837015207807,-0.009590555588637362
6.525,0.5311539728327369,-0.4806063656199304,0.6207832402064066,-0.13947357405666244,-0.2855952641192844,-0.009536893967206306
6.53,0.5287327533034347,-0.48786870127872994,0.6200352736514726,-0.14959331098680637,-0.29507699034582374,-0.009481726226539366
6.535,0.5262754142208309,-0.49505399681404616,0.6192368263233685,-0.1596894656208168,-0.30450205142456327,-0.009425061078739527
6.54,0.5237823436272546,-0.5021611175844155,0.6183880241057875,-0.16976044351619518,-0.3138689588969107,-0.009366907472347419
6.545,0.5212539352074522,-0.5091889412930819,0.6174890008347543,-0.17980465420664804,-0.3231762334878845,-0.009307274590973802
6.55,0.5186905882264237,-0.5161363581652126,0.6165398982774881,-0.18982051145323742,-0.3324224053396883,-0.00924617185180382
6.555,0.5160927074663725,-0.5230022711231466,0.6155408661100138,-0.19980643349486535,-0.3416060142438219,-0.009183608904133611
6.5600000000000005,0.5134607031627855,-0.5297855959596374,0.6144920618935236,-0.20976084329805025,-0.3507256098716691,-0.009119595627847199
6.565,0.5107949909396547,-0.5364852615090548,0.6133936510494937,-0.2196821688059573,-0.35977975200350143,-0.00905414213183231
6.57,0.5080959917438417,-0.5431002098165457,0.6122458068335606,-0.2295688431866419,-0.3687670107559275,-0.008987258752426064
6.575,0.505364131778607,-0.549629396305089,0.6110487103081582,-0.23941930508046955,-0.3776859668076742,-0.008918956051746696
6.58,0.5025998424363071,-0.5560717899404516,0.6098025503139248,-0.24923199884667072,-0.38653521162371596,-0.008849244816041768
6.585,0.4998035602302754,-0.5624263733939919,0.6085075234398799,-0.25900537480899266,-0.39531334767768317,-0.008778136053967212
6.59,0.496975726725887,-0.5686921432033202,0.6071638339923778,-0.26873788950040994,-0.40401898867257136,-0.008705640994888186
6.595,0.49411678847083357,-0.574868109930748,0.6057716939628436,-0.2784280059068532,-0.41265075975963333,-0.008631771087061979
6.6000000000000005,0.4912271969246066,-0.580953298319537,0.6043313229942939,-0.2880741937099203,-0.4212072977554928,-0.008556537995859481
6.605,0.48830740838721,-0.5869467474478954,0.6028429483466513,-0.2976749295285299,-0.4296872513573863,-0.008479953601893464
6.61,0.48535788392710033,-0.5928475108807292,0.6013068048608539,-0.30722869715947904,-0.43808928135657504,-0.008402029999188765
6.615,0.48237908930838175,-0.5986546568190886,0.5997231349217695,-0.3167339878168668,-0.44641206084980173,-0.008322779493226684
6.62,0.479371494917256,-0.6043672682473112,0.5980921884199178,-0.3261893003703483,-0.4546542754488267,-0.008242214599024966
6.625,0.47633557568774165,-0.6099844430778316,0.596414222712007,-0.3355931415821786,-0.46281462348798963,-0.008160348039162935
6.63,0.47327181102668014,-0.6155052942936244,0.5946895025802919,-0.34494402634301075,-0.4708918162297358,-0.008077192741746175
6.635,0.47018068473802704,-0.6209289500882845,0.5929183001907598,-0.3542404779064092,-0.47888457806814894,-0.007992761838413132
6.640000000000001,0.4670626849464558,-0.6262545540036905,0.5911008950501495,-0.3634810281220446,-0.4867916467303705,-0.007907068662221572
6.6450000000000005,0.46391830402028034,-0.6314812650652447,0.5892375739618119,-0.3726642176675294,-0.4946117734759101,-0.007820126745539613
6.65,0.46074803849369883,-0.6366082579146821,0.5873286309804175,-0.38178859627886047,-0.5023437232938626,-0.007731949817952444
6.655,0.45755238898838874,-0.6416347229403976,0.5853743673655204,-0.390852722979431,-0.509986275097911,-0.007642551804048381
6.66,0.4543318601344521,-0.6465598664052953,0.5833750915339825,-0.39985516630757506,-0.5175382219191536,-0.0075519468212426055
6.665,0.45108696049072866,-0.6513829105721277,0.5813311190112694,-0.4087945045426109,-0.5249983710966937,-0.007460149177540121
6.67,0.44781820246448806,-0.6561030938263106,0.5792427723816227,-0.41766932592934586,-0.5323655444659797,-0.007367173369286051
6.675,0.4445261022305145,-0.6607196707961913,0.5771103812371177,-0.4264782289010061,-0.5396385785448468,-0.007273034078867036
6.68,0.4412111796495998,-0.6652319124707465,0.5749342821256148,-0.43521982230055967,-0.5468163247172286,-0.007177746172381871
6.6850000000000005,0.43787395818644664,-0.6696391063147097,0.5727148184976129,-0.4438927256003941,-0.5538976494145615,-0.007081324697332914
6.69,0.4345149648270092,-0.6739405563810842,0.5704523406520112,-0.4524955691203166,-0.5608814342947754,-0.006983784880213895
6.695,0.43113472999527963,-0.6781355834210381,0.568147205680792,-0.46102699424384014,-0.5677665764188716,-0.0068851421240961885
6.7,0.4277337874695218,-0.6822235249911728,0.5657997774126284,-0.4694856536327239,-0.5745519884251238,-0.006785412006252156
6.705,0.4243126742979854,-0.6862037355581253,0.5634104263554298,-0.4778702114397316,-0.5812365987007598,-0.006684610275636049
6.71,0.4208719307140992,-0.6900755866005073,0.5609795296378319,-0.48617934351957515,-0.5878193515511854,-0.006582752850425533
6.715,0.41741210005116136,-0.693838466708155,0.5585074709496419,-0.4944117376380118,-0.5942992073666897,-0.006479855815504365
6.72,0.4139337286565402,-0.6974917816786799,0.5559946404812466,-0.5025660936790595,-0.6006751427866178,-0.0063759354199280915
6.7250000000000005,0.4104373658054035,-0.7010349546112954,0.553441434861995,-0.5106411238502977,-0.6069461508609445,-0.006271008074326678
6.73,0.4069235636139755,-0.7044674259979228,0.5508482570975639,-0.5186355528862243,-0.613111241209317,-0.006165090348372537
6.735,0.4033928769523546,-0.7077886538115405,0.5482155165063157,-0.5265481182496328,-0.6191694401774286,-0.00605819896811155
6.74,0.3998458633568957,-0.7109981135917742,0.5455436286546608,-0.5343775703309798,-0.6251197909907521,-0.005950350813323513
6.745,0.3962830829421628,-0.7140952985277201,0.5428330152914322,-0.5421226726457117,-0.6309613539056571,-0.0058415629149050075
6.75,0.3927050983124844,-0.7170797195379732,0.5400841042812846,-0.5497822020295183,-0.6366932063577843,-0.005731852452127151
6.755,0.3891124744731109,-0.7199509053478594,0.5372973295371272,-0.5573549488314825,-0.6423144431077307,-0.005621236749946412
6.76,0.3855057787409935,-0.7227084025638556,0.5344731309516016,-0.5648397171050972,-0.647824176383998,-0.005509733276267359
6.765000000000001,0.3818855806551974,-0.7253517757451861,0.5316119543276161,-0.5722353247971179,-0.653221536023186,-0.005397359639187971
6.7700000000000005,0.37825245188696915,-0.727880607472581,0.528714251307945,-0.57954060393422,-0.6585056696073766,-0.0052841335841905535
6.775,0.3746069661494567,-0.7302944984141965,0.5257804793039078,-0.5867544008074348,-0.6636757425987732,-0.0051700729913966015
6.78,0.3709496991071179,-0.7325930673886699,0.5228111014231361,-0.5938755761543316,-0.6687309384714596,-0.0050551958726864354
6.785,0.367281228284814,-0.734775951425315,0.5198065863964415,-0.600903005338919,-0.67367045884035,-0.004939520368890449
6.79,0.3636021329766163,-0.7368428058214365,0.5167674085037953,-0.6078355785292365,-0.678493523587239,-0.004823064746888983
6.795,0.35991299415432226,-0.7387933041967659,0.5136940474994323,-0.6146722008726083,-0.6831993709840225,-0.00470584739678348
6.8,0.3562143943757178,-0.740627138544999,0.5105869885360896,-0.6214117926685313,-0.6877872578129605,-0.004587886828937959
6.805,0.3525069176925834,-0.7423440192824337,0.5074467220883938,-0.6280532895391714,-0.6922564594840438,-0.004469201671083334
6.8100000000000005,0.3487911495584649,-0.7439436752936992,0.5042737438754066,-0.6345956425974394,-0.6966062701494187,-0.004349810665374876
6.815,0.3450676767362272,-0.7454258539745668,0.5010685547823435,-0.6410378186126213,-0.7008360028148268,-0.004229732665408159
6.82,0.34133708720539163,-0.7467903212718412,0.4978316607814758,-0.6473788001735349,-0.70494498944812,-0.004108986633293177
6.825,0.3375999700692918,-0.7480368617203187,0.49456357285222985,-0.6536175858491904,-0.7089325810847247,-0.00398759163660467
6.83,0.3338569154620442,-0.7491652784768125,0.49126480690049523,-0.659753190346926,-0.7127981479301368,-0.0038655668454121717
6.835,0.3301085144553644,-0.7501753933512351,0.48793588367715524,-0.6657846446679959,-0.7165410794593435,-0.0037429315292066834
6.84,0.3263553589652231,-0.7510670468347383,0.4845773286958523,-0.6717109962605848,-0.720160784513267,-0.0036197050539235054
6.845,0.32259804165838024,-0.7518400981249012,0.4811896721500012,-0.677531309170225,-0.723656691392092,-0.0034959068788249503
6.8500000000000005,0.3188371558587936,-0.7524944251479633,0.4777734488290632,-0.6832446641875934,-0.7270282479455538,-0.003371556553461774
6.855,0.31507329545393065,-0.7530299245781022,0.4743291980340949,-0.6888501589936642,-0.7302749216601041,-0.003246673714550341
6.86,0.3113070548009804,-0.7534465118537504,0.47085746349258395,-0.6943469083021937,-0.7333961997430345,-0.00312127808293039
6.865,0.30753902863300153,-0.7537441211909479,0.4673587932725864,-0.6997340439995156,-0.7363915892034282,-0.0029953894603936826
6.87,0.30376981196500624,-0.7539227055937304,0.46383373969617825,-0.7050107152816251,-0.7392606169300134,-0.0028690277265852604
6.875,0.3000000000000007,-0.7539822368615503,0.4602828592522356,-0.7101760887885292,-0.7420028297658708,-0.002742212835857405
6.88,0.2962301880349941,-0.7539227055937304,0.4567067125085564,-0.7152293487358432,-0.7446177945799989,-0.00261496481412804
6.885,0.2924609713669989,-0.7537441211909479,0.45310586402333836,-0.7201696970436096,-0.747105098335685,-0.0024873037556860655
6.890000000000001,0.28869294519901895,-0.7534465118537504,0.4494808822560267,-0.7249963534623236,-0.7494643481557659,-0.0023592498200809553
6.8950000000000005,0.28492670454606867,-0.7530299245781021,0.445832339477546,-0.7297085556961427,-0.7516951713846232,-0.0022308232288572594
6.9,0.28116284414120574,-0.7524944251479632,0.4421608116799297,-0.7343055595232596,-0.753797215647067,-0.0021020442624438695
6.905,0.2774019583416202,-0.7518400981249013,0.4384668784853626,-0.7387866389134228,-0.7557701489039557,-0.0019729332568886315
6.91,0.27364464103477726,-0.7510670468347385,0.4347511230546497,-0.7431510861425837,-0.7576136595046348,-0.0018435106006791102
6.915,0.269891485544636,-0.7501753933512351,0.43101413199512645,-0.7473982119046526,-0.7593274562361473,-0.0017137967315125069
6.92,0.26614308453795615,-0.7491652784768126,0.4272564952680247,-0.7515273454203472,-0.7609112683692194,-0.0015838121330721266
6.925,0.2624000299307086,-0.7480368617203188,0.42347880609530913,-0.7555378345431144,-0.7623648457010144,-0.001453577331794964
6.93,0.2586629127946087,-0.7467903212718413,0.41968166086599856,-0.7594290458621115,-0.7636879585946225,-0.0013231128936080916
6.9350000000000005,0.25493232326377324,-0.745425853974567,0.4158656590419874,-0.7632003648022267,-0.7648803980153513,-0.0011924394207288858
6.94,0.25120885044153446,-0.743943675293699,0.41203140306338176,-0.7668511957211273,-0.7659419755637193,-0.001061577548367998
6.945,0.24749308230741696,-0.7423440192824339,0.4081794982533652,-0.770380962003316,-0.7668725235051882,-0.0009305479414688511
6.95,0.24378560562428261,-0.7406271385449992,0.40431055272260924,-0.7737891061511849,-0.7676718947966811,-0.0007993712914928786
6.955,0.2400870058456781,-0.738793304196766,0.400425177273244,-0.7770750898730493,-0.7683399631097795,-0.0006680683130984022
6.96,0.23639786702338406,-0.7368428058214367,0.3965239853024033,-0.7802383941681477,-0.7688766228506766,-0.0005366597408971163
6.965,0.23271877171518632,-0.7347759514253153,0.3926075927053603,-0.7832785194085979,-0.7692817891768504,-0.00040516632617382253
6.97,0.22905030089288245,-0.7325930673886702,0.3886766177782688,-0.786194985418293,-0.7695553980104646,-0.00027360883361415844
6.9750000000000005,0.22539303385054366,-0.7302944984141967,0.38473168112052514,-0.788987331548724,-0.7696974060484667,-0.00014200803800212825
6.98,0.22174754811303124,-0.7278806074725813,0.38077340553676653,-0.7916551167517213,-0.7697077907694547,-1.0384720988021456e-05
6.985,0.21811441934480194,-0.7253517757451856,0.37680241593852104,-0.7941979196490999,-0.7695865504372168,0.0001212403322379263
6.99,0.21449422125900688,-0.7227084025638558,0.37281933924552507,-0.7966153385991984,-0.7693337041009899,0.00025284633622690844
6.995,0.2108875255268895,-0.7199509053478598,0.36882480428672354,-0.7989069917603017,-0.7689492915924795,0.0003844125085104011
7.0,0.20729490168751596,-0.7170797195379734,0.36481944170096886,-0.8010725171509369,-0.7684333735195494,0.000515918072930055
7.005,0.2037169170578376,-0.7140952985277205,0.3608038838374337,-0.8031115727070325,-0.767786031256655,0.0006473422628944236
7.01,0.20015413664310466,-0.7109981135917746,0.35677876465575403,-0.8050238363359339,-0.7670073669319915,0.0007786643246635583
7.015000000000001,0.19660712304764472,-0.70778865381154,0.3527447196259177,-0.806809005967264,-0.76609750341137,0.0009098635206215011
7.0200000000000005,0.19307643638602487,-0.7044674259979231,0.34870238562791456,-0.8084667996006218,-0.7650565842787953,0.001040919132574647
7.025,0.18956263419459687,-0.7010349546112957,0.344652400851164,-0.809996955350113,-0.7638847738138221,0.0011718104649731664
7.03,0.18606627134346015,-0.6974917816786802,0.3405954046937355,-0.8113992314857027,-0.7625822569655892,0.0013025168482329041
7.035,0.182587899948839,-0.6938384667081553,0.33653203766137857,-0.8126734064713872,-0.7611492393236253,0.0014330176419639074
7.04,0.17912806928590116,-0.6900755866005077,0.3324629412663777,-0.8138192790001749,-0.7595859470853623,0.0015632922382630143
7.045,0.1756873257020149,-0.6862037355581257,0.32838875792624833,-0.8148366680258746,-0.7578926270204441,0.00169332006491818
7.05,0.1722662125304786,-0.6822235249911732,0.32431013086228994,-0.8157254127916822,-0.756069546431738,0.0018230805887061718
7.055,0.16886527000472074,-0.6781355834210385,0.3202277039980121,-0.816485372855566,-0.7541169931131292,0.001952553318608774
7.0600000000000005,0.16548503517299018,-0.6739405563810834,0.3161421218574499,-0.8171164281124424,-0.7520352753040771,0.002081717809052086
7.065,0.1621260418135537,-0.6696391063147101,0.3120540294633842,-0.8176184788131414,-0.749824721640922,0.002210553663155146
7.07,0.15878882035040048,-0.665231912470747,0.3079640722354834,-0.8179914455801552,-0.747485681105015,0.0023390405359069444
7.075,0.1554738977694859,-0.6607196707961918,0.3038728958883825,-0.8182352694201733,-0.7450185229675915,0.0024671581374234863
7.08,0.15218179753551225,-0.656103093826311,0.29978114632971553,-0.8183499117333961,-0.7424236367314667,0.002594886236124805
7.085,0.14891303950927168,-0.6513829105721282,0.29568946955811737,-0.8183353543196294,-0.7397014320695082,0.002722204661958494
7.09,0.1456681398655482,-0.6465598664052957,0.2915985115612116,-0.8181915993811574,-0.7368523387599717,0.0028490933095365323
7.095,0.1424476110116116,-0.6416347229403981,0.28750891821359964,-0.8179186695223927,-0.733876806618613,0.0029755321413587055
7.1000000000000005,0.13925196150630062,-0.6366082579146811,0.2834213351748681,-0.8175166077463065,-0.7307753054276662,0.003101501190946765
7.105,0.1360816959797191,-0.6314812650652438,0.2793364077876299,-0.8169854774476368,-0.7275483248616403,0.0032269805660258832
7.11,0.13293731505354364,-0.6262545540036896,0.2752547809756155,-0.8163253624028762,-0.7241963744100186,0.0033519504516217324
7.115,0.12981931526197327,-0.6209289500882851,0.2711770991418303,-0.8155363667570408,-0.7207199832967872,0.003476391113231392
7.12,0.12672818897332014,-0.615505294293625,0.2671040060667942,-0.814618615007224,-0.717119700396866,0.0036002828999212033
7.125,0.12366442431225778,-0.6099844430778306,0.26303614480687953,-0.8135722519829358,-0.7133960941494394,0.003723606247426625
7.13,0.12062850508274425,-0.6043672682473118,0.2589741575927634,-0.8123974428232315,-0.7095497524681742,0.0038463416812651863
7.135,0.11762091069161848,-0.5986546568190891,0.25491868572801024,-0.811094372950632,-0.7055812826484062,0.00396846981976795
7.140000000000001,0.11464211607289916,-0.5928475108807282,0.250870369487801,-0.8096632480418436,-0.7014913112712268,0.00408997137717948
7.1450000000000005,0.1116925916127895,-0.5869467474478943,0.24682984801782462,-0.8081042939952776,-0.6972804841045258,0.004210827166700959
7.15,0.1087728030753929,-0.580953298319536,0.24279775923334773,-0.8064177568953769,-0.6929494660010407,0.004331018103485129
7.155,0.10588321152916673,-0.5748681099307487,0.23877473971847896,-0.8046039029737557,-0.6884989407933503,0.004450525207690403
7.16,0.10302427327411325,-0.5686921432033207,0.23476142462564317,-0.8026630185671568,-0.6839296111858941,0.004569329607456152
7.165,0.10019643976972487,-0.5624263733939926,0.230758447575282,-0.8005954100722349,-0.6792421986440046,0.004687412541889535
7.17,0.09740015756369319,-0.5560717899404523,0.22676644055579614,-0.7984014038971718,-0.6744374432799797,0.004804755364024915
7.175,0.09463586822139332,-0.5496293963050898,0.22278603382374548,-0.7960813464101315,-0.669516103736212,0.004921339543767722
7.18,0.09190400825615859,-0.5431002098165464,0.21881785580432267,-0.7936356038845633,-0.6644789570653754,0.005037146670836545
7.1850000000000005,0.08920500906034551,-0.5364852615090556,0.21486253299211586,-0.7910645624413625,-0.6593267986077405,0.005152158457634948
7.19,0.08653929683721406,-0.5297855959596363,0.21092068985217638,-0.7883686279878958,-0.6540604418655678,0.005266356742172684
7.195,0.08390729253362779,-0.5230022711231472,0.20699294872140686,-0.7855482261539025,-0.6486807183746359,0.005379723490931854
7.2,0.08130941177357653,-0.5161363581652133,0.20307992971028546,-0.7826038022242824,-0.6431884775729527,0.005492240801683201
7.205,0.07874606479254799,-0.5091889412930826,0.19918225060494157,-0.779535821068778,-0.6375845866666027,0.005603890906350051
7.21,0.07621765637274566,-0.5021611175844162,0.19530052676959875,-0.7763447670685653,-0.6318699304928087,0.005714656173793964
7.215,0.07372458577916931,-0.49505399681404694,0.19143537104939992,-0.7730311440397637,-0.6260454113802044,0.005824519112604287
7.22,0.07126724669656556,-0.4878687012787307,0.18758739367363053,-0.7695954751538765,-0.620111949006349,0.0059334623738553915
7.2250000000000005,0.06884602716726329,-0.4806063656199312,0.18375720215935465,-0.7660383028551739,-0.6140704802524847,0.006041468753864354
7.23,0.0664613095298932,-0.4732681366446345,0.17994540121547947,-0.7623601887750351,-0.6079219590556107,0.006148521196873924
7.235,0.06411347035901402,-0.46585517314426134,0.17615259264726318,-0.7585617136432581,-0.6016673562578355,0.006254602797775233
7.24,0.06180288040564925,-0.45836864571168623,0.17237937526128141,-0.754643477196355,-0.5953076594530585,0.006359696804776993
7.245,0.05952990453873701,-0.4508097365563754,0.1686263447708672,-0.7506060980828456,-0.5888438728310356,0.00646378662202296
7.25,0.057294901687515894,-0.44317963931771,0.16489409370203936,-0.7464502137655645,-0.5822770170187922,0.006566855812243366
7.255,0.055098224784845086,-0.43547955887649503,0.16118321129993438,-0.742176480420997,-0.575608128919457,0.006668888099335191
7.26,0.05294022071147216,-0.4277107111646943,0.15749428343575608,-0.7377855728356604,-0.5688382615485216,0.006769867370935434
7.265000000000001,0.05082123024125613,-0.41987432297341853,0.15382789251425835,-0.7332781842995463,-0.5619684838675588,0.006869777680962752
7.2700000000000005,0.04874158798735754,-0.4119716317592099,0.15018461738177516,-0.7286550264966408,-0.5549998806154096,0.006968603252149208
7.275,0.04670162234939564,-0.40400388544861987,0.14656503323481246,-0.7239168293925405,-0.5479335521369055,0.00706632847850408
7.28,0.04470165546159275,-0.39597234224115585,0.14296971152921656,-0.7190643411191813,-0.5407706142090994,0.00716293792780609
7.285,0.04274200314190417,-0.3878782704105927,0.13939921988993306,-0.7140983278566985,-0.5335121978650758,0.007258416344023688
7.29,0.04082297484214938,-0.3797229481047064,0.13585412202137087,-0.7090195737124374,-0.5261594492153363,0.007352748649739449
7.295,0.03894487359914239,-0.37150766314342637,0.1323349776183852,-0.7038288805971324,-0.5187135292668302,0.0074459199485060745
7.3,0.03710799598684112,-0.36323371281548256,0.12884234227789382,-0.6985270680982748,-0.5111756137396065,0.007537915527223715
7.305,0.035312632069514314,-0.35490240367354636,0.12537676741114037,-0.6931149733506893,-0.5035468928811551,0.007628720858451454
7.3100000000000005,0.03355906535593656,-0.34651505132790855,0.12193880015661868,-0.6875934509043399,-0.49582857127845525,0.007718321602699807
7.315,0.0318475727546209,-0.33807298023873855,0.11852898329367174,-0.6819633725893859,-0.4880218676677474,0.007806703610707844
7.32,0.03017842453008881,-0.32957752350692254,0.11514785515677921,-0.6762256273785078,-0.4801280147420918,0.007893852925655587
7.325,0.02855188426019436,-0.3210300226635609,0.11179594955054657,-0.6703811212465279,-0.4721482589567032,0.00797975578538862
7.33,0.02696820879450117,-0.3124318274581202,0.10847379566540985,-0.6644307770273453,-0.46408386033212357,0.008064398624579638
7.335,0.025427648213724705,-0.3037842956453016,0.10518191799406881,-0.6583755342682084,-0.4559360922552431,0.008147768076880446
7.34,0.023930445790238952,-0.2950887927706214,0.10192083624866206,-0.6522163490813488,-0.44770624127822634,0.008229850977016784
7.345,0.022476837949662754,-0.28634669195478496,0.09869106527869707,-0.6459541939929988,-0.43939560691534274,0.008310634362883595
7.3500000000000005,0.021067054233524427,-0.27755937367685013,0.09549311498974798,-0.6395900577898171,-0.43100550143776173,0.008390105477581011
7.355,0.019701317263016327,-0.2687282255562439,0.09232749026293424,-0.6331249453627475,-0.4225372496663214,0.008468251771440338
7.36,0.018379842703837777,-0.2598546421336259,0.08919469087519258,-0.6265598775483335,-0.4139921887623331,0.008545060903988266
7.365,0.017102839232140742,-0.25094002465068443,0.086095211420355,-0.6198958909675154,-0.4053716680164208,0.008620520745912297
7.37,0.015870508501576897,-0.2419857808288616,0.08302954123104533,-0.6131340378619349,-0.396677048635453,0.008694619380967827
7.375,0.014683045111454173,-0.23299332464705774,0.07999816430140647,-0.6062753859277729,-0.3879097035275919,0.008767345107861091
7.38,0.01354063657600708,-0.22396407611834526,0.07700155921067073,-0.5993210181471471,-0.37907101708549495,0.008838686442096955
7.385,0.012443463294787281,-0.2148994610657423,0.07404019904758526,-0.5922720326170955,-0.37016238496769766,0.0089086321177973
7.390000000000001,0.011391698524174054,-0.20580091089704086,0.07111455133570439,-0.5851295423761729,-0.3611852138782306,0.008977171089467051
7.3950000000000005,0.010385508350017702,-0.19666986237879155,0.06822507795956095,-0.5778946752286884,-0.35214092134447456,0.009044292533756049
7.4,0.00942505166141061,-0.18750775740940323,0.0653722350917279,-0.5705685735666112,-0.3430309354933223,0.009109985851152247
7.405,0.00851048012559784,-0.17831604279146113,0.06255647312078204,-0.5631523941891725,-0.3338566948256572,0.00917424066766509
7.41,0.007641938164026928,-0.16909617000325708,0.059778236580181075,-0.5556473081201927,-0.324619647989196,0.009237046836461205
7.415,0.006819562929542056,-0.15984959496958456,0.057037964078065266,-0.5480545004231617,-0.31532125354973045,0.009298394439465563
7.42,0.006043484284726075,-0.15057777783183104,0.054336088227994746,-0.5403751700141035,-0.3059629797608014,0.009358273788929061
7.425,0.005313824781393383,-0.14128218271740225,0.051673035580633485,-0.5326105294722517,-0.2965463043318446,0.0094166754289568
7.43,0.0046306996412384,-0.13196427750853,0.04904922655639064,-0.5247618048485686,-0.28707271419484043,0.009473590137004162
7.4350000000000005,0.003994216737639655,-0.12262553361046072,0.04646507537902996,-0.5168302354721367,-0.27754370526951166,0.009529008925328764
7.44,0.0034044765786257146,-0.11326742571911144,0.0439209900102577,-0.508817073754453,-0.2679607822270989,0.009582923042412761
7.445,0.0028615722910046103,-0.10389143158820607,0.04141737208529941,-0.5007235849916578,-0.25832545825275205,0.009635323974346854
7.45,0.0023655896056566372,-0.09449903179590526,0.03895461684947576,-0.4925510471647293,-0.24863925480658405,0.009686203446167996
7.455,0.0019166068439975146,-0.08509170951101636,0.03653311309578739,-0.48430075073767404,-0.23890370138341072,0.009735553423173338
7.46,0.0015146949056100145,-0.07567095025878126,0.03415324310351866,-0.47597399845374694,-0.2291203352712267,0.009783366112184028
7.465,0.001159917257048315,-0.06623824168629483,0.03181538257787,-0.46757210512973224,-0.2192907013084479,0.009829633962778778
7.47,0.0008523299218158197,-0.056795073327585405,0.02951990059062841,-0.45909639744831765,-0.2094163516399628,0.009874349668485105
7.4750000000000005,0.0005919814715185323,-0.04734293636841084,0.027267159521885437,-0.4505482137485948,-0.19949884547203117,0.009917506167931633
7.48,0.00037891301819475975,-0.03788332341076698,0.02505751500281184,-0.4419289038147191,-0.18953974882606472,0.009959096645966448
7.485,0.00021315820782320525,-0.02841772823719647,0.022891315859498027,-0.43323982866276234,-0.17954063429133427,0.009999114534730458
7.49,9.474321500998472e-05,-0.018947645574911222,0.020768904057869072,-0.42448236032579134,-0.16950308077663956,0.010037553514694708
7.495,2.3686738855166478e-05,-0.009474570859741618,0.018690614649683034,-0.4156578816372074,-0.15942867326097832,0.010074407515661243
