time_s,desired_position_rad,desired_velocity_rad_s,position_rad,velocity_rad_s,velocity_command_rad_s,command_change_rad_s
0.0,0.0,0.0,-2e-05,-0.004,0.0,0.0
0.005,1.2453171875000003e-07,7.462546875000001e-05,-5.8750000000000005e-05,-0.00775,0.0009088819570359375,0.0009088819570359375
0.01,9.925150000000002e-07,0.0002970075,-0.000115078125,-0.011265625,0.0020449800954671876,0.00113609813843125
0.015,3.3371451562499998e-06,0.0006649129687500001,-0.00018788574218749998,-0.0145615234375,0.0034064689770750005,0.001361488881607813
0.02,7.880480000000002e-06,0.0011761200000000001,-0.00027614288330078126,-0.01765142822265625,0.0049916674150781255,0.001585198438003125
0.025,1.5333496093750004e-05,0.0018284179687500003,-0.00037888395309448246,-0.020548213958740236,0.006799027429360351,0.0018073600142822256
0.03,2.6396144999999996e-05,0.0026196075000000005,-0.0004952037060260773,-0.02326395058631897,0.00882712390321117,0.002028096473850819
0.035,4.175740953125002e-05,0.00354750046875,-0.0006239694487878738,-0.02575314855235929,0.01107464489777014,0.0022475209945589693
0.04,6.209536000000002e-05,0.00460992,-0.0007640482763472244,-0.028015765511870135,0.013528734692773008,0.0024540897950028687
0.045,8.807721046875e-05,0.00580470046875,-0.0009143076556287797,-0.030051875856311062,0.016184671343618624,0.0026559366508456164
0.05,0.00012035937500000002,0.0071296875000000015,-0.0010736159276380258,-0.03186165440184924,0.019037710291863307,0.002853038948244683
0.055,0.00015958752390625,0.00858273796875,-0.001240842736575019,-0.03344536178739864,0.0220830841222781,0.003045373830414793
0.06,0.00020639663999999998,0.01016172,-0.0014148593937336968,-0.03480333143173553,0.02531600226747146,0.0032329181451933586
0.065,0.0002614110748437501,0.011864512968750001,-0.001594539183289404,-0.035935957911141424,0.028731650671275016,0.003415648403803557
0.07,0.0003252446050000001,0.013689007500000003,-0.0017787612564063877,-0.03684441462339677,0.03232519142088576,0.0035935407496107442
0.075,0.0003985004882812499,0.01563310546875,-0.001966411740158679,-0.037530096750458306,0.03609191163165476,0.0037667202107690007
0.08,0.00048177152000000023,0.01769472,-0.0021563847842102453,-0.037994608810313205,0.04002712897135763,0.003935217339702868
0.085,0.00057564008921875,0.019871775468750005,-0.0023475835492203765,-0.03823975300202625,0.04412619491034239,0.004099065938984764
0.09,0.000680678235,0.022162207500000003,-0.0025389211407087896,-0.03826751829768264,0.048384497833524845,0.004258302923182453
0.095,0.0007974477026562502,0.024563962968750002,-0.0027293214918944035,-0.03808007023712279,0.052797466024024964,0.004412968190500119
0.1,0.0009265000000000001,0.027075000000000002,-0.0029177201988118896,-0.03767974138349725,0.05736057052756495,0.004563104503539986
0.105,0.0010683764535937498,0.02969328796875,-0.003103065264162141,-0.03706901307005025,0.06206932790611758,0.004708757378552628
0.11,0.001223608265,0.0324168075,-0.003284317785124452,-0.03625050419246226,0.06691930097564625,0.004849973069528668
0.115,0.00139271656703125,0.03524355046875001,-0.003460452587617137,-0.03522696049853696,0.07190610053929479,0.004986799563648545
0.12,0.0015762124799999996,0.03817152,-0.0036304588093810522,-0.0340012443527831,0.07702538694924657,0.0051192864099517815
0.125,0.0017745971679687502,0.04119873046875,-0.003793340434152215,-0.0325763249542326,0.0822728715045727,0.005247484555326129
0.13,0.0019883618950000004,0.0443232075,-0.003948116779085316,-0.030955268986620252,0.0876443176920122,0.005371446187439496
0.135,0.0022179880814062504,0.047542987968750006,-0.004093822937489436,-0.029141231680824137,0.09313554227626865,0.005491224584256452
0.14,0.002463947360000001,0.050856120000000005,-0.00422951017943841,-0.02713744838979474,0.0987424162460646,0.00560687396979595
0.145,0.0027267016323437496,0.05426066296875,-0.004354246312347043,-0.024947226581726642,0.10446086564638574,0.005718449400321138
0.15,0.003006703125,0.057754687500000006,-0.004467116003527247,-0.022573938236040817,0.11028687229000636,0.005826006643620624
0.155,0.0033043944457812504,0.06133627546875001,-0.0045672210666635096,-0.020021012627252473,0.11621647435520828,0.005929602065201919
0.16,0.0036202086400000007,0.06500352000000001,-0.004653680714075002,-0.01729192948229843,0.12224576687634309,0.0060292925211348075
0.165,0.00395456924671875,0.06875452546875001,-0.004725631776561942,-0.01439021249738799,0.1283709021336355,0.006125135257292413
0.17,0.004307890355000001,0.07258740750000002,-0.004782228892566552,-0.011319423200922203,0.1345880899483832,0.006217187814747699
0.17500000000000002,0.0046805766601562505,0.07650029296875001,-0.00482264466830638,-0.008083155147965457,0.14089359788947586,0.006305507941092664
0.18,0.005073023520000001,0.08049132,-0.004846069810471841,-0.00468502843309222,0.14728375139661962,0.006390153507143753
0.185,0.005485617011093749,0.08455863796875002,-0.004851713233015959,-0.0011286845088234387,0.15375493382557914,0.0064711824289595266
0.19,0.0059187339850000015,0.08870040750000001,-0.0048388021395022116,0.0025822187027494683,0.16030358642051779,0.006548652594938642
0.195,0.006372742124531251,0.09291480046875003,-0.004806582082416313,0.006444011417179845,0.16692620821828752,0.006622621797769734
0.2,0.006848000000000002,0.09720000000000002,-0.004754317000789412,0.010453016325380054,0.17361935588930347,0.006693147671015948
0.20500000000000002,0.0073448571254687515,0.10155420046875002,-0.004681289237423732,0.01460555267313604,0.18037964351942426,0.006760287630120793
0.21,0.007863654014999997,0.10597560749999997,-0.004586799536956963,0.018897940093353764,0.18720374233705517,0.006824098817630908
0.215,0.00840472223890625,0.11046243796875002,-0.004470167025948874,0.02332650220161785,0.1940883803894971,0.006884638052441938
0.22,0.00896838448,0.11501292000000002,-0.004330729176122378,0.027887569965299095,0.20103034217237237,0.006941961782875261
0.225,0.009554954589843753,0.11962529296875,-0.004167841751841823,0.03257748485611087,0.20802646821578066,0.006996126043408296
0.23,0.010164737645000001,0.12429780750000002,-0.003980878742863396,0.03739260179568541,0.21507365463065645,0.0070471864148757835
0.23500000000000001,0.010798030003281252,0.12902872546875002,-0.0037692322833463004,0.04232929190341909,0.2221688526186336,0.007095197987977142
0.24,0.011455119359999998,0.13381632,-0.003532312558068694,0.04738394505552134,0.2293090679485582,0.007140215329924621
0.245,0.012136284804218748,0.13865887546874997,-0.0032695476967492198,0.052552972263894826,0.23649136040263338,0.007182292454075173
0.25,0.012841796875,0.1435546875,-0.0029803836573333463,0.05783280788317467,0.24371284319502756,0.007221482792394179
0.255,0.013571917617656255,0.14850206296875,-0.0026642840990635337,0.06321991165396254,0.250970682365634,0.0072578391706064616
0.26,0.014326900640000004,0.15349932,-0.002320730246113504,0.06871077059000591,0.2582620961515275,0.007291413785893486
0.265,0.015106991168593754,0.15854478796875004,-0.0019492207425295285,0.07430190071679514,0.26558435433853045,0.007322258187002939
0.27,0.015912426105000002,0.16363680750000004,-0.001549271499185627,0.07998984866878034,0.27293477759517,0.007350423256639538
0.275,0.016743434082031255,0.16877373046875002,-0.001120415533424896,0.08577119315214615,0.28031073679118657,0.007375959196016579
0.28,0.017600235520000004,0.17395392000000004,-0.0006622028020257649,0.09164254627982624,0.2877096523026301,0.00739891551144356
0.28500000000000003,0.018483042682968753,0.17917575046875003,-0.00017420002809981876,0.09760055478518923,0.2951289933054707,0.007419341002840585
0.29,0.019392059734999998,0.1844376075,0.0003440094775031081,0.10364190112058537,0.3025662770595378,0.007437283754067103
0.295,0.02032748279640625,0.18973788796875002,0.0008928259997366427,0.10976330444670694,0.3100190681844972,0.00745279112495939
0.3,0.0212895,0.195075,0.0014726336073290721,0.11596152151848588,0.317484977929474,0.007465909744976795
0.305,0.02227829154734375,0.20044736296875004,0.0020838003446942205,0.12223334747302966,0.32496166343783556,0.007476685508361558
0.31,0.023294029765,0.20585340750000003,0.002726678427318619,0.1285756165248797,0.33244682700855127,0.007485163570715714
0.315,0.024336879160781248,0.21129157546875002,0.0034016044401869523,0.13498520257366664,0.3399382153554621,0.007491388346910821
0.32,0.025406996480000013,0.21676032000000003,0.0041088995388321205,0.1414590197290336,0.3474336188657058,0.007495403510243692
0.325,0.02650453076171875,0.22225810546875002,0.004848869652619621,0.14799402275750007,0.3549308708584614,0.007497251992755638
0.33,0.027629623395000004,0.22778340750000003,0.005621805689898363,0.15458720745574844,0.36242784684510504,0.007496975986643617
0.335,0.028782408175156256,0.23333471296875002,0.006427983744671508,0.16123561095462888,0.3699224637917854,0.007494616946680355
0.34,0.029963011360000003,0.2389105200000001,0.007267665304461502,0.16793631195799902,0.3774126793853684,0.007490215593582983
0.34500000000000003,0.03117155172609376,0.24450933796875007,0.008141097459063204,0.17468643092034047,0.3848964913036218,0.007483811918253425
0.35000000000000003,0.032408140625000005,0.25012968750000003,0.009048513109897833,0.1814831301669258,0.39237193649045743,0.0074754451868356275
0.355,0.03367288203953124,0.25577010046875004,0.009990131179698568,0.18832361396014677,0.3998370904369764,0.0074651539465189765
0.36,0.03496587264,0.26142912,0.010966156822275851,0.19520512851545666,0.4072900664690148,0.007452976032038372
0.365,0.03628720184046875,0.26710530046875,0.011976781632126987,0.2021249619702272,0.4147290150418232,0.007438948572808413
0.37,0.037636951854999996,0.2727972075,0.013022183853670355,0.2090804443086735,0.42215212304246885,0.007423108000645662
0.375,0.03901519775390625,0.27850341796875,0.014102528589899643,0.2160689472458578,0.42955761310049023,0.00740549005802138
0.38,0.04042200752000001,0.28422252,0.015217968010267868,0.22308788407364527,0.43694374290729543,0.007386129806805197
0.385,0.04185744210484375,0.28995311296875,0.016368641557624637,0.23013470947135348,0.4443088045447421,0.007365061637446657
0.39,0.043321555484999996,0.29569380750000007,0.017554676154043172,0.2372069192837073,0.45165112382330075,0.007342319278558662
0.395,0.04481439471828126,0.3014432254687501,0.01877618640538612,0.24430205026858953,0.4589690596301581,0.007317935806857356
0.4,0.04633600000000001,0.3072000000000001,0.020033274804470907,0.251417679816957,0.46626100328757947,0.0072919436574213625
0.405,0.047886404719218754,0.3129627754687501,0.021326031932706796,0.2585514256471778,0.47352537792181565,0.0072643746342361815
0.41000000000000003,0.049465635515,0.3187302075000001,0.02265453666008647,0.26570094547593515,0.48076063784280054,0.007235259920984893
0.41500000000000004,0.051073712332656264,0.32450096296875003,0.024018856343425148,0.27286393666773556,0.48796526793485784,0.007204630092057296
0.42,0.05271064847999999,0.33027371999999994,0.02541904702274994,0.2800381358649584,0.4951377830585997,0.0071725151237418405
0.425,0.05437645068359375,0.33604716796875,0.02685515361575136,0.2872213186002834,0.502276727464178,0.007138944405578274
0.43,0.056071119144999994,0.34182000749999997,0.028327210110217556,0.29441129889323936,0.509380674216011,0.007103946751833012
0.435,0.05779464759703125,0.34759095046875005,0.029835239754380183,0.30160592883252535,0.5164482246290973,0.0070675504130863764
0.44,0.05954702336,0.35335872,0.03137925524510852,0.30880309814566753,0.5234780077169877,0.007029783087890373
0.445,0.06132822739796876,0.35912205046875,0.03295925891389598,0.31600073375749194,0.5304686796514778,0.0069906719344901
0.45,0.06313823437500002,0.3648796875,0.03457524291059003,0.3231967993388112,0.5374189232340545,0.006950243582576676
0.455,0.06497701271140625,0.3706303879687501,0.03622718938482326,0.3303892948466466,0.5443274473791111,0.006908524145056605
0.46,0.06684452464,0.3763729200000001,0.03791507066510942,0.33757625605723185,0.5511929866089301,0.006865539229819029
0.465,0.06874072626234376,0.38210606296875005,0.03963884943557429,0.34475575409297343,0.5580143005604101,0.006821313951480001
0.47000000000000003,0.07066556760500002,0.38782860750000014,0.04139847891029666,0.35192589494447435,0.5647901735035029,0.006775872943092787
0.47500000000000003,0.07261899267578127,0.3935393554687501,0.04319390300523997,0.35908481898866207,0.5715194138713069,0.006729240367803979
0.48,0.07460093951999999,0.39923712000000006,0.04502505650775996,0.3662307005039991,0.5782008538017528,0.006681439930445898
0.485,0.07661134027671876,0.4049207254687501,0.04689186524367843,0.3733617471836936,0.5848333486908006,0.006632494889047824
0.49,0.07865012123499998,0.4105890075,0.048794246241917284,0.38047619964777085,0.5914157767570575,0.006582428066256862
0.495,0.08071720289015626,0.41624081296875004,0.05073210789669134,0.3875723309548108,0.5979470386177181,0.006531261860660664
0.5,0.08281250000000001,0.421875,0.05270535012726186,0.39464844611410405,0.6044260568757075,0.006479018257989355
0.505,0.08493592164109376,0.42749043796874997,0.05471386453525651,0.4017028815989292,0.6108517757179142,0.0064257188422066625
0.51,0.08708737126500005,0.4330860075,0.05675753455956453,0.40873400486160566,0.6172231605243763,0.006371384806462155
0.515,0.08926674675453125,0.43866060046875,0.058836235628819185,0.41574021385093035,0.6235391974882851,0.006316036963908811
0.52,0.09147394048000002,0.44421311999999996,0.060949835311482,0.4227199365325633,0.6297988932466639,0.006259695758378814
0.525,0.09370883935546877,0.44974248046875004,0.06309819346354643,0.4296716304128855,0.6360012745215646,0.006202381274900692
0.53,0.095971324895,0.45524760750000015,0.0652811623738805,0.4365937820668119,0.6421453877716303,0.006144113250065697
0.535,0.09826127326890627,0.46072743796875,0.06749858690723053,0.4434849066700058,0.6482302988538596,0.006084911082229305
0.54,0.10057855536000003,0.46618092000000005,0.06975030464491004,0.45034354753590394,0.6542550926954063,0.0060247938415466384
0.545,0.10292303681984377,0.47160701296875013,0.07203614602319967,0.4571682756579278,0.6602188729752401,0.005963780279833797
0.55,0.10529457812500005,0.47700468749999997,0.0743559344694858,0.4639576892572238,0.6661207618155018,0.005901888840261771
0.555,0.10769303463328127,0.48237292546875016,0.07670948653616702,0.4707104133362451,0.6719598994823672,0.0058391376668653905
0.56,0.11011825664000002,0.48771072000000004,0.0790966120323593,0.47742509923845666,0.6777354440962442,0.005775544613876971
0.5650000000000001,0.11257008943421878,0.4930170754687502,0.08151711415343141,0.48410042421441934,0.6834465713511222,0.00571112725487799
0.5700000000000001,0.11504837335500002,0.49829100750000005,0.08397078960840382,0.49073509099448104,0.6890924742428852,0.005645902891763033
0.5750000000000001,0.11755294384765627,0.50353154296875,0.08645742874524522,0.49732782736827846,0.6946723628064108,0.005579888563525537
0.58,0.12008363151999997,0.50873772,0.08897681567410136,0.5038773857712299,0.7001854638612612,0.005513101054850478
0.585,0.12264026219859375,0.5139085879687499,0.09152872838849224,0.510382542878176,0.7056310207657881,0.00544555690452686
0.59,0.125222656985,0.5190432075,0.09411293888451377,0.5168420992043052,0.7110082931794548,0.0053772724136667005
0.595,0.12783063231203126,0.5241406504687499,0.09672921327808118,0.5232548787134813,0.7163165568332002,0.005308263653745371
0.6,0.13046399999999997,0.5292,0.09937731192025152,0.529619728434069,0.7215551033076493,0.005238546474449102
0.605,0.13312256731296873,0.53422035046875,0.10205698951066322,0.5359355180823404,0.7267232398189878,0.005168136511338517
0.61,0.135806137015,0.5392008075,0.10476799520913084,0.542201139693523,0.7318202890123151,0.005097049193327319
0.615,0.13851450742640622,0.54414048796875,0.10751007274543353,0.5484155072605396,0.7368455887622931,0.005025299749978007
0.62,0.14124747248,0.5490385200000001,0.1102829605273359,0.5545775563804718,0.7417984919809062,0.004952903218613081
0.625,0.14400482177734375,0.55389404296875,0.11308639174687973,0.5606862439087673,0.7466783664321504,0.004879874451244159
0.63,0.14678634064499999,0.5587062075,0.11592009448498572,0.5667405476211974,0.7514845945534754,0.004806228121325029
0.635,0.1495918101907813,0.5634741754687499,0.11878379181440352,0.5727394658835593,0.7562165732837974,0.004731978730322051
0.64,0.15242100736000008,0.56819712,0.12167720190104905,0.5786820173291065,0.7608737138979084,0.004657140614110933
0.645,0.15527370499171878,0.57287422546875,0.12460003810376746,0.5845672405436807,0.7654554418471073,0.004581727949198977
0.65,0.15814967187499995,0.5775046875000002,0.12755200907256,0.5903941937585073,0.7699611966058852,0.004505754758777902
0.655,0.16104867280515625,0.5820877129687502,0.13053281884531306,0.59616195455061,0.7743904315244863,0.004429234918601033
0.66,0.16397046864,0.58662252,0.133542166943067,0.6018696195507891,0.7787426136871829,0.004352182162696616
0.665,0.16691481635609381,0.5911083379687501,0.1365797484638625,0.6075163041591021,0.7830172237761054,0.0042746100889224925
0.67,0.16988146910500004,0.5955444075000002,0.1396452541752014,0.6131011422677775,0.7872137559404492,0.004196532164343791
0.675,0.17287017626953127,0.59992998046875,0.14273837060515884,0.6186232859914855,0.7913317176709174,0.004117961730468189
0.68,0.17588068352,0.6042643200000003,0.14585878013218326,0.6240819054048855,0.7953706296792301,0.004038912008312745
0.685,0.1789127328704688,0.6085467004687501,0.14900616107362005,0.6294761882873605,0.7993300257825477,0.003959396103317636
0.6900000000000001,0.1819660627350001,0.6127764075000002,0.1521801877729943,0.6348053398748494,0.8032094527926635,0.003879427010115788
0.6950000000000001,0.1850404079839063,0.61695273796875,0.1553805306860877,0.6400685826186779,0.8070084704098093,0.003799017617145739
0.7000000000000001,0.1881355,0.6210750000000002,0.15860685646584416,0.6452651559512886,0.8107266511209359,0.0037181807111266174
0.705,0.1912510667348438,0.62514251296875,0.161858828046138,0.6503943160587654,0.8143635801023175,0.003636928981381571
0.71,0.19438683276499993,0.6291546075000002,0.1651361047244382,0.6554553356600444,0.817918855126347,0.003555275024029525
0.715,0.19754251934828124,0.6331106254687501,0.1684383422434017,0.6604475037927009,0.8213920864723855,0.0034732313460384967
0.72,0.20071784448000002,0.6370099200000001,0.1717651928714277,0.6653701256051986,0.8247828968415248,0.003390810369139352
0.725,0.20391252294921874,0.6408518554687501,0.17511630548220514,0.6702225221554867,0.8280909212751418,0.003308024433616996
0.73,0.20712626639499998,0.6446358074999999,0.17849132563328426,0.6750040302158273,0.8313158070771117,0.00322488580196989
0.735,0.21035878336265626,0.64836116296875,0.18188989564370292,0.679714002083733,0.834457213739555,0.0031414066624432246
0.74,0.21360977936,0.6520273200000001,0.1853116546706974,0.6843518053988964,0.8375148128719954,0.003057599132440414
0.745,0.2168789569135938,0.65563368796875,0.18875623878552736,0.6889168229659894,0.8404882881338164,0.0029734752618210125
0.75,0.22016601562500002,0.6591796875,0.1922232810484434,0.6934084525832104,0.8433773351698908,0.002889047036074399
0.755,0.22347065222703125,0.6626647504687503,0.19571241158282568,0.6978261068764561,0.8461816615492781,0.002804326379387323
0.76,0.22679256064000008,0.66608832,0.19922325764852067,0.702169213138997,0.8489009867068731,0.0027193251575949873
0.765,0.23013143202796874,0.6694498504687502,0.20275544371440332,0.706437213176532,0.8515350418879037,0.002634055181030659
0.77,0.233486954855,0.6727488075,0.20630859153019082,0.7106295631574985,0.8540835700951713,0.0025485282072675863
0.775,0.2368588149414063,0.6759846679687499,0.20988232019753342,0.7147457334685183,0.8565463260389282,0.002462755943756889
0.78,0.24024669551999997,0.6791569200000003,0.21347624624040767,0.7187852085748541,0.8589230760893002,0.0023767500503719674
0.785,0.24365027729234373,0.68226506296875,0.21708998367483645,0.7227474868857555,0.8612135982311513,0.0022905221418511035
0.79,0.24706923848500006,0.6853086075000002,0.22072314407795932,0.7266320806245754,0.8634176820213038,0.002204083790152467
0.795,0.2505032549057813,0.6882870754687499,0.224375336656477,0.7304385157035335,0.8655351285480108,0.0021174465267070897
0.8,0.25395200000000007,0.6912000000000001,0.22804616831449204,0.7341663316030108,0.8675657503926144,0.002030621844603564
0.805,0.25741514490671885,0.6940469254687498,0.2317352437207683,0.7378150812552556,0.869509371593274,0.0019436212006596065
0.81,0.260892358515,0.6968274075000003,0.23544216537543022,0.7413843309323834,0.8713658276107121,0.0018564560174381128
0.8150000000000001,0.26438330752015626,0.6995410129687502,0.239166533676123,0.7448736601385564,0.8731349652958731,0.0017691376851609597
0.8200000000000001,0.26788765647999996,0.7021873200000004,0.24290794698365414,0.7482826615062281,0.8748166428594306,0.0016816775635575265
0.8250000000000001,0.27140506787109386,0.7047659179687499,0.24666600168713584,0.7516109406963396,0.8764107298430622,0.0015940869836316152
0.8300000000000001,0.2749352021450001,0.7072764074999999,0.2504402922686476,0.7548581163023568,0.8779171070924185,0.0015063772493563166
0.835,0.2784777177845312,0.7097184004687502,0.2542304113674378,0.7580238197580391,0.8793356667317163,0.0014185596392977118
0.84,0.2820322713599999,0.7120915199999998,0.25803594984368194,0.7611076952488312,0.8806663121398863,0.0013306454081700725
0.845,0.2855985175854688,0.7143954004687498,0.2618564968418158,0.7641093996267713,0.8819089579282102,0.0012426457883238928
0.85,0.289176109375,0.7166296874999999,0.26569163985345984,0.7670286023288124,0.8830635299193748,0.0011545719911645325
0.855,0.29276469789890625,0.7187940379687497,0.2695409647799521,0.769864985298453,0.8841299651278977,0.0010664352085228979
0.86,0.29636393264,0.72088812,0.27340405599450496,0.7726182429105759,0.8851082117418456,0.000978246613947964
0.865,0.29997346144984377,0.7229116129687504,0.27728049640400193,0.7752880818993971,0.8859982291057968,0.0008900173639512232
0.87,0.30359293060500003,0.7248642075000001,0.2811698675104491,0.7778742212894277,0.8867999877049902,0.0008017585991934029
0.875,0.3072219848632813,0.72674560546875,0.28507174947209585,0.7803763923293516,0.8875134691506084,0.0007134814456181138
0.88,0.31086026751999996,0.72855552,0.2889857211642395,0.782794338428728,0.8881386661661357,0.0006251970155273234
0.885,0.31450742046421876,0.73029367546875,0.29291136023972664,0.7851278150974261,0.8886755825747485,0.0005369164086128642
0.89,0.31816308423500006,0.7319598075,0.29684824318916514,0.7873765898877023,0.8891242332876813,0.00044865071293276326
0.895,0.3218268980776563,0.7335536629687498,0.3007959454008593,0.7895404423388332,0.8894846442935299,0.0003604110058486043
0.9,0.32549850000000013,0.7350749999999997,0.3047540412204804,0.791619163924218,0.8897568526484411,0.00027220835491115203
0.905,0.32917752682859386,0.73652358796875,0.3087221040104847,0.7936125580008675,0.8899409064671414,0.0001840538187003471
0.91,0.33286361426500005,0.7378992075000004,0.3126997062092907,0.7955204397611968,0.8900368649147745,9.595844763310435e-05
0.915,0.3365563969420313,0.7392016504687503,0.31668641939022596,0.7973426361870438,0.8900447981994939,7.933284719374711e-06
0.92,0.34025550847999997,0.7404307200000004,0.3206818143202551,0.7990789860058337,0.8899647875657813,-8.001063371254613e-05
0.925,0.3439605815429688,0.7415862304687502,0.3246854610184992,0.8007293396488148,0.8897969252884494,-0.0001678622773318983
0.93,0.347671247895,0.7426680075000001,0.32869692881455564,0.8022935592112914,0.889541314667288,-0.0002556106211614173
0.935,0.35138713845640646,0.7436758879687498,0.3327157864066296,0.803771518414782,0.8891980700223356,-0.0003432446449523896
0.9400000000000001,0.3551078833600001,0.7446097200000005,0.3367416019194847,0.8051631025710315,0.8887673166897154,-0.0004307533326202151
0.9450000000000001,0.3588331120073439,0.7454693629687501,0.34077394296222374,0.8064682085478104,0.888249191018037,-0.0005181256716784155
0.9500000000000001,0.3625624531250002,0.7462546875,0.3448123766859059,0.8076867447364336,0.8876438403653057,-0.0006053506527312624
0.9550000000000001,0.36629553482078125,0.74696557546875,0.3488564698410106,0.8088186310209347,0.8869514230963217,-0.000692417268984058
0.96,0.37003198464,0.7476019200000004,0.35290578883475476,0.8098637987488317,0.8861721085805471,-0.0007793145157746206
0.965,0.3737714296217188,0.7481636254687505,0.3569598997882719,0.8108221907034258,0.8853060771903936,-0.0008660313901535099
0.97,0.37751349635500003,0.7486506075000001,0.36101836859365977,0.8116937610775689,0.8843535202999291,-0.0009525568904644732
0.975,0.3812578110351562,0.7490627929687498,0.36508076097090403,0.8124784754488481,0.8833146402839644,-0.0010388800159646383
0.98,0.3850039995199999,0.7494001199999998,0.36914664252468465,0.8131763107561267,0.8821896505174974,-0.0011249897664670216
0.985,0.38875168738609367,0.7496625379687507,0.3732155788010716,0.8137872552773889,0.8809787753754931,-0.0012108751420043529
0.99,0.39250049998500003,0.7498500075,0.3772871353441158,0.8143113086088363,0.8796822502329764,-0.001296525142516658
0.995,0.39625006249953143,0.7499625004687503,0.38136087775234173,0.8147484816451837,0.8783003214654315,-0.0013819287675449488
1.0,0.4,0.75,0.3854363717351473,0.8150987965611053,0.8768332464494534,-0.001467075015978092
1.0050000000000001,0.4037499375004687,0.74996250046875,0.3895131831691162,0.815362286793784,0.8752812935636815,-0.0015519528857719234
1.01,0.40749950001500007,0.7498500074999997,0.3935908781542488,0.8155389970265161,0.8736447421899449,-0.0016365513737365278
1.0150000000000001,0.4112483126139064,0.7496625379687498,0.3976690230701154,0.8156289831733272,0.8719238827146433,-0.0017208594753016504
1.02,0.41499600048000024,0.7494001199999997,0.4017471846319382,0.8156323123645552,0.8701190165303272,-0.0018048661843160785
1.025,0.4187421889648437,0.7490627929687506,0.405824929946605,0.81554906293336,0.8682304560374647,-0.0018885604928624566
1.03,0.4224865036449999,0.7486506075,0.4099018265686206,0.8153793244031159,0.8662585246463851,-0.001971931391079651
1.035,0.4262285703782812,0.7481636254687505,0.4139774425559989,0.8151231974756512,0.8642035567793798,-0.0020549678670053195
1.04,0.42996801536000007,0.7476019199999997,0.4180513465261004,0.8147807940202946,0.8620658978729404,-0.0021376589064393547
1.045,0.43370446517921873,0.7469655754687494,0.4221231077114188,0.8143522370636914,0.8598459043801463,-0.0022199934927941145
1.05,0.43743754687500014,0.7462546875,0.4261922960153206,0.8138376607803561,0.8575439437731612,-0.002301960606985065
1.055,0.4411668879926561,0.7454693629687505,0.43025848206774026,0.8132372104839254,0.8551603945458314,-0.002383549227329862
1.06,0.44489211664,0.7446097200000008,0.43432123728083566,0.8125510426190791,0.8526956462164081,-0.0024647483294232275
1.065,0.4486128615435936,0.7436758879687497,0.4383801339046062,0.8117793247540979,0.8501500993303227,-0.002545546886085437
1.07,0.45232875210500006,0.7426680074999998,0.4424347450824763,0.8109222355740255,0.8475241654630782,-0.002625933867244523
1.075,0.4560394184570313,0.7415862304687502,0.44648464490684836,0.809979964874408,0.8448182672231674,-0.0027058982399107423
1.08,0.4597444915200002,0.7404307200000002,0.45052940847462625,0.8089527135555801,0.8420328382550896,-0.0027854289680778743
1.085,0.46344360305796856,0.7392016504687503,0.4545686119427136,0.8078406936174708,0.8391683232423895,-0.0028645150127000196
1.09,0.4671363857349999,0.7378992075000005,0.45860183258348813,0.8066441281549044,0.8362251779107672,-0.002943145331622321
1.095,0.47082247317140635,0.7365235879687502,0.46262864884025495,0.8053632513533681,0.8332038690311926,-0.0030213088795746357
1.1,0.47450150000000024,0.7350749999999993,0.46664864038268106,0.8039983084852249,0.8301048744230759,-0.0030989946081166897
1.105,0.4781731019223438,0.7335536629687498,0.4706613881622128,0.8025495559063464,0.8269286829574511,-0.003176191465624756
1.11,0.48183691576500004,0.7319598075000002,0.4746664744674785,0.8010172610531429,0.8236757945601751,-0.003252888397275999
1.115,0.4854925795357814,0.7302936754687498,0.47866348297967837,0.7994017024399708,0.8203467202151375,-0.003329074345037597
1.12,0.4891397324799999,0.7285555200000001,0.48265199882796284,0.7977031696568956,0.8169419819674805,-0.0034047382476570798
1.125,0.49277801513671876,0.72674560546875,0.48663160864480176,0.7959219633677892,0.8134621129268182,-0.00347986904066222
1.1300000000000001,0.4964070693950001,0.7248642075000001,0.4906019006213455,0.7940583953087447,0.8099076572704468,-0.003554455656371469
1.135,0.5000265385501564,0.7229116129687491,0.49456246456277947,0.7921127882867888,0.8062791702465495,-0.0036284870238972866
1.1400000000000001,0.5036360673599999,0.7208881199999999,0.4985128919436738,0.7900854761788754,0.8025772181773971,-0.003701952069152359
1.145,0.5072353021010937,0.7187940379687501,0.5024527759633295,0.7879768039311418,0.7988023784625182,-0.003774839714878908
1.1500000000000001,0.510823890625,0.7166296874999998,0.5063817116011216,0.785787127558413,0.7949552395818548,-0.0038471388806634588
1.155,0.5144014824145314,0.7143954004687496,0.5102992956718413,0.7835168141439383,0.7910364010989017,-0.0039188384829530465
1.16,0.5179677286399998,0.7120915200000003,0.514205126881038,0.781166241839345,0.787046473663808,-0.003989927435093743
1.165,0.5215222822154688,0.7097184004687502,0.5180988058803621,0.7787357998647954,0.7829860790164651,-0.004060394647342869
1.17,0.5250647978549999,0.7072764074999999,0.5219799353229088,0.7762258885093329,0.7788558499895405,-0.0041302290269246145
1.175,0.5285949321289062,0.7047659179687504,0.5258481199185658,0.773636919131407,0.774656430511507,-0.004199419478033484
1.18,0.5321123435200001,0.7021873199999997,0.5297029664893637,0.7709693141595599,0.7703884756096067,-0.00426795490190035
1.185,0.535616692479844,0.6995410129687493,0.53354408402483,0.7682235070932688,0.7660526514127985,-0.0043358241968081135
1.19,0.5391076414849998,0.6968274074999998,0.5373710837373497,0.7653999425039275,0.7616496351546556,-0.004403016258142989
1.195,0.5425848550932811,0.6940469254687497,0.5411835791175295,0.7624990760359611,0.7571801151762296,-0.004469519978425929
1.2,0.5460479999999998,0.6912000000000007,0.5449811859895698,0.7595213744080598,0.7526447909288586,-0.00453532424737102
1.205,0.5494967450942188,0.6882870754687502,0.5487635225666424,0.7564673154145253,0.748044372976945,-0.004600417951913571
1.21,0.5529307615149998,0.6853086075000001,0.552530209506276,0.7533373879267179,0.7433795830006816,-0.004664789976263406
1.215,0.5563497227076564,0.6822650629687499,0.556280869965749,0.750132091894598,0.7386511537987408,-0.004728429201940831
1.22,0.55975330448,0.6791569199999998,0.5600151296574908,0.7468519383483515,0.7338598292908931,-0.004791324507847694
1.225,0.5631411850585938,0.6759846679687507,0.5637326169044913,0.7434974494000939,0.7290063645206142,-0.004853464770278926
1.23,0.5665130451449997,0.6727488075000004,0.5674329626957195,0.7400691582456417,0.7240915256576073,-0.004914838863006921
1.235,0.5698685679720311,0.6694498504687506,0.5711158007415512,0.7365676091663481,0.7191160900003131,-0.004975435657294192
1.24,0.5732074393600002,0.6660883200000005,0.5747807675292061,0.7329933575309939,0.7140808459783321,-0.005035244021980967
1.245,0.5765293477729688,0.6626647504687497,0.5784275023781947,0.7293469697977281,0.7089865931548262,-0.005094252823505951
1.25,0.579833984375,0.6591796875,0.582055647495775,0.7256290235160509,0.7038341422288703,-0.005152450925955843
1.2550000000000001,0.5831210430864066,0.65563368796875,0.5856648480324191,0.7218401073288361,0.698624315037735,-0.0052098271911352745
1.26,0.5863902206399999,0.6520273199999995,0.5892547521372911,0.7179808209743843,0.6933579445591299,-0.00526637047860512
1.2650000000000001,0.5896412166373436,0.6483611629687499,0.5928250110137336,0.7140517752885048,0.688035874913416,-0.005322069645713912
1.27,0.5928737336050003,0.6446358074999996,0.5963752789747667,0.710053592206619,0.6826589613657322,-0.00537691354768377
1.2750000000000001,0.5960874770507812,0.6408518554687505,0.5999052134985962,0.705986904765882,0.6772280703280972,-0.005430891037635055
1.28,0.5992821555200007,0.6370099199999992,0.6034144752841327,0.7018523571073187,0.6717440793614678,-0.005483990966629326
1.285,0.6024574806517187,0.6331106254687505,0.6069027283065226,0.6976506044779698,0.6662078771777183,-0.005536202183749506
1.29,0.605613167235,0.6291546075,0.6103696398726878,0.6933823132330423,0.6606203636416178,-0.005587513536100541
1.295,0.6087489332651563,0.6251425129687498,0.6138148806768781,0.6890481608380656,0.6549824497727098,-0.0056379138689079955
1.3,0.6118644999999995,0.6210750000000012,0.6172381248562333,0.6846488358710447,0.6492950577471777,-0.005687392025532145
1.305,0.6149595920160937,0.6169527379687502,0.6206390500463563,0.6801850380246105,0.6435591208996589,-0.005735936847518719
1.31,0.6180339372649998,0.6127764075000013,0.6240173374368971,0.6756574781081641,0.637775583724995,-0.005783537174663955
1.315,0.621087267129531,0.6085467004687501,0.6273726718271472,0.6710668780500113,0.6319454018799574,-0.005830181845037585
1.32,0.6241193164800001,0.6042643200000001,0.6307047416816446,0.6664139708994867,0.6260695421849235,-0.005875859695033903
1.325,0.6271298237304687,0.5999299804687507,0.6340132391857899,0.6616995008290631,0.6201489826254878,-0.005920559559435712
1.33,0.6301185308950004,0.5955444074999999,0.6372978603014721,0.6569242231364453,0.6141847123540622,-0.0059642702714255424
1.335,0.6330851836439066,0.5911083379687491,0.6405583048227053,0.6520889042466461,0.6081777316914023,-0.006006980662659922
1.34,0.6360295313600002,0.5866225199999999,0.6437942764312755,0.6471943217140429,0.6021290521281168,-0.006048679563285475
1.345,0.6389513271948438,0.58208771296875,0.6470054827523976,0.6422412642244125,0.5960396963261131,-0.00608935580200376
1.35,0.6418503281249999,0.5775046874999997,0.6501916354103823,0.6372305315969444,0.5899106981200173,-0.006128998206095804
1.355,0.6447262950082815,0.57287422546875,0.6533524500843134,0.6321629347862284,0.5837431025185504,-0.0061675956014668465
1.36,0.6475789926399995,0.5681971200000014,0.6564876465637345,0.627039295884218,0.5775379657058473,-0.0062051368127031825
1.365,0.6504081898092186,0.5634741754687497,0.6595969488043453,0.621860448122167,0.5712963550427768,-0.006241610663070496
1.37,0.6532136593550002,0.5587062074999999,0.662680084983708,0.6166272358725389,0.565019349068182,-0.006277005974594796
1.375,0.6559951782226563,0.55389404296875,0.6657367875569624,0.6113405146508872,0.5587080375000965,-0.006311311568085509
1.3800000000000001,0.6587525275200006,0.5490385199999999,0.668766793312551,0.6060011511177079,0.5523635212369483,-0.006344516263148137
1.385,0.6614854925735936,0.5441404879687511,0.6717698434279522,0.6006100230802606,0.5459869123586798,-0.006376608878268519
1.3900000000000001,0.6641938629850002,0.5392008074999997,0.674745683525424,0.5951680194943597,0.5395793341278908,-0.006407578230788968
1.395,0.6668774326870314,0.5342203504687507,0.6776940637277546,0.5896760404661358,0.5331419209908925,-0.0064374131369983045
1.4000000000000001,0.6695359999999998,0.5292000000000002,0.6806147387140234,0.5841349972537636,0.5266758185787584,-0.006466102412134078
1.405,0.6721693676879689,0.5241406504687497,0.6835074677753692,0.5785458122691595,0.5201821837083506,-0.006493634870407883
1.41,0.6747773430150004,0.5190432074999997,0.6863720148707674,0.5729094190796463,0.5136621843832794,-0.006519999325071191
1.415,0.6773597378014066,0.5139085879687496,0.6892081486828153,0.5672267624095859,0.5071169997948632,-0.006545184588416131
1.42,0.6799163684799997,0.5087377200000006,0.6920156426735252,0.56149879814198,0.500547820323048,-0.006569179471815234
1.425,0.6824470561523436,0.5035315429687508,0.6947942751401254,0.555726493320037,0.4939558475373004,-0.006591972785747635
1.43,0.684951626645,0.49829100750000066,0.6975438292708689,0.5499108261487071,0.48734229419745495,-0.006613553339845424
1.435,0.6874299105657813,0.4930170754687492,0.7002640932008498,0.5440527859961848,0.4807083842545557,-0.006633909942899252
1.44,0.6898817433600004,0.4877107200000005,0.7029548600678267,0.5381533733953782,0.4740553528516687,-0.0066530314028869775
1.445,0.6923069653667183,0.48237292546874927,0.7056159280680534,0.532213600045346,0.4673844463246315,-0.006670906527037224
1.45,0.694705421875,0.4770046875000006,0.7082471005121169,0.5262344888127024,0.46069692220285796,-0.006687524121773536
1.455,0.6970769631801563,0.4716070129687502,0.7108481858807819,0.5202170737329898,0.453994049210003,-0.006702872992854936
1.46,0.6994214446400001,0.46618092000000005,0.713418997880842,0.5141624000120188,0.4472771072647123,-0.006716941945290711
1.465,0.7017387267310933,0.4607274379687503,0.7159593555009779,0.5080715240271774,0.44054738748128053,-0.006729719783431787
1.47,0.7040286751050001,0.45524760750000015,0.7184690830676215,0.5019455133287081,0.4338061921703215,-0.006741195310959014
1.475,0.7062911606445317,0.4497424804687491,0.7209480103008262,0.4957854466409533,0.4270548348393787,-0.0067513573309427866
1.48,0.70852605952,0.4442131199999999,0.7233959723701441,0.48959241386357233,0.4202946401935603,-0.006760194645818451
1.485,0.7107332532454689,0.4386606004687515,0.7258128099505077,0.48336751607272427,0.41352694413612395,-0.006767696057436323
1.49,0.7129126287350005,0.4330860074999997,0.7281983692781188,0.4771118655222235,0.40675309376903457,-0.006773850367089385
1.495,0.7150640783589064,0.4274904379687506,0.730552502206342,0.47082658564466456,0.39997444739353266,-0.006778646375501907
1.5,0.7171875000000001,0.421875,0.7328750662616046,0.4645128110525181,0.3931923745106562,-0.0067820728828764665
1.5050000000000001,0.7192827971098436,0.41624081296874993,0.7351659246993005,0.4581716875391969,0.3864082558217545,-0.006784118688901719
1.51,0.721349878765,0.4105890075000012,0.737424946559701,0.4518043720800946,0.37962348322898837,-0.0067847725927661084
1.5150000000000001,0.7233886597232818,0.4049207254687488,0.739652006723869,0.4454120328335964,0.37283945983579125,-0.006784023393197114
1.52,0.7253990604800006,0.3992371199999994,0.7418469859695793,0.4389958491420613,0.366057599947352,-0.006781859888439268
1.5250000000000001,0.7273810073242184,0.3935393554687508,0.7440097710272432,0.43255701153277826,0.3592793290710388,-0.006778270876313164
1.53,0.729334432395,0.3878286075000006,0.7461402546358377,0.4260967217188956,0.35250608391685045,-0.006773245154188368
1.5350000000000001,0.7312592737376566,0.38210606296874805,0.7482383355988392,0.4196161926003243,0.34573931239780065,-0.006766771519049808
1.54,0.7331554753599999,0.37637292000000006,0.7503039188401623,0.4131166482646158,0.338980473630341,-0.006758838767459641
1.545,0.7350229872885934,0.37063038796875036,0.7523369154601014,0.4065993239878143,0.33223103793472997,-0.006749435695611039
1.55,0.7368617656250003,0.36487968749999883,0.7543372427912778,0.4000654662352854,0.3254924868354156,-0.006738551099314372
1.555,0.7386717726020312,0.3591220504687499,0.7563048244545904,0.39351633266251995,0.3187663130613773,-0.00672617377403828
1.56,0.7404529766399993,0.3533587200000014,0.75823959041517,0.3869531921159156,0.3120540205464837,-0.006712292514893636
1.565,0.7422053524029691,0.3475909504687493,0.7601414770383377,0.3803773246335334,0.30535712442982405,-0.006696896116659634
1.57,0.7439288808549996,0.3418200075000002,0.7620104271455669,0.3737900214458339,0.29867715105600945,-0.006679973373814596
1.575,0.7456235493164063,0.33604716796875,0.7638463900704489,0.3671925849763899,0.2920156379755157,-0.006661513080493731
1.58,0.7472893515200003,0.330273720000001,0.7656493217146617,0.360586328842579,0.2853741339449476,-0.006641504030568124
1.585,0.748926287667344,0.32450096296874875,0.767419184603943,0.3539725778562539,0.27875419892733705,-0.006619935017610545
1.59,0.7505343644850003,0.31873020749999914,0.7691559479440649,0.3473526680243933,0.2721574040924367,-0.0065967948349003325
1.595,0.7521135952807815,0.3129627754687505,0.7708595876768136,0.3407279465497327,0.2655853318169613,-0.006572072275475405
1.6,0.7536640000000004,0.3071999999999996,0.7725300865359704,0.334099771831375,0.25903957568485747,-0.0065457561321038416
1.605,0.7551856052817186,0.30144322546875063,0.7741674341032974,0.32746951346538383,0.2525217404875524,-0.0065178351973050885
1.61,0.7566784445150007,0.29569380749999896,0.7757716268645242,0.32083855224535657,0.24603344222419643,-0.006488298263355952
1.615,0.758142557895156,0.2899531129687496,0.777342668265339,0.31420828016298036,0.23957630810187636,-0.006457134122320074
1.62,0.7595779924799996,0.2842225200000016,0.7788805687673819,0.30758010040857137,0.23315197653587125,-0.006424331566005109
1.625,0.7609848022460938,0.27850341796875,0.7803853459042398,0.30095542737159575,0.22676209714983192,-0.006389879386039327
1.6300000000000001,0.7623630481449997,0.2727972075000011,0.7818570243374456,0.2943356866411746,0.22040833077601124,-0.0063537663738206795
1.635,0.763712798159531,0.26710530046874864,0.7832956359124785,0.2877223150065732,0.21409234945545738,-0.0063159813205538595
1.6400000000000001,0.7650341273599992,0.2614291200000018,0.7847012197147669,0.28111676045767464,0.20781583643821627,-0.006276513017241109
1.645,0.7663271179604685,0.2557701004687495,0.7860738221256941,0.27452048218543723,0.20158048618350177,-0.0062353502547145
1.6500000000000001,0.7675918593750002,0.2501296874999987,0.7874134968786058,0.26793495058233935,0.19538800435989423,-0.006192481823607543
1.655,0.7688284482739057,0.24450933796875135,0.7887203051148198,0.26136164724280764,0.18924010784550196,-0.006147896514392265
1.6600000000000001,0.7700369886400005,0.2389105199999989,0.789994315439638,0.2548020649636329,0.1831385247281454,-0.006101583117356563
1.665,0.7712175918248442,0.23333471296874964,0.7912356039783599,0.24825770774437192,0.17708499430550217,-0.006053530422643227
1.67,0.7723703766049997,0.22778340750000084,0.7924442544322986,0.2417300907877372,0.17108126708528054,-0.006003727220221633
1.675,0.7734954692382807,0.22225810546874955,0.7936203581347985,0.23522074049997246,0.1651291047853695,-0.005952162299911051
1.68,0.7745930035199994,0.2167603199999995,0.7947640141072546,0.22873119449121757,0.159230280333988,-0.005898824451381485
1.685,0.7756631208392183,0.21129157546875066,0.7958753291151339,0.22226300157586035,0.15338657786982376,-0.005843702464164241
1.69,0.7767059702350004,0.2058534074999983,0.7969544177239983,0.21581772177287817,0.1475997927421731,-0.0057867851276506566
1.695,0.7777217084526566,0.20044736296874888,0.7980014023555292,0.20939692630616716,0.14187173151108118,-0.00572806123109193
1.7,0.7787105000000004,0.19507499999999922,0.7990164133435534,0.20300219760486174,0.13620421194747384,-0.005667519563607337
1.705,0.7796725172035942,0.18973788796875157,0.7999995889900716,0.19663512930364346,0.13059906303328467,-0.005605148914189173
1.71,0.7806079402649999,0.18443760749999855,0.8009510756212869,0.19029732624304,0.12505812496156232,-0.0055409380717223455
1.715,0.7815169573170316,0.1791757504687496,0.8018710276436355,0.183990404469714,0.11958324913663701,-0.005474875824925313
1.72,0.7823997644800003,0.1739539199999996,0.8027596075998192,0.17771599123674267,0.11417629817417435,-0.005406950962462659
1.725,0.7832565659179693,0.1687737304687488,0.8036169862248387,0.17147572500388883,0.10883914590134136,-0.00533715227283299
1.73,0.7840875738950001,0.16363680750000215,0.804443342502028,0.1652712554378629,0.10357367735689205,-0.005265468544449314
1.735,0.7848930088314057,0.1585447879687507,0.8052388637190908,0.15910424341257676,0.09838178879127536,-0.005191888565616684
1.74,0.7856730993600003,0.15349932000000024,0.8060037455241378,0.15297636100938836,0.09326538766676937,-0.005116401124505995
1.745,0.7864280823823435,0.14850206296874974,0.8067381919817245,0.1468892915173414,0.08822639265753102,-0.005038995009238351
1.75,0.7871582031250001,0.1435546875,0.8074424156288914,0.14084472943339346,0.08326673364975681,-0.004959659007774203
1.7550000000000001,0.7878637151957822,0.13865887546874944,0.8081166375312047,0.13484438046264022,0.07838835174173692,-0.0048783819080198965
1.76,0.7885448806399993,0.13381631999999968,0.8087610873387974,0.12888996151853097,0.07359319924395463,-0.004795152497782285
1.7650000000000001,0.7892019699967193,0.12902872546874988,0.8093760033424128,0.12298320072307749,0.06888323967923543,-0.004709959564719202
1.77,0.7898352623549993,0.12429780749999964,0.8099616325294481,0.11712583740705823,0.0642604477827407,-0.004622791896494727
1.7750000000000001,0.7904450454101565,0.11962529296875175,0.8105182306399992,0.11131962211021278,0.05972680950216788,-0.0045336382805728215
1.78,0.7910316155200008,0.1150129199999995,0.8110460622229063,0.10556631658143428,0.055284321997738535,-0.004442487504429347
1.7850000000000001,0.7915952777610937,0.11046243796874933,0.811545400691801,0.0998676937789532,0.05093499364235431,-0.004349328355384222
1.79,0.7921363459849999,0.10597560749999815,0.8120165283811536,0.0942255378705158,0.046680844021663954,-0.004254149620690359
1.795,0.7926551428745321,0.10155420046875037,0.8124597366023214,0.08864164423356077,0.0425239039341422,-0.004156940087521752
1.8,0.7931520000000014,0.09719999999999658,0.8128753256995983,0.08311781945538452,0.03846621539114886,-0.0040576885429933415
1.805,0.793627257875469,0.09291480046875052,0.8132636051062648,0.07765588133330847,0.034509831617062114,-0.003956383774086747
1.81,0.794081266015001,0.0887004074999993,0.813624893400639,0.07225765887483536,0.030656817049324124,-0.0038530145677379904
1.815,0.7945143829889063,0.08455863796874895,0.8139595183621281,0.0669249922978053,0.026909247338512285,-0.003747569710811839
1.82,0.7949269764800001,0.08049132000000157,0.8142678170272808,0.06165973303054646,0.023269209348458178,-0.003640037990054107
1.825,0.7953194233398438,0.07650029296874977,0.8145501357458409,0.056463743712021196,0.019738801156268512,-0.0035304081921896657
1.83,0.7956921096450007,0.07258740750000073,0.8148068302368008,0.05133889819196667,0.016320132052454542,-0.0034186691038139705
1.835,0.7960454307532814,0.06875452546875209,0.8150382656444559,0.04628708153103514,0.013015322540959731,-0.0033048095114948106
1.84,0.7963797913599997,0.06500352000000191,0.8152448165944606,0.0413101900009282,0.009826504339273567,-0.003188818201686164
1.845,0.7966956055542177,0.06133627546875147,0.8154268672498832,0.0364101310845272,0.006755820378481589,-0.0030706839607919784
1.85,0.7969932968750002,0.05775468750000101,0.8155848113672634,0.03158882347602289,0.003805424803358645,-0.002950395575122944
1.855,0.7972732983676573,0.05426066296874837,0.8157190523526685,0.026848197081038243,0.0009774829723998915,-0.0028279418309587537
1.86,0.7975360526399996,0.05085612000000026,0.8158300033177522,0.02219019301675176,-0.0017258285420663627,-0.0027033115144662542
1.865,0.7977820119185943,0.04754298796875105,0.8159180871358123,0.01761676361201476,-0.004302321953805505,-0.002576493411739142
1.87,0.7980116381050011,0.044323207499998324,0.8159837364978496,0.013129872407468435,-0.006749798262655496,-0.0024474763088499912
1.875,0.7982254028320312,0.04119873046875,0.8160273939686279,0.008731494155656758,-0.009066047254404276,-0.0023162489917487802
1.8800000000000001,0.7984237875200009,0.03817152000000164,0.8160495120427336,0.004423614821138126,-0.011248847500730796,-0.0021828002463265203
1.885,0.798607283432969,0.03524355046874916,0.8160505532006366,0.00020823158059198564,-0.013295966359180525,-0.0020471188584497285
1.8900000000000001,0.7987763917350009,0.03241680750000029,0.8160309899647512,-0.003912647177074162,-0.015205159973017898,-0.0019091936138373733
1.895,0.7989316235464067,0.029693287968748906,0.8159913049554981,-0.007937001850619872,-0.016974173271242468,-0.0017690132982245699
1.9000000000000001,0.7990735000000015,0.027074999999999252,0.8159319909473662,-0.0118628016263721,-0.0186007399684439,-0.0016265666972014314
1.905,0.7992025522973428,0.024563962968748854,0.8158535509249756,-0.01568800447812411,-0.020082582564818492,-0.0014818425963745926
1.9100000000000001,0.7993193217649996,0.02216220749999991,0.8157564981391404,-0.01941055716703703,-0.02141741234598926,-0.0013348297811707661
1.915,0.7994243599107804,0.019871775468749322,0.8156413561629327,-0.023028395241546,-0.022602929383064536,-0.0011855170370752774
1.92,0.7995182284800002,0.017694720000001496,0.8155086589477464,-0.026539443037262994,-0.023636822532466947,-0.0010338931494024116
1.925,0.7996014995117187,0.01563310546875272,0.8153589508793619,-0.029941613676886712,-0.02451676943594807,-0.0008799469034811228
1.93,0.7996747553950002,0.013689007500002504,0.8151927868340114,-0.03323280907010904,-0.02524043652045473,-0.0007236670845066594
1.935,0.7997385889251561,0.011864512968749352,0.8150107322344438,-0.03641091991352838,-0.0258054789981097,-0.0005650424776549694
1.94,0.7997936033599999,0.010161720000000686,0.814813363105991,-0.039473825690557185,-0.026209540866104823,-0.0004040618679951244
1.945,0.7998404124760953,0.008582737968748689,0.8146012661326343,-0.04241939467133889,-0.02645025490667523,-0.00024071404057040766
1.95,0.7998796406249995,0.007129687499998739,0.8143750387130709,-0.045245483912659396,-0.026525242687031346,-7.498778035611511e-05
1.955,0.7999119227895307,0.005804700468749502,0.8141352890167816,-0.047949939257864935,-0.02643211455923032,9.312812780102458e-05
1.96,0.7999379046399995,0.004609919999998624,0.8138826360400977,-0.0505305953367768,-0.02616846966019653,0.00026364489903379223
1.965,0.7999582425904692,0.0035475004687498314,0.8136177096622697,-0.052985275565610106,-0.02573189591159423,0.0004365737486023008
1.97,0.7999736038549984,0.0026196075000044063,0.8133411507015352,-0.055311792146891026,-0.025119970019810485,0.0006119258917837433
1.975,0.7999846665039044,0.0018284179687512393,0.8130536109711883,-0.057507946069377536,-0.024330257475832638,0.0007897125439778468
1.98,0.7999921195200003,0.0011761199999995144,0.8127557533356484,-0.0595715271079809,-0.023360312555210302,0.0009699449206223357
1.985,0.7999966628548443,0.0006649129687502864,0.81244825176653,-0.06150031382368399,-0.02220767831802423,0.0011526342371860725
1.99,0.7999990074850019,0.0002970075000007455,0.8121317913987127,-0.06329207356346603,-0.02086988660875748,0.0013377917092667509
1.995,0.7999998754682814,7.462546875132149e-05,0.8118070685864116,-0.06494456246022404,-0.019344458056290946,0.0015254285524665331
2.0,0.8,0.0,0.8114747909592481,-0.06645552543269818,-0.01762890207376659,0.0017155559825243576
2.005,0.8,0.0,0.8111356774783212,-0.06782269618539409,-0.015810288512496322,0.0018186135612702665
2.0100000000000002,0.8,0.0,0.8107904584922786,-0.0690437972085076,-0.013979987147159435,0.001830301365336887
2.015,0.8,0.0,0.8104398757933894,-0.0701165397778524,-0.012141998617708982,0.0018379885294504527
2.02,0.8,0.0,0.8100846826736154,-0.07103862395478397,-0.01030039021871475,0.0018416083989942315
2.025,0.8,0.0,0.8097256439806848,-0.07180773858612816,-0.0084592962947335,0.0018410939239812511
2.0300000000000002,0.8,0.0,0.8093635361741642,-0.07242156130410556,-0.0066229186362452164,0.0018363776584882831
2.035,0.8,0.0,0.808999119390391,-0.07288335675462998,-0.004795526876148062,0.0018273917600971547
2.04,0.8,0.0,0.8086331099096202,-0.07320189615416307,-0.002980310970091618,0.0018152159060564436
2.045,0.8,0.0,0.8082661816468295,-0.07338565255813469,-0.0011792575734178006,0.0018010533966738174
2.05,0.8,0.0,0.8078989675285199,-0.07344282366192094,0.0006057980767824062,0.0017850556502002068
2.055,0.8,0.0,0.8075320607625125,-0.07338135320147172,0.002373169791726958,0.0017673717149445517
2.06,0.8,0.0,0.8071660160073068,-0.07320895104114507,0.004121318331257819,0.0017481485395308607
2.065,0.8,0.0,0.8068013504471526,-0.07293311203083276,0.005848849558354659,0.0017275312270968405
2.07,0.8,0.0,0.8064385451373299,-0.07256106196453645,0.007554512832797575,0.001705663274442916
2.075,0.8,0.0,0.8060780466413795,-0.07209969919009153,0.009237184918604384,0.0016826720858068092
2.08,0.8,0.0,0.8057202686133249,-0.07155560561091191,0.010895851632542678,0.0016586667139382935
2.085,0.8,0.0,0.8053655933275837,-0.07093505714824698,0.012529602242430044,0.001633750609887366
2.09,0.8,0.0,0.8050143731591798,-0.07024403368077793,0.014137624014580415,0.0016080217721503708
2.095,0.8,0.0,0.8046669320167881,-0.06948822847833215,0.015719196900863902,0.0015815728862834874
2.1,0.8,0.0,0.8043235667310561,-0.06867305714638654,0.017273688356214352,0.00155449145535045
2.105,0.8,0.0,0.8039845483959694,-0.06780366701732461,0.018800548277813467,0.001526859921599115
2.11,0.8,0.0,0.803650123660461,-0.0668849471017079,0.020299304246055874,0.0014987559682424073
2.115,0.8,0.0,0.8033205159716225,-0.06592153776769928,0.021769557102182695,0.0014702528561268205
2.12,0.8,0.0,0.802995926770841,-0.0649178401563068,0.0232109767065374,0.0014414196043547045
2.125,0.8,0.0,0.8026765366441398,-0.06387802534023364,0.024623297872685787,0.0014123211661483878
2.13,0.8,0.0,0.8023625064279688,-0.06280604323420563,0.02600631647285684,0.0013830186001710515
2.1350000000000002,0.8,0.0,0.8020539782716453,-0.061705631264704436,0.027359885710347337,0.0013535692374904984
2.14,0.8,0.0,0.8017510766576689,-0.060580322795281916,0.028683912554738372,0.0013240268443910352
2.145,0.8,0.0,0.8014539093811605,-0.05943345530169038,0.029978354333547588,0.0012944417788092154
2.15,0.8,0.0,0.8011625684896546,-0.05826817830117614,0.031243215473431576,0.0012648611398839889
2.1550000000000002,0.8,0.0,0.800877131184453,-0.057087461040309775,0.03247854438597168,0.0012353289125401068
2.16,0.8,0.0,0.8005976606847244,-0.05589409994573686,0.03368443049317913,0.0012058861072074475
2.165,0.8,0.0,0.8003242070555132,-0.0546907258422316,0.03486100138795202,0.0011765708947728895
2.17,0.8,0.0,0.8000568080008011,-0.05347981094242098,0.03600842012482175,0.0011474187368697292
2.1750000000000003,0.8,0.0,0.7997954896227378,-0.05226367561267294,0.037126882636408176,0.0011184625115864266
2.18,0.8,0.0,0.7995402671481389,-0.05104449491979141,0.03821661527114272,0.0010897326347345457
2.185,0.8,0.0,0.7992911456233229,-0.04982430496318122,0.03927787244793751,0.00106125717679479
2.19,0.8,0.0,0.7990481205783372,-0.0486050089971587,0.040310934423594104,0.001033061975656592
2.195,0.8,0.0,0.7988111786615968,-0.04738838334808928,0.04131610516885541,0.0010051707452613037
2.2,0.8,0.0,0.7985802982459417,-0.04617608313103234,0.04229371034910893,0.0009776051802535199
2.205,0.8,0.0,0.7983554500070889,-0.044969647770567306,0.043244095405854804,0.0009503850567458769
2.21,0.8,0.0,0.7981365974754365,-0.04377050633046043,0.04416762373516435,0.0009235283293095448
2.215,0.8,0.0,0.7979236975621524,-0.04257998265681056,0.04506467495945237,0.0008970512242880216
2.22,0.8,0.0,0.797716701060456,-0.04139930033928527,0.04593564328899438,0.0008709683295420115
2.225,0.8,0.0,0.7975155531229808,-0.040229587495026475,0.04678093596971738,0.0008452926807229963
2.23,0.8,0.0,0.797320193716082,-0.03907188137976801,0.047600971813896824,0.0008200358441794453
2.235,0.8,0.0,0.7971305580519287,-0.037927132830666586,0.04839617981048375,0.0007952079965869233
2.24,0.8,0.0,0.7969465769992021,-0.03679621054530215,0.04916699781189275,0.0007708180014090044
2.245,0.8,0.0,0.7967681774731958,-0.035679905201255,0.049913871294167855,0.0007468734822751039
2.25,0.8,0.0,0.7965952828060928,-0.03457893342061441,0.05063725218753886,0.0007233808933710048
2.255,0.8,0.0,0.7964278130981742,-0.03349394158371868,0.051337597774477724,0.0007003455869388636
2.2600000000000002,0.8,0.0,0.7962656855506924,-0.03242550949636771,0.052015369652447685,0.0006777718779699612
2.265,0.8,0.0,0.796108814781119,-0.03137415391468949,0.052671032758626564,0.000655663106178879
2.27,0.8,0.0,0.79595711312146,-0.0303403319317781,0.05330505445398075,0.0006340216953541894
2.275,0.8,0.0,0.7958104909003092,-0.02932444423015648,0.05391790366413681,0.0006128492101560579
2.2800000000000002,0.8,0.0,0.795668856709289,-0.02832683820405052,0.05451005007459586,0.0005921464104590504
2.285,0.8,0.0,0.795532117654512,-0.027347810955392505,0.0550819633779049,0.0005719133033090379
2.29,0.8,0.0,0.795400179593675,-0.026387612167402492,0.05563411257048613,0.0005521491925812305
2.295,0.8,0.0,0.7952729473593774,-0.025446446859525677,0.056166965296896174,0.0005328527264100436
2.3000000000000003,0.8,0.0,0.7951503249692402,-0.024524478027431525,0.056680987239372926,0.0005140219424767528
2.305,0.8,0.0,0.7950322158233817,-0.023621829171708505,0.05717664155058938,0.0004956543112164535
2.31,0.8,0.0,0.7949185228897876,-0.022738586718814482,0.057654388327618045,0.00047774677702866475
2.315,0.8,0.0,0.7948091488780987,-0.02187480233776952,0.05811468412516969,0.00046029579755164224
2.32,0.8,0.0,0.7947039964023187,-0.021030495156003543,0.05855798150624495,0.00044329738107526384
2.325,0.8,0.0,0.7946029681329302,-0.02020565387769731,0.05898472862840401,0.0004267471221590588
2.33,0.8,0.0,0.7945059669388908,-0.019400238807880422,0.05939536886392215,0.0004106402355181435
2.335,0.8,0.0,0.7944128960199633,-0.018614183785476062,0.059790340452163394,0.00039497158824124134
2.34,0.8,0.0,0.7943236590298213,-0.01784739802840768,0.06017007618256801,0.00037973573040461783
2.345,0.8,0.0,0.7942381601903522,-0.017099767893809095,0.060535003106707855,0.00036492692413984257
2.35,0.8,0.0,0.7941563043975707,-0.016371158556305717,0.060885542277921915,0.0003505391712140607
2.355,0.8,0.0,0.7940779973195343,-0.01566141560726136,0.06122210851710323,0.00033656623918131706
2.36,0.8,0.0,0.7940031454866453,-0.014970366577812392,0.061545110203261685,0.0003230016861584528
2.365,0.8,0.0,0.7939316563747031,-0.014297822388438906,0.06185494908753953,0.00030983888427784517
2.37,0.8,0.0,0.7938634384810643,-0.013643578727750974,0.06215202012941634,0.0002970710418768105
2.375,0.8,0.0,0.7937984013942488,-0.013007417363097297,0.06243671135387564,0.00028469122445930195
2.38,0.8,0.0,0.7937364558573212,-0.012389107385533596,0.06270940372837294,0.0002726923744972992
2.3850000000000002,0.8,0.0,0.7936775138253631,-0.011788406391618794,0.06297047105847636,0.00026106733010342054
2.39,0.8,0.0,0.7936214885173409,-0.011205061604438765,0.06322027990110862,0.0002498088426322598
2.395,0.8,0.0,0.79356829446266,-0.010638810936190122,0.0634591894943537,0.00023890959324507355
2.4,0.8,0.0,0.7935178475426871,-0.010089383994589718,0.06368755170284715,0.00022836220849345445
2.4050000000000002,0.8,0.0,0.7934700650275105,-0.009556503035310634,0.06390571097779676,0.00021815927494961418
2.41,0.8,0.0,0.7934248656081976,-0.00903988386258041,0.06411400433073425,0.00020829335293748308
2.415,0.8,0.0,0.7933821694247976,-0.008539236680014363,0.0643127613201254,0.00019875698939114672
2.42,0.8,0.0,0.7933418980903291,-0.008054266893694177,0.06450230405001568,0.00018954272989028798
2.4250000000000003,0.8,0.0,0.7933039747109819,-0.007584675869441186,0.0646829471799172,0.00018064312990151432
2.43,0.8,0.0,0.793268323902751,-0.007130161646173165,0.06485499794517764,0.00017205076526044527
2.435,0.8,0.0,0.7932348718047152,-0.006690419607175044,0.06501875618711624,0.00016375824193859412
2.44,0.8,0.0,0.7932035460891599,-0.006265143111055713,0.06517451439222866,0.000155758205112419
2.445,0.8,0.0,0.7931742759687394,-0.005854024084106894,0.06532255773981212,0.0001480433475834625
2.45,0.8,0.0,0.7931469922008607,-0.005456753575724234,0.06546316415737659,0.00014060641756447056
2.455,0.8,0.0,0.7931216270894682,-0.005073022278496644,0.06559660438325231,0.00013344022587571946
2.46,0.8,0.0,0.7930981144843956,-0.004702521014517002,0.0657231420358192,0.00012653765256688543
2.465,0.8,0.0,0.7930763897784485,-0.0043449411894149245,0.06584303368882191,0.00011989165300271831
2.47,0.8,0.0,0.7930563899023707,-0.003999975215562201,0.06595652895225446,0.00011349526343254479
2.475,0.8,0.0,0.7930380533178415,-0.0036673169058513066,0.06606387055832633,0.00010734160607187015
2.48,0.8,0.0,0.7930213200086444,-0.003346661839399564,0.066165294452046,0.00010142389371967098
2.485,0.8,0.0,0.793006131470142,-0.003037707700483822,0.06626102988598348,9.573543393748274e-05
2.49,0.8,0.0,0.7929924306971822,-0.002740154591964884,0.06635129951878956,9.026963280607536e-05
2.495,0.8,0.0,0.7929801621705601,-0.002453705324415709,0.0664363195170834,8.50199982938421e-05
2.5,0.8,0.0,0.7929692718421495,-0.0021780656821238247,0.06651629966032925,7.998014324585301e-05
2.505,0.8,0.0,0.792959707118814,-0.0019129446670956905,0.0665914434483483,7.514378801905253e-05
2.5100000000000002,0.8,0.0,0.7929514168452033,-0.0016580547221493355,0.06666194821113242,7.050476278411266e-05
2.515,0.8,0.0,0.7929443512855326,-0.001413111934141035,0.0667280052206436,6.605700951117788e-05
2.52,0.8,0.0,0.792938462104441,-0.001177836218332873,0.06678979980430012,6.179458365652979e-05
2.525,0.8,0.0,0.7929337023470167,-0.0009519514848693569,0.06684751145986866,5.771165556853197e-05
2.5300000000000002,0.8,0.0,0.7929300264180752,-0.0007351857882944443,0.06690131397149661,5.380251162795391e-05
2.535,0.8,0.0,0.7929273900607702,-0.0005272714610042731,0.06695137552663968,5.006155514307442e-05
2.54,0.8,0.0,0.7929257503346127,-0.0003279452314957302,0.06699785883364484,4.648330700515735e-05
2.545,0.8,0.0,0.7929250655929715,-0.00013694832823702243,0.06704092123977477,4.306240612993173e-05
2.5500000000000003,0.8,0.0,0.7929252954601217,4.597343004654884e-05,0.06708071484946433,3.979360968955903e-05
2.555,0.8,0.0,0.7929264008079062,0.00022106955691043062,0.06711738664262105,3.6671793156722865e-05
2.56,0.8,0.0,0.7929283437320703,0.0003885848328220667,0.06715107859278387,3.36919501628119e-05
2.565,0.8,0.0,0.7929310875283263,0.0005487592511856673,0.06718192778497852,3.0849192194648545e-05
2.57,0.8,0.0,0.7929345966682018,0.0007018279750893655,0.06721006653310992,2.8138748131401048e-05
2.575,0.8,0.0,0.7929388367747224,0.000848021304132203,0.06723562249674796,2.5555963638040913e-05
2.58,0.8,0.0,0.792943774597976,0.0009875646507154603,0.06725871879716967,2.309630042171551e-05
2.585,0.8,0.0,0.7929493779906021,0.0011206785252095594,0.06727947413253685,2.0755335367175776e-05
2.59,0.8,0.0,0.7929556158832493,0.0012475785294329537,0.06729800289209185,1.852875955500599e-05
2.595,0.8,0.0,0.7929624582600387,0.001368475357904551,0.06731441526926314,1.641237717128763e-05
2.6,0.8,0.0,0.7929698761340706,0.0014835748063548862,0.06732881737359041,1.4402104327265741e-05
2.605,0.8,0.0,0.7929778415230055,0.001593077787004453,0.06734131134136963,1.2493967779220183e-05
2.61,0.8,0.0,0.7929863274247563,0.0016971803501397795,0.06735199544494769,1.0684103578059712e-05
2.615,0.8,0.0,0.792995307793314,0.0017960737115395957,0.0673609642005821,8.968755634414238e-06
2.62,0.8,0.0,0.7930047575147405,0.0018899442853241115,0.06736830847480861,7.344274226508962e-06
2.625,0.8,0.0,0.7930146523833497,0.0019789737218203,0.06737411558924708,5.807114438469152e-06
2.63,0.8,0.0,0.7930249690780999,0.002063338950055931,0.06737846942379858,4.353834551495961e-06
2.6350000000000002,0.8,0.0,0.7930356851392225,0.002143212224513037,0.06738145051818384,2.981094385262617e-06
2.64,0.8,0.0,0.7930467789451014,0.002218761175790202,0.06738313617177646,1.6856535926257354e-06
2.645,0.8,0.0,0.7930582296894256,0.0022901488648396956,0.06738360054170088,4.6436992441611924e-07
2.65,0.8,0.0,0.7930700173586279,0.0023575338404627525,0.0673829147391568,-6.858025440870108e-07
2.6550000000000002,0.8,0.0,0.7930821227096267,0.0024210701997617727,0.06738114692394692,-1.7678152098715705e-06
2.66,0.8,0.0,0.7930945272478831,0.0024809076512640723,0.06737836239718269,-2.784526764235129e-06
2.665,0.8,0.0,0.7931072132057854,0.0025371915804465574,0.06737462369215169,-3.7387050309950487e-06
2.67,0.8,0.0,0.7931201635213724,0.0025900631174046763,0.06736999066332966,-4.6330288220319815e-06
2.6750000000000003,0.8,0.0,0.7931333618174045,0.002639659206423189,0.0673645205735284,-5.470089801257183e-06
2.68,0.8,0.0,0.7931467923807906,0.002686112677219039,0.06735826817917062,-6.2523943577807994e-06
2.685,0.8,0.0,0.7931604401423787,0.002729552317639532,0.06735128581368899,-6.982365481633668e-06
2.69,0.8,0.0,0.7931742906571168,0.0027701029476109784,0.06734362346904858,-7.66234464040505e-06
2.695,0.8,0.0,0.7931883300845874,0.002807885494144773,0.06733532887539251,-8.294593656074656e-06
2.7,0.8,0.0,0.7932025451699235,0.0028430170672188275,0.06732644757881708,-8.881296575433129e-06
2.705,0.8,0.0,0.7932169232251053,0.002875611036363175,0.06731702301728423,-9.42456153284199e-06
2.71,0.8,0.0,0.7932314521106443,0.00290577710778864,0.06730709659467828,-9.926422605957552e-06
2.715,0.8,0.0,0.7932461202176538,0.002933621401907412,0.06729670775302031,-1.0388841657965608e-05
2.72,0.8,0.0,0.7932609164503094,0.0029592465311037352,0.06728589404285457,-1.0813710165744062e-05
2.725,0.8,0.0,0.7932758302086975,0.002982751677621784,0.06727469119181842,-1.1202851036146155e-05
2.73,0.8,0.0,0.7932908513720548,0.003004232671446489,0.06726313317141752,-1.155802040089804e-05
2.735,0.8,0.0,0.7933059702823951,0.0030237820680613474,0.06725125226202214,-1.188090939538422e-05
2.74,0.8,0.0,0.7933211777285251,0.0030414892259749047,0.06723907911610581,-1.2173145916324901e-05
2.745,0.8,0.0,0.7933364649304446,0.0030574403839152423,0.06722664281974648,-1.2436296359330523e-05
2.75,0.8,0.0,0.7933518235241326,0.00307171873759895,0.06721397095241494,-1.2671867331545683e-05
2.755,0.8,0.0,0.7933672455467126,0.0030844045159876664,0.0672010896450708,-1.28813073441425e-05
2.7600000000000002,0.8,0.0,0.7933827234219973,0.0030955750569520318,0.06718802363659379,-1.30660084770029e-05
2.765,0.8,0.0,0.7933982499464087,0.0031053048822689134,0.06717479632857636,-1.3227308017435546e-05
2.77,0.8,0.0,0.7934138182752681,0.003113665771883719,0.06716142983849828,-1.336649007807611e-05
2.775,0.8,0.0,0.793429421909455,0.0031207268373751413,0.0671479450513179,-1.3484787180384483e-05
2.7800000000000002,0.8,0.0,0.7934450546824278,0.003126554594565128,0.06713436166950067,-1.358338181722818e-05
2.785,0.8,0.0,0.7934607107476038,0.0031312130352217325,0.06712069826151827,-1.366340798239496e-05
2.79,0.8,0.0,0.7934763845660928,0.0031347636978074855,0.06710697230884373,-1.3725952674542574e-05
2.795,0.8,0.0,0.793492070894779,0.003137265737230539,0.06709320025147242,-1.3772057371311264e-05
2.8000000000000003,0.8,0.0,0.7935077647747468,0.0031387759935597725,0.06707939753199745,-1.3802719474972913e-05
2.805,0.8,0.0,0.7935234615200452,0.003139349059669655,0.0670655786382717,-1.3818893725744963e-05
2.81,0.8,0.0,0.7935391567067841,0.003139037347784093,0.0670517571446798,-1.3821493591900658e-05
2.815,0.8,0.0,0.7935548461625586,0.003137891154892479,0.06703794575205665,-1.3811392623144791e-05
2.82,0.8,0.0,0.7935705259561936,0.003135958727014432,0.06702415632627928,-1.3789425777371855e-05
2.825,0.8,0.0,0.793586192387805,0.003133286322293056,0.0670103999355602,-1.3756390719085743e-05
2.83,0.8,0.0,0.7936018419791695,0.0031299182728995803,0.06699668688647481,-1.3713049085387063e-05
2.835,0.8,0.0,0.7936174714643982,0.0031258970457353377,0.06698302675875162,-1.3660127723191806e-05
2.84,0.8,0.0,0.7936330777809077,0.0031212633019193667,0.06696942843885366,-1.35983198979589e-05
2.845,0.8,0.0,0.793648658060683,0.003116055955052947,0.06695590015238374,-1.3528286469915995e-05
2.85,0.8,0.0,0.7936642096218243,0.003110312228254593,0.06694244949533679,-1.3450657046956693e-05
2.855,0.8,0.0,0.7936797299603741,0.003104067709961192,0.06692908346423573,-1.3366031101053055e-05
2.86,0.8,0.0,0.7936952167424165,0.0030973564084932933,0.06691580848517586,-1.3274979059868519e-05
2.865,0.8,0.0,0.7937106677964434,0.0030902108053844387,0.06690263044180371,-1.3178043372155668e-05
2.87,0.8,0.0,0.7937260811059808,0.0030826619074762647,0.0668895547022644,-1.3075739539306075e-05
2.875,0.8,0.0,0.7937414548024697,0.003074739297782982,0.06687658614514128,-1.29685571231275e-05
2.88,0.8,0.0,0.7937567871583954,0.0030664711851300943,0.06686372918441655,-1.2856960724727529e-05
2.8850000000000002,0.8,0.0,0.7937720765806583,0.0030578844525741963,0.06685098779348185,-1.274139093469795e-05
2.89,0.8,0.0,0.7937873216041813,0.0030490047046118005,0.06683836552822071,-1.26222652611363e-05
2.895,0.8,0.0,0.7938025208857472,0.0030398563131862947,0.06682586554919706,-1.2499979023652963e-05
2.9,0.8,0.0,0.7938176731980597,0.0030304624625036767,0.06681349064296666,-1.2374906230405713e-05
2.9050000000000002,0.8,0.0,0.793832777424023,0.003020845192668527,0.0668012432425463,-1.2247400420356547e-05
2.91,0.8,0.0,0.7938478325512338,0.003011025442152778,0.06678912544705995,-1.2117795486349392e-05
2.915,0.8,0.0,0.7938628376666793,0.0030010230891108452,0.06677713904058652,-1.1986406473429856e-05
2.92,0.8,0.0,0.7938777919516371,0.0029908569915552113,0.06676528551023977,-1.1853530346744856e-05
2.9250000000000003,0.8,0.0,0.7938926946767692,0.0029805450264078263,0.06675356606349446,-1.1719446745314666e-05
2.93,0.8,0.0,0.7939075451974064,0.002970104127442753,0.06674198164479306,-1.1584418701401922e-05
2.935,0.8,0.0,0.7939223429490171,0.002959550322136724,0.06673053295144665,-1.1448693346405303e-05
2.94,0.8,0.0,0.7939370874428543,0.0029488987674444254,0.06671922044885793,-1.1312502588720075e-05
2.945,0.8,0.0,0.7939517782617769,0.002938163784515806,0.06670804438508798,-1.1176063769949285e-05
2.95,0.8,0.0,0.7939664150562388,0.002927358892373554,0.06669700480478445,-1.1039580303531804e-05
2.955,0.8,0.0,0.7939809975404416,0.0029164968405686106,0.06668610156249818,-1.0903242286267045e-05
2.96,0.8,0.0,0.7939955254886457,0.0029055896408326383,0.0666753343354045,-1.0767227093685938e-05
2.965,0.8,0.0,0.7940099987316345,0.0028946485977460142,0.06666470263544996,-1.0631699954535834e-05
2.97,0.8,0.0,0.7940244171533267,0.0028836843384405083,0.06665420582094543,-1.0496814504531993e-05
2.975,0.8,0.0,0.7940387806875335,0.002872706841355975,0.06664384310762589,-1.0362713319542194e-05
2.98,0.8,0.0,0.7940530893148539,0.0028617254640702547,0.06663361357919174,-1.0229528434144153e-05
2.985,0.8,0.0,0.7940673430597049,0.0028507489702220006,0.066623516197353,-1.0097381838741759e-05
2.99,0.8,0.0,0.7940815419874827,0.0028397855555459066,0.0666135498113932,-9.966385959805923e-06
2.995,0.8,0.0,0.7940956862018479,0.0028288428730399093,0.06660371316727125,-9.8366441219494e-06
3.0,0.8,-0.0,0.7941097758421343,0.0028179280572840047,0.06659400491627793,-9.70825099332051e-06
3.005,0.7999998754682813,-7.462546874999684e-05,0.7941238110808739,0.0028070477479303717,0.06649574166622503,-9.826325005289627e-05
3.0100000000000002,0.7999990074850001,-0.0002970075000000136,0.7941377921214359,0.002796208112384207,0.06621952517897035,-0.00027621648725467685
3.015,0.7999966628548438,-0.0006649129687500109,0.7941517191957743,0.0027854148676947567,0.06576430821398681,-0.0004552169649835458
3.02,0.79999211952,-0.001176120000000002,0.7941655925622827,0.0027746733016759087,0.065129078658487,-0.0006352295554998139
3.025,0.7999846665039063,-0.0018284179687499875,0.7941794125037491,0.0027639882932756167,0.06431285936365112,-0.000816219294835871
3.0300000000000002,0.799973603855,-0.002619607500000043,0.7941931793254102,0.0027533643322132607,0.06331470797993712,-0.0009981513837140077
3.035,0.7999582425904688,-0.0035475004687500287,0.7942068656399882,0.0027372629155889955,0.06213371679149205,-0.0011809911884450644
3.04,0.79993790464,-0.004609920000000008,0.7942203901615235,0.0027049043070503298,0.060770149064375924,-0.0013635677271161273
3.045,0.7999119227895313,-0.005804700468749984,0.7942336207467796,0.00264611705123386,0.059225516127047954,-0.0015446329373279694
3.0500000000000003,0.799879640625,-0.0071296875000000735,0.794246377257538,0.0025513021516871803,0.057501509586065196,-0.0017240065409827587
3.055,0.7998404124760938,-0.008582737968750049,0.7942584342549251,0.002411399477434926,0.055599993768721157,-0.0019015158173440391
3.06,0.79979360336,-0.01016172000000002,0.7942695235362194,0.0022178562588413124,0.05352299857685764,-0.0020769951918635163
3.065,0.7997385889251563,-0.011864512968749982,0.79427933652393,0.0019625975421319834,0.051272712726278806,-0.0022502858505788342
3.0700000000000003,0.799674755395,-0.013689007500000107,0.7942875268714914,0.0016380695122722292,0.048851477347787546,-0.00242123537849126
3.075,0.7996014995117188,-0.01563310546875007,0.7942937132961199,0.0012372849256957117,0.046261765362226565,-0.0025897119855609815
3.08,0.7995182284800001,-0.017694720000000032,0.7942974822909548,0.0007537989669688043,0.04350615931103849,-0.0027556060511880753
3.085,0.7994243599107813,-0.01987177546874998,0.7942983907216652,0.0001816861420783259,0.04058734228641428,-0.0029188170246242096
3.09,0.7993193217650001,-0.02216220749999994,0.7942959683125115,-0.0004844818307479672,0.03750808922599469,-0.00307925306041959
3.095,0.7992025522973438,-0.024563962968750096,0.7942897200266568,-0.001249657170933794,0.0342712585553138,-0.003236830670680889
3.1,0.7990735,-0.02707500000000005,0.7942791283453392,-0.0021183362635137106,0.030879784161960147,-0.0033914743933536537
3.105,0.7989316235464063,-0.029693287968749996,0.7942636554457797,-0.0030945799119049436,0.02733666768612983,-0.0035431164758303185
3.11,0.798776391735,-0.03241680749999993,0.7942427452772274,-0.00418203371047098,0.023644971299623486,-0.003691696386506342
3.115,0.7986072834329688,-0.03524355046875013,0.7942158255386741,-0.005383947710665651,0.01980781099440313,-0.003837160305220355
3.12,0.7984237875200001,-0.03817152000000006,0.7941823095616635,-0.006703195402124381,0.015828350215299276,-0.003979460779103855
3.125,0.7982254028320312,-0.04119873046875,0.7941415981015145,-0.008142292029784495,0.011709793824549494,-0.004118556390749782
3.13,0.7980116381050001,-0.044323207499999934,0.7940930810401755,-0.009703412267800455,0.0074553823862771665,-0.004254411438272328
3.1350000000000002,0.7977820119185938,-0.047542987968750165,0.7940361390038221,-0.011388407270679813,0.003068386759442439,-0.004386995626834728
3.14,0.79753605264,-0.05085612000000009,0.7939701448982719,-0.013198821110035857,-0.001447897011753893,-0.004516283771196332
3.145,0.7972732983676563,-0.05426066296875001,0.7938944653652543,-0.01513590660350842,-0.0060901525230688675,-0.004642255511314974
3.15,0.7969932968750001,-0.05775468749999995,0.7938084621624927,-0.01720064055233294,-0.010855047564214258,-0.004764895041145391
3.1550000000000002,0.7966956055542188,-0.061336275468750194,0.7937114934704738,-0.01939373840377779,-0.01573923841273206,-0.004884190848517801
3.16,0.79637979136,-0.0650035200000001,0.7936029151287017,-0.021715668354399354,-0.02073937387845092,-0.005000135465718862
3.165,0.7960454307532813,-0.06875452546875004,0.7934820818041528,-0.024166664909784242,-0.025852099108951858,-0.005112725230500936
3.17,0.795692109645,-0.07258740749999995,0.793348348094572,-0.026746741916157345,-0.03107405916611053,-0.005221960057158671
3.1750000000000003,0.7953194233398437,-0.07650029296875022,0.7932010695691766,-0.029455705079089317,-0.03640190238351342,-0.005327843217402893
3.18,0.79492697648,-0.08049132000000014,0.7930396037492545,-0.03229316398440962,-0.04183228351419395,-0.005430381130680527
3.185,0.7945143829889063,-0.08455863796875004,0.7928633110310737,-0.03525854363617978,-0.04736186667782284,-0.005529583163628893
3.19,0.7940812660150001,-0.08870040749999995,0.792671555553442,-0.038351095526321724,-0.05298732811616671,-0.005625461438343866
3.1950000000000003,0.7936272578754687,-0.09291480046875027,0.7924637060121908,-0.041569908250236105,-0.05870535876534486,-0.005718030649178155
3.2,0.7931520000000001,-0.09720000000000016,0.7922391364237784,-0.04491391768247826,-0.06451266665312434,-0.0058073078877794795
3.205,0.7926551428745313,-0.10155420046875006,0.791997226840147,-0.04838191672629295,-0.07040597912921974,-0.005893312476095397
3.21,0.792136345985,-0.10597560749999997,0.7917373640168943,-0.05197256465053677,-0.0763820449362585,-0.005976065807038758
3.215,0.7915952777610938,-0.11046243796874987,0.7914589420367582,-0.05568439602724215,-0.08243763612884536,-0.006055591192586862
3.22,0.79103161552,-0.11501292000000019,0.7911613628903441,-0.059515829282799936,-0.08856954984786966,-0.006131913719024301
3.225,0.7904450454101563,-0.11962529296875007,0.7908440370159668,-0.063465174875459,-0.09477460995694459,-0.006205060109074928
3.23,0.789835262355,-0.1242978075,0.790506383800409,-0.06753064311156308,-0.10104966854764538,-0.006275058590700794
3.235,0.7892019699967188,-0.12902872546874988,0.7901478320423457,-0.07171035161266662,-0.10739160731992571,-0.006341938772280328
3.24,0.7885448806400001,-0.1338163200000002,0.7897678203801187,-0.0760023324453911,-0.11379733884390286,-0.006405731523977151
3.245,0.7878637151957812,-0.1386588754687501,0.7893657976854906,-0.08040453892560699,-0.12026380770893974,-0.0064664688650368785
3.25,0.7871582031250001,-0.1435546875,0.7889412234249494,-0.08491485210824841,-0.12678799156574613,-0.006524183856806393
3.255,0.7864280823823439,-0.1485020629687499,0.7884935679900805,-0.08953108697379192,-0.13336690206699664,-0.006578910501250507
3.2600000000000002,0.78567309936,-0.15349932000000022,0.7880223129984697,-0.09425099832215776,-0.13999758571174992,-0.006630683644753277
3.265,0.7848930088314062,-0.15854478796875016,0.7875269515665471,-0.09907228638451826,-0.14667712459875415,-0.006679538887004233
3.27,0.7840875738950001,-0.16363680750000004,0.7870069885557309,-0.1039926021632298,-0.15340263709353727,-0.00672551249478312
3.275,0.7832565659179688,-0.16877373046874994,0.7864619407931818,-0.10900955250983667,-0.16017127841394743,-0.0067686413204101625
3.2800000000000002,0.78239976448,-0.17395392000000023,0.7858913372684276,-0.11412070495083101,-0.16698024113866325,-0.006808962724715817
3.285,0.7815169573170313,-0.17917575046875012,0.7852947193070747,-0.11932359227059136,-0.1738267556429961,-0.006846514504332851
3.29,0.780607940265,-0.18443760750000004,0.7846716407227714,-0.12461571686066378,-0.18070809046612676,-0.006881334823130664
3.295,0.7796725172035938,-0.18973788796875,0.7840216679485499,-0.12999455484429442,-0.1876215526137451,-0.006913462147618343
3.3000000000000003,0.7787105,-0.19507500000000033,0.7833443801486255,-0.1354575599848721,-0.19456448779991384,-0.0069429351861687305
3.305,0.7777217084526562,-0.20044736296875018,0.7826393693116921,-0.1410021673866893,-0.20153428063179135,-0.006969792831877514
3.31,0.776705970235,-0.20585340750000003,0.7819062403267112,-0.14662579699618766,-0.20852835474071998,-0.006994074108928633
3.315,0.7756631208392188,-0.21129157546875,0.7811446110421532,-0.15232585691161318,-0.21554417286301136,-0.0070158181222913785
3.3200000000000003,0.7745930035199999,-0.2167603200000003,0.7803541123096093,-0.1580997465087703,-0.2225792368736361,-0.007035064010624731
3.325,0.7734954692382813,-0.22225810546875022,0.7795343880126576,-0.1639448593903312,-0.22963108777585983,-0.0070518509022237386
3.33,0.7723703766050001,-0.2277834075000001,0.7786850950818279,-0.16985858616593014,-0.23669730564977803,-0.007066217873918201
3.335,0.7712175918248438,-0.23333471296874997,0.7778059034964777,-0.17583831707004646,-0.24377550956249763,-0.0070782039127195995
3.34,0.77003698864,-0.23891051999999982,0.7768964962743554,-0.18188144442446355,-0.25086335744266425,-0.0070878478801666145
3.345,0.7688284482739063,-0.24450933796875018,0.775956569449596,-0.1879853649518728,-0.2579585459218564,-0.0070951884791921604
3.35,0.7675918593750001,-0.2501296875000001,0.774985832039861,-0.194147481946983,-0.2650588101452776,-0.007100264223421193
3.355,0.7663271179604688,-0.25577010046875004,0.7739840060033046,-0.20036520731128782,-0.27216192355405805,-0.007103113408780448
3.36,0.7650341273600001,-0.26142911999999985,0.7729508261860174,-0.20663596345744345,-0.27926569764135256,-0.007103774087294512
3.365,0.7637127981595312,-0.26710530046875025,0.7718860402605724,-0.21295718508900935,-0.28636798168434324,-0.007102284042990681
3.37,0.762363048145,-0.2727972075000001,0.7707894086562669,-0.21932632086111278,-0.29346666245412284,-0.007098680769779597
3.375,0.7609848022460938,-0.27850341796875,0.7696607044816298,-0.22574083492740926,-0.3005596639053744,-0.007093001451251579
3.38,0.75957799248,-0.28422251999999987,0.7684997134397372,-0.23219820837852603,-0.3076449468476157,-0.0070852829422412555
3.3850000000000002,0.7581425578951562,-0.28995311296875037,0.7673062337368523,-0.23869594057699678,-0.3147205085997423,-0.007075561752126647
3.39,0.756678444515,-0.2956938075000002,0.7660800759848847,-0.24523155039351902,-0.3217843826294669,-0.007063874029724582
3.395,0.7551856052817187,-0.3014432254687501,0.7648210630981387,-0.25180257734919553,-0.32883463817921793,-0.007050255549751028
3.4,0.7536640000000001,-0.3071999999999998,0.7635290301847975,-0.2584065826682535,-0.33586937987991533,-0.0070347417006974
3.4050000000000002,0.7521135952807813,-0.31296277546875034,0.7622038244335696,-0.26504115024557356,-0.3428867473540388,-0.007017367474123459
3.41,0.750534364485,-0.31873020750000025,0.7608453049959036,-0.2717038875332012,-0.34988491480924877,-0.00699816745520998
3.415,0.7489262876673438,-0.32450096296875003,0.7594533428641543,-0.27839242634986,-0.3568620906238372,-0.006977175814588454
3.42,0.7472893515200001,-0.33027371999999994,0.7580278207460677,-0.28510442361733546,-0.36381651692512723,-0.0069544263012900065
3.4250000000000003,0.7456235493164062,-0.3360471679687504,0.7565686329359304,-0.2918375620274531,-0.37074646916194004,-0.006929952236812809
3.43,0.743928880855,-0.3418200075000002,0.7550756851827142,-0.298589550643232,-0.37765025567214733,-0.006903786510207288
3.435,0.7422053524029688,-0.3475909504687501,0.7535488945555259,-0.30535812543765745,-0.3845262172463044,-0.006875961574157097
3.44,0.7404529766400001,-0.35335871999999996,0.751988189306659,-0.3121410497733819,-0.39137272668823997,-0.006846509441935544
3.4450000000000003,0.7386717726020312,-0.35912205046875034,0.7503935087325263,-0.3189361148265354,-0.3981881883734914,-0.006815461685251434
3.45,0.7368617656249999,-0.3648796875000002,0.7487648030327378,-0.3257411399576974,-0.40497103780636673,-0.006782849432875326
3.455,0.7350229872885938,-0.3706303879687501,0.7471020331675731,-0.3325539730329625,-0.41171974117641214,-0.006748703370045406
3.46,0.73315547536,-0.37637291999999994,0.7454051707140835,-0.3393724906979116,-0.41843279491496005,-0.006713053738547914
3.465,0.7312592737376564,-0.3821060629687499,0.7436741977210476,-0.34619459860718615,-0.4251087252524287,-0.006675930337468661
3.47,0.729334432395,-0.38782860750000026,0.7419091065629864,-0.35301823161225204,-0.43174608777699797,-0.006637362524569257
3.475,0.7273810073242187,-0.39353935546875013,0.7401098997934372,-0.3598413539098295,-0.4383434669951986,-0.0065973792182006386
3.48,0.72539906048,-0.39923712000000006,0.7382765899976704,-0.3666619591533631,-0.44489947589499174,-0.006556008899793131
3.485,0.7233886597232814,-0.4049207254687499,0.7364091996450214,-0.37347807052980364,-0.4514127555117837,-0.006513279616791989
3.49,0.7213498787649999,-0.41058900750000027,0.734507760941002,-0.3802877408038759,-0.4578819744978622,-0.0064692189860784954
3.495,0.7192827971098438,-0.4162408129687502,0.7325723156793424,-0.38708905233191043,-0.46430582869564946,-0.006423854197787238
3.5,0.7171875000000001,-0.421875,0.7306029150941064,-0.3938801170472284,-0.470683040715192,-0.006377212019542555
3.505,0.7150640783589064,-0.42749043796874997,0.7285996197120115,-0.4006590764189766,-0.47701235951619975,-0.006329318801007733
3.5100000000000002,0.7129126287349999,-0.43308600750000015,0.7265624992050803,-0.40742410138622753,-0.4832925599949883,-0.006280200478788578
3.515,0.7107332532454688,-0.43866060046875016,0.7244916322437349,-0.4141733922690748,-0.4895224425766043,-0.0062298825816159975
3.52,0.70852605952,-0.44421311999999996,0.722387106350443,-0.420905178658374,-0.4957008328124206,-0.006178390235816289
3.525,0.7062911606445313,-0.4497424804687499,0.7202490177540145,-0.42761771928570375,-0.5018265809834147,-0.006125748170994094
3.5300000000000002,0.704028675105,-0.4552476075000003,0.7180774712446393,-0.43430930187504674,-0.5078985617093752,-0.006071980725960491
3.535,0.7017387267310937,-0.46072743796875026,0.7158725800297512,-0.4409782429776188,-0.5139156735642091,-0.00601711185483389
3.54,0.69942144464,-0.46618092000000005,0.7136344655907951,-0.4476228877912044,-0.5198768386975465,-0.005961165133337443
3.545,0.6970769631801563,-0.47160701296875,0.7113632575409686,-0.4542416099652919,-0.5257810024627706,-0.005904163765224069
3.5500000000000003,0.694705421875,-0.47700468750000025,0.7090590934840024,-0.46083281139323745,-0.5316271330516191,-0.00584613058884853
3.555,0.6923069653667187,-0.48237292546875027,0.7067221188740394,-0.46739492199262356,-0.5374142211354623,-0.005787088083843206
3.56,0.68988174336,-0.48771072000000004,0.7043524868766647,-0.47392639947492055,-0.543141279513366,-0.00572705837790366
3.565,0.6874299105657813,-0.4930170754687498,0.7019503582311373,-0.4804257291055011,-0.5488073427670064,-0.005666063253640385
3.5700000000000003,0.6849516266449999,-0.4982910075000002,0.6995159011138623,-0.4868914234550039,-0.5544114669225085,-0.005604124155502155
3.575,0.6824470561523437,-0.5035315429687502,0.6970492910031474,-0.4933220221429893,-0.5599527291192443,-0.005541262196735786
3.58,0.67991636848,-0.5087377200000001,0.6945507105452735,-0.4997160915747787,-0.5654302272856568,-0.00547749816641252
3.585,0.6773597378014062,-0.5139085879687499,0.6920203494219119,-0.5060722246723214,-0.5708430798220979,-0.005412852536441082
3.59,0.6747773430150001,-0.5190432075000001,0.6894584042189125,-0.5123890405998867,-0.5761904252907071,-0.005347345468609155
3.595,0.6721693676879686,-0.5241406504687504,0.6868650782964858,-0.5186651844853316,-0.5814714221123403,-0.005280996821633188
3.6,0.6695359999999999,-0.5292,0.6842405816607975,-0.5248993271376552,-0.5866852482705099,-0.0052138261581696765
3.605,0.6668774326870313,-0.53422035046875,0.68158513083699,-0.5310901647615045,-0.5918311010223561,-0.005145852751846203
3.61,0.6641938629850002,-0.5392008075000001,0.6788989487436436,-0.537236418669264,-0.5969081966165763,-0.0050770955942202045
3.615,0.6614854925735937,-0.5441404879687503,0.676182264568687,-0.5433368349913161,-0.6019157700183059,-0.005007573401729526
3.62,0.6587525275199999,-0.5490385200000001,0.6734353136467619,-0.5493901843850281,-0.6068530746408839,-0.00493730462257802
3.625,0.6559951782226563,-0.55389404296875,0.670658337338047,-0.555395261742985,-0.6117193820844742,-0.00486630744359029
3.63,0.6532136593550001,-0.5587062075000001,0.6678515829085423,-0.5613508859009554,-0.6165139818814542,-0.004794599796980048
3.6350000000000002,0.6504081898092187,-0.5634741754687503,0.665015303411812,-0.5672558993460429,-0.6212361812485215,-0.0047221993670673035
3.64,0.64757899264,-0.5681971200000002,0.6621497575721847,-0.5731091679254513,-0.6258853048454409,-0.00464912359691938
3.645,0.6447262950082813,-0.57287422546875,0.6592552096694034,-0.5789095805562547,-0.6304606945403682,-0.004575389694927323
3.65,0.6418503281250001,-0.5775046875000001,0.6563319294247207,-0.5846560489365441,-0.634961709181642,-0.004501014641273726
3.6550000000000002,0.6389513271948436,-0.5820877129687502,0.6533801918884293,-0.5903475072582898,-0.6393877243759828,-0.004426015194340827
3.66,0.63602953136,-0.5866225200000001,0.6504002773288181,-0.5959829119222375,-0.643738132272989,-0.004350407897006248
3.665,0.6330851836439062,-0.5911083379687501,0.6473924711225425,-0.6015612412551302,-0.6480123413558652,-0.004274209082876124
3.67,0.6301185308950001,-0.5955444074999999,0.6443570636463949,-0.6070814952295246,-0.6522097762382469,-0.004197434882381779
3.6750000000000003,0.6271298237304687,-0.5999299804687501,0.6412943501704627,-0.6125426951864523,-0.6563298774670598,-0.0041201012288129
3.68,0.62411931648,-0.6042643200000001,0.6382046307526569,-0.6179438835611517,-0.6603721013312747,-0.004042223864214822
3.685,0.6210872671295312,-0.6085467004687501,0.6350882101345965,-0.6232841236120786,-0.6643359196765,-0.003963818345225301
3.69,0.618033937265,-0.6127764075000001,0.6319453976388295,-0.6285624991533856,-0.6682208197252582,-0.0038849000487581886
3.6950000000000003,0.6149595920160936,-0.6169527379687503,0.6287765070673743,-0.6337781142910406,-0.6720263039028724,-0.0038054841776142823
3.7,0.6118644999999999,-0.6210750000000003,0.6255818566015606,-0.638930093162741,-0.6757518896688358,-0.0037255857659633795
3.705,0.6087489332651563,-0.6251425129687502,0.6223617687031519,-0.6440175796817609,-0.6793971093535683,-0.0036452196847325258
3.71,0.6056131672350001,-0.6291546075000002,0.6191165700167276,-0.6490397372848555,-0.6829615100004383,-0.003564400646869914
3.715,0.6024574806517189,-0.63311062546875,0.6158465912733059,-0.6539957486843333,-0.686444653212941,-0.0034831432125027595
3.72,0.59928215552,-0.6370099200000002,0.6125521671951839,-0.658884815624391,-0.6898461150069294,-0.0034014617939883696
3.725,0.5960874770507812,-0.6408518554687501,0.6092336364019749,-0.6637061586417962,-0.6931654856677717,-0.0033193706608423135
3.73,0.5928737336050001,-0.6446358074999999,0.60589134131782,-0.6684590168309862,-0.6964023696123443,-0.003236883944572555
3.735,0.5896412166373439,-0.6483611629687501,0.6025256280797517,-0.6731426476136476,-0.6995563852557259,-0.0031540156433816913
3.74,0.5863902206399999,-0.6520273200000001,0.5991368464471877,-0.677756326512822,-0.7026271648824983,-0.0030707796267723797
3.745,0.5831210430864062,-0.6556336879687501,0.5957253497125298,-0.6822993469315795,-0.7056143545225279,-0.0029871896400295306
3.75,0.579833984375,-0.6591796875,0.5922914946128484,-0.6867710199362889,-0.7085176138311433,-0.002903259308615458
3.755,0.5765293477729688,-0.6626647504687503,0.5888356412426258,-0.6911706740445065,-0.7113366159735686,-0.002819002142425253
3.7600000000000002,0.5732074393599998,-0.6660883200000001,0.5853581529675382,-0.6954976550174964,-0.7140710475135224,-0.0027344315399537855
3.765,0.5698685679720312,-0.6694498504687505,0.5818593963392513,-0.6997513256573857,-0.7167206083058701,-0.0026495607923477937
3.77,0.566513045145,-0.6727488075,0.5783397410112066,-0.7039310656089552,-0.7192850113932285,-0.002564403087358391
3.775,0.5631411850585938,-0.6759846679687501,0.5747995596553763,-0.7080362711660535,-0.7217639829064045,-0.002478971513175998
3.7800000000000002,0.5597533044799998,-0.6791569200000002,0.5712392278799632,-0.7120663550826216,-0.7241572619685743,-0.0023932790621697952
3.785,0.5563497227076563,-0.6822650629687503,0.5676591241480217,-0.7160207463883058,-0.7264646006030925,-0.0023073386345181524
3.79,0.552930761515,-0.6853086075000002,0.5640596296969785,-0.7198988902086318,-0.7286857636448483,-0.0022211630417557915
3.795,0.5494967450942188,-0.6882870754687496,0.56044112845903,-0.7237002475897092,-0.7308205286550319,-0.0021347650101836146
3.8000000000000003,0.5460479999999999,-0.6912000000000001,0.5568040069823929,-0.7274242953274291,-0.7328686858392559,-0.00204815718422402
3.805,0.542584855093281,-0.69404692546875,0.5531486543533872,-0.7310705258011151,-0.7348300379688905,-0.0019613521296345526
3.81,0.539107641485,-0.6968274075000003,0.5494754621193293,-0.7346384468115813,-0.7367044003055632,-0.001874362336672708
3.815,0.5356166924798438,-0.6995410129687504,0.5457848242122115,-0.7381275814235507,-0.7384916005286907,-0.0017872002231275053
3.8200000000000003,0.5321123435199999,-0.7021873200000004,0.5420771368731496,-0.7415374678123818,-0.7401914786659638,-0.0016998781372731253
3.825,0.5285949321289061,-0.7047659179687497,0.5383527985775743,-0.7448676591150475,-0.7418038870267005,-0.0016124083607367279
3.83,0.5250647978549999,-0.7072764074999999,0.5346122099611478,-0.7481177232853106,-0.743328690137976,-0.0015248031112754523
3.835,0.5215222822154688,-0.7097184004687502,0.5308557737463826,-0.7512872429530343,-0.7447657646834336,-0.0014370745454576062
3.84,0.5179677286400002,-0.71209152,0.5270838946699448,-0.7543758152875674,-0.7461149994446992,-0.001349234761265583
3.845,0.5144014824145311,-0.7143954004687502,0.523296979410619,-0.7573830518651375,-0.7473762952453188,-0.0012612958006196218
3.85,0.510823890625,-0.7166296875000001,0.5194954365179181,-0.7603085785401892,-0.7485495648971141,-0.0011732696517953167
3.855,0.5072353021010938,-0.7187940379687497,0.5156796763413151,-0.7631520353205962,-0.7496347331489238,-0.0010851682518097094
3.86,0.50363606736,-0.7208881200000001,0.5118501109600817,-0.7659130762466824,-0.7506317366375932,-0.000997003488669379
3.865,0.5000265385501561,-0.7229116129687502,0.5080071541137118,-0.7685913692739793,-0.7515405238411745,-0.0009087872035813405
3.87,0.49640706939499984,-0.7248642075,0.5041512211329136,-0.7711865961596494,-0.7523610550342548,-0.0008205311930802317
3.875,0.49277801513671876,-0.72674560546875,0.500282728871151,-0.7736984523525037,-0.7530933022453353,-0.0007322472110805611
3.88,0.48913973248000003,-0.72855552,0.4964020956367183,-0.7761266468865419,-0.7537372492161889,-0.0006439469708535706
3.8850000000000002,0.4854925795357812,-0.7302936754687505,0.4925097411253286,-0.7784709022779407,-0.7542928913631277,-0.0005556421469388173
3.89,0.4818369157649999,-0.7319598075000002,0.48860608635320146,-0.780730954425419,-0.754760235740112,-0.0004673443769842578
3.895,0.47817310192234375,-0.7335536629687498,0.48469155359063193,-0.7829065525139037,-0.755139301003644,-0.0003790652635320413
3.9,0.47450150000000013,-0.7350749999999998,0.4807665662960248,-0.7849974589214257,-0.7554301173793685,-0.0002908163757244786
3.9050000000000002,0.470822473171406,-0.7365235879687502,0.47683154905037894,-0.7870034491291701,-0.7556327266303211,-0.00020260925095261229
3.91,0.46713638573499994,-0.7378992075000003,0.4728869274922059,-0.7889243116346087,-0.7557471820267571,-0.00011445539643595293
3.915,0.4634436030579687,-0.7392016504687503,0.4689331282528677,-0.7907598478676412,-0.7557735483175364,-2.6366290779344936e-05
3.92,0.45974449151999996,-0.7404307199999998,0.46497057889231935,-0.7925098721096706,-0.7557119017029463,6.164661459007181e-05
3.9250000000000003,0.4560394184570311,-0.7415862304687504,0.46099970783524163,-0.7941742114155439,-0.7555623298089622,0.00014957189398412396
3.93,0.4523287521049999,-0.7426680075,0.45702094430755025,-0.7957527055382829,-0.7553249316628494,0.0002373981461127883
3.935,0.4486128615435936,-0.7436758879687498,0.4530347182732676,-0.7972452068565353,-0.7549998176700954,0.00032511399275403363
3.94,0.4448921166400001,-0.7446097200000001,0.4490414603717442,-0.7986515803046742,-0.754587109592572,0.00041270807752336047
3.9450000000000003,0.4411668879926561,-0.7454693629687503,0.4450416018552168,-0.7999717033054781,-0.7540869405279265,0.0005001690646455614
3.95,0.43743754687499997,-0.7462546875000003,0.4410355745266902,-0.8012054657053198,-0.7534994548901024,0.00058748563782407
3.955,0.4337044651792188,-0.74696557546875,0.4370238106781312,-0.8023527697117975,-0.7528248083910031,0.0006746464990993184
3.96,0.42996801536000007,-0.7476019200000004,0.43300674302896247,-0.8034135298337383,-0.7520631680231924,0.0007616403678106787
3.9650000000000003,0.42622857037828105,-0.7481636254687499,0.4289848046648449,-0.8043876728235105,-0.751214712043626,0.0008484559795663982
3.97,0.42248650364499984,-0.7486506075,0.424958428976737,-0.8052751376215769,-0.7502796299583586,0.0009350820852673802
3.975,0.41874218896484366,-0.7490627929687497,0.4209280496002209,-0.8060758753032238,-0.7492581225081918,0.0010215074501668253
3.98,0.4149960004800001,-0.7494001199999998,0.4168941003550839,-0.8067898490274037,-0.7481504016552097,0.0011077208529820526
3.985,0.4112483126139063,-0.7496625379687499,0.4128570151851457,-0.8074170339876287,-0.7469566905701783,0.0011937110850314125
3.99,0.40749950001499996,-0.7498500075000002,0.4088172280983215,-0.8079574173648514,-0.7456772236207555,0.001279466949422825
3.995,0.4037499375004687,-0.74996250046875,0.40477517310691014,-0.8084109982822748,-0.7443122463604938,0.001364977260261746
4.0,0.4,-0.75,0.4007312841681,-0.80877778776203,-0.7428620155185883,0.001450230841905431
4.005,0.3962500624995315,-0.74996250046875,0.39668599512468167,-0.8090578086836652,-0.7413267989903352,0.0015352165282531693
4.01,0.39250049998500014,-0.7498500075000005,0.3926397396459597,-0.8092510957443867,-0.7397068758282783,0.0016199231620568355
4.015,0.3887516873860943,-0.7496625379687503,0.38859295116885473,-0.8093576954209987,-0.7380025362339913,0.0017043395942870632
4.0200000000000005,0.38500399951999964,-0.7494001199999993,0.3845460628391873,-0.8093776659334835,-0.7362140815505118,0.0017884546834794346
4.025,0.38125781103515605,-0.7490627929687501,0.38049950745313643,-0.8093110772101716,-0.7343418242553116,0.0018722572952002414
4.03,0.37751349635499976,-0.7486506075,0.3764537173988642,-0.8091580108544476,-0.7323860879538912,0.00195573630142043
4.035,0.37377142962171883,-0.7481636254687498,0.3724091245982995,-0.8089185601129406,-0.730347207373861,0.0020388805800301
4.04,0.37003198464,-0.7476019199999997,0.3683661604490738,-0.8085928298451492,-0.728225528359561,0.0021216790143000486
4.045,0.3662955348207813,-0.7469655754687494,0.3643252557666015,-0.8081809364944519,-0.7260214078671358,0.0022041204924252433
4.05,0.362562453125,-0.7462546874999998,0.36028684072629924,-0.8076830080604557,-0.723735213960098,0.00228619390703777
4.055,0.35883311200734386,-0.7454693629687497,0.35625134480593607,-0.8070991840726341,-0.721367325805301,0.0023678881547969377
4.0600000000000005,0.3551078833599999,-0.7446097200000003,0.35221919672811003,-0.8064296155652128,-0.7189181336693481,0.00244919213595296
4.065,0.351387138456406,-0.7436758879687505,0.34819082440284377,-0.8056744650532532,-0.7163880389153654,0.0025300947539826923
4.07,0.3476712478949997,-0.7426680075000001,0.3441666548702943,-0.8048339065098975,-0.7137774540001712,0.0026105849151941696
4.075,0.3439605815429685,-0.7415862304687502,0.3401471142435707,-0.8039081253447249,-0.7110868024717824,0.0026906515283888766
4.08,0.34025550847999986,-0.7404307200000002,0.33613262765165475,-0.8028973183831857,-0.7083165189672493,0.002770283504533011
4.085,0.3365563969420315,-0.7392016504687503,0.3321236191824194,-0.8018016938470679,-0.7054670492108098,0.0028494697564395155
4.09,0.332863614265,-0.7378992075000002,0.3281205118257396,-0.8006214713359604,-0.7025388500123407,0.0029281991984690947
4.095,0.32917752682859397,-0.7365235879687507,0.3241237274166912,-0.7993568818096732,-0.6995323892660684,0.0030064607462723103
4.1,0.3254985000000004,-0.7350750000000006,0.3201336865788333,-0.7980081675715793,-0.6964481459495677,0.003084243316500701
4.105,0.32182689807765597,-0.7335536629687502,0.31615080866756906,-0.796575582252842,-0.6932866101229935,0.003161535826574191
4.11,0.3181630842349999,-0.7319598075000006,0.3121755117135816,-0.7950593907974924,-0.6900482829285266,0.003238327194466928
4.115,0.31450742046421887,-0.7302936754687508,0.30820821236634,-0.7934598694483248,-0.6867336765900762,0.0033146063384503766
4.12,0.3108602675200001,-0.7285555200000001,0.3042493258376721,-0.7917773057335759,-0.6833433144131498,0.0033903621769264536
4.125,0.3072219848632813,-0.72674560546875,0.30029926584540034,-0.7900119984543567,-0.6798777307849281,0.003465583628221691
4.13,0.3035929306050001,-0.7248642074999992,0.2963584445570363,-0.7881642576728074,-0.6763374711745128,0.003540259610415264
4.135,0.29997346144984405,-0.7229116129687498,0.29242727253353157,-0.7862344047009441,-0.6727230921333492,0.0036143790411635734
4.14,0.29636393264000027,-0.7208881200000001,0.2885061586730807,-0.784222772090168,-0.6690351612957905,0.003687930837558695
4.1450000000000005,0.29276469789890613,-0.7187940379687501,0.28459551015497364,-0.7821297036214122,-0.6652742573798134,0.003760903915977165
4.15,0.28917610937499993,-0.7166296875000001,0.28069573238349416,-0.7799555542958958,-0.6614409701878597,0.003833287191953638
4.155,0.2855985175854686,-0.7143954004687502,0.2768072289318619,-0.7777006903264603,-0.6575359006078172,0.0039050695800425528
4.16,0.28203227136,-0.71209152,0.27293040148621456,-0.7753654891294636,-0.6535596606140909,0.003976239993726316
4.165,0.27847771778453123,-0.7097184004687502,0.26906564978962855,-0.7729503393172065,-0.6495128732687995,0.004046787345291403
4.17,0.2749352021450001,-0.7072764074999999,0.2652133715861742,-0.770455640690868,-0.6453961727230522,0.004116700545747309
4.175,0.27140506787109386,-0.70476591796875,0.26137396256500456,-0.7678818042339272,-0.6412102042183285,0.004185968504723636
4.18,0.26788765648000046,-0.702187320000001,0.2575478163044743,-0.765229252106048,-0.6369556240879228,0.004254580130405694
4.1850000000000005,0.2643833075201558,-0.69954101296875,0.25373532421628725,-0.7624984176374086,-0.6326330997584803,0.004322524329442579
4.19,0.2608923585149997,-0.6968274075000004,0.24993687548967,-0.7596897453234512,-0.6282433097515688,0.00438979000691142
4.195,0.2574151449067186,-0.69404692546875,0.24615285703556983,-0.7568036908200355,-0.6237869436853547,0.004456366066214135
4.2,0.25395199999999984,-0.6911999999999994,0.24238365343087495,-0.753840720938974,-0.6192647022762922,0.004522241409062544
4.205,0.2505032549057813,-0.6882870754687502,0.23862964686265528,-0.7508013136439337,-0.6146772973408786,0.0045874049354135416
4.21,0.2470692384850003,-0.6853086075000001,0.23489121707242186,-0.747685958046683,-0.6100254517974439,0.004651845543434674
4.215,0.243650277292344,-0.6822650629687502,0.23116874130040352,-0.7444951544036703,-0.6053098996679893,0.004715552129454625
4.22,0.24024669552000055,-0.6791569200000013,0.22746259422983894,-0.741229414112914,-0.6005313860800374,0.004778513587951894
4.225,0.23685881494140637,-0.6759846679687502,0.22377314793128297,-0.7378892597111916,-0.5956906672685297,0.004840718811507716
4.23,0.23348695485499993,-0.6727488075000001,0.22010077180692542,-0.7344752248715104,-0.5907885105777297,0.004902156690799964
4.235,0.2301314320279686,-0.6694498504687503,0.2164458325349212,-0.7309878544008459,-0.585825694463156,0.00496281611457372
4.24,0.22679256063999975,-0.6660883199999997,0.21280869401373054,-0.7274277042381333,-0.5808030084935223,0.005022685969633733
4.245,0.22347065222703122,-0.6626647504687497,0.20918971730646804,-0.7237953414524994,-0.5757212533526919,0.005081755140830424
4.25,0.22016601562500004,-0.6591796875,0.20558926058525945,-0.7200913442417205,-0.5705812408416394,0.00514001251105245
4.255,0.21687895691359393,-0.6556336879687503,0.20200767907560496,-0.7163163019308961,-0.5653837938804093,0.0051974469612301455
4.26,0.21360977936000025,-0.652027320000001,0.19844532500074835,-0.7124708149713233,-0.5601297465100854,0.005254047370323867
4.265,0.21035878336265668,-0.6483611629687502,0.19490254752605055,-0.7085554949395628,-0.5548199438947484,0.005309802615336978
4.2700000000000005,0.2071262663950003,-0.6446358075000003,0.19137969270336713,-0.7045709645366853,-0.5494552423234436,0.005364701571304864
4.275,0.20391252294921836,-0.6408518554687493,0.1878771034154287,-0.7005178575876857,-0.5440365092121197,0.0054187331113239035
4.28,0.20071784447999996,-0.6370099200000002,0.18439511932022343,-0.6963968190410578,-0.5385646231055699,0.005471886106549806
4.285,0.19754251934828138,-0.6331106254687499,0.18093407679538084,-0.6922085049685173,-0.5330404736793734,0.005524149426196501
4.29,0.19438683276500002,-0.6291546075,0.17749430888255652,-0.6879535825648653,-0.5274649617418035,0.005575511937569888
4.295,0.1912510667348437,-0.6251425129687498,0.1740761452318166,-0.683632730147983,-0.5218389992357226,0.005625962506080828
4.3,0.1881354999999999,-0.6210750000000008,0.17067991204602187,-0.6792466371589493,-0.5161635092404753,0.0056754899952473625
4.305,0.18504040798390609,-0.6169527379687502,0.16730593202521052,-0.6747960041622725,-0.5104394259737421,0.0057240832667331265
4.3100000000000005,0.1819660627349997,-0.6127764074999992,0.16395452431097937,-0.6702815428462285,-0.504667694793395,0.005771731180347128
4.315,0.1789127328704685,-0.6085467004687501,0.16062600443086286,-0.6657039760233001,-0.4988492721993145,0.005818422594080497
4.32,0.17588068351999975,-0.6042643199999997,0.15732068424270934,-0.6610640376307065,-0.492985125835186,0.00586414636412852
4.325,0.17287017626953127,-0.5999299804687489,0.15403887187905424,-0.65636247273102,-0.4870762344902834,0.005908891344902578
4.33,0.16988146910499968,-0.5955444074999999,0.15078087169148993,-0.651600037512861,-0.4811235881012262,0.005952646389057237
4.335,0.1669148163560934,-0.5911083379687491,0.1475469841950316,-0.6467774992916661,-0.4751281877536826,0.005995400347543589
4.34,0.1639704686400001,-0.5866225200000003,0.14433750601247897,-0.6418956365105242,-0.4690910456840993,0.006037142069583279
4.345,0.16104867280515678,-0.5820877129687514,0.1411527298187736,-0.6369552387410735,-0.4630131852813578,0.006077860402741497
4.3500000000000005,0.15814967187499973,-0.5775046874999994,0.13799294428535133,-0.6319571066844556,-0.4568956410884278,0.006117544192930036
4.355,0.15527370499171855,-0.5728742254687497,0.13485843402448974,-0.6269020521723199,-0.45073945880397515,0.006156182284452638
4.36,0.15242100735999986,-0.5681971199999992,0.13174947953365035,-0.6217908981678765,-0.4445456952839645,0.0061937635200106644
4.365,0.14959181019078116,-0.5634741754687503,0.1286663571398154,-0.6166244787669893,-0.4383154185432158,0.006230276740748664
4.37,0.14678634064499985,-0.5587062074999999,0.12560933894381884,-0.6114036391993087,-0.43204970775692986,0.006265710786285961
4.375,0.14400482177734375,-0.55389404296875,0.12257869276467166,-0.6061292358294368,-0.42574965326220005,0.006300054494729812
4.38,0.1412474724799997,-0.5490385200000002,0.11957468208388104,-0.6008021361581237,-0.41941635655948334,0.006333296702716706
4.385,0.13851450742640625,-0.5441404879687497,0.11659756598976359,-0.5954232188234895,-0.41305093031403295,0.00636542624545039
4.39,0.135806137015,-0.5392008074999997,0.11364759912175225,-0.5899933736022691,-0.4066544983573337,0.006396431956699256
4.3950000000000005,0.13312256731296823,-0.5342203504687483,0.11072503161469685,-0.5845135014110783,-0.4002281956884667,0.006426302668867012
4.4,0.13046399999999958,-0.5291999999999994,0.10783010904315839,-0.578984514307694,-0.3937731684754707,0.006455027212995956
4.405,0.12783063231203096,-0.5241406504687494,0.10496307236569663,-0.5734073354923507,-0.3872905740566668,0.006482594418803944
4.41,0.12522265698500024,-0.5190432075000008,0.1021241578691514,-0.5677828993090465,-0.3807815809419571,0.006508993114709705
4.415,0.12264026219859347,-0.5139085879687496,0.09931359711291711,-0.5621121512468581,-0.3742473688140887,0.006534212127868366
4.42,0.12008363152000034,-0.5087377200000006,0.0965316168732108,-0.5563960479412629,-0.3676891285298821,0.006558240284206596
4.425,0.11755294384765591,-0.50353154296875,0.09377843908733348,-0.5506355571754631,-0.36110806212145974,0.006581066408422376
4.43,0.11504837335499973,-0.4982910075,0.09105428079792491,-0.5448316578817136,-0.3545053827973963,0.006602679324063443
4.4350000000000005,0.11257008943421831,-0.49301707546874884,0.08835935409721167,-0.5389853401426482,-0.34788231494389615,0.006623067853500142
4.44,0.11011825664000019,-0.48771071999999976,0.08569386607124864,-0.533097605192605,-0.34124009412590056,0.006642220817995592
4.445,0.10769303463328195,-0.48237292546875,0.0830580187441539,-0.5271694654189477,-0.3345799670881894,0.006660127037711183
4.45,0.1052945781250001,-0.47700468749999986,0.080452009022337,-0.5212019443633811,-0.3279031917564496,0.0066767753317397704
4.455,0.10292303681984372,-0.4716070129687502,0.07787602863872069,-0.515196076723261,-0.32121103723829925,0.006692154518150362
4.46,0.10057855535999993,-0.46618092000000005,0.07533026409695621,-0.5091529083528944,-0.31450478382432034,0.006706253413978902
4.465,0.0982612732689061,-0.46072743796874893,0.07281489661563205,-0.503073496264832,-0.3077857229890373,0.006719060835283064
4.47,0.09597132489500093,-0.4552476075000016,0.07033010207247631,-0.4969589086311488,-0.301055157391878,0.006730565597159288
4.4750000000000005,0.09370883935546837,-0.4497424804687491,0.06787605094855274,-0.4908102247847138,-0.2943144008781172,0.0067407565137607706
4.48,0.0914739404799999,-0.4442131199999992,0.06545290827245051,-0.4846285352204473,-0.28756477847976064,0.006749622398356581
4.485,0.08926674675453117,-0.4386606004687494,0.06306083356446769,-0.47841494159656306,-0.2808076264164655,0.006757152063295135
4.49,0.08708737126499932,-0.433086007499999,0.060699980780788705,-0.4721705567357979,-0.27404429209637904,0.006763334320086467
4.495,0.08493592164109365,-0.4274904379687506,0.05837049825765558,-0.46589650462662535,-0.26727613411697404,0.006768157979404998
4.5,0.08281249999999996,-0.421875,0.05607252865553331,-0.45959392042445363,-0.26050452226587884,0.006771611851095205
4.505,0.08071720289015616,-0.4162408129687485,0.05380620890326927,-0.4532639504528076,-0.2537308375216544,0.006773684744224462
4.51,0.07865012123500004,-0.41058900750000193,0.05157167014224681,-0.44690775220449214,-0.24695647205457283,0.0067743654670815445
4.515,0.07661134027671856,-0.4049207254687495,0.049369037670533106,-0.4405264943427405,-0.2401828292273421,0.006773642827230725
4.5200000000000005,0.07460093951999891,-0.399237119999998,0.04719843088702139,-0.4341213567023429,-0.2334113235958657,0.00677150563147641
4.525,0.07261899267578131,-0.3935393554687494,0.04505996323556761,-0.42769353029075735,-0.22664338090990574,0.0067679426859599545
4.53,0.07066556760500087,-0.387828607500002,0.04295374214912159,-0.42124421728920247,-0.21988043811380814,0.0067629427960975985
4.535,0.0687407262623434,-0.38210606296874805,0.04087986899385294,-0.4147746310537307,-0.21312394334713344,0.006756494766674698
4.54,0.06684452464000012,-0.37637292000000006,0.03883843901327152,-0.4082859961162833,-0.20637535594530731,0.006748587401826128
4.545,0.06497701271140666,-0.37063038796875036,0.0368295412723429,-0.4017795481857245,-0.19963614644025213,0.006739209505055188
4.55,0.06313823437499977,-0.36487968750000094,0.03485325860159861,-0.3952565341488583,-0.19290779656099313,0.0067283498792589935
4.555,0.06132822739796884,-0.3591220504687499,0.03290966754124149,-0.38871821207142376,-0.18619179923422233,0.006715997326770806
4.5600000000000005,0.05954702335999973,-0.35335871999999857,0.03099883828524613,-0.38216585119907276,-0.1794896585849064,0.00670214064931593
4.565,0.057794647597031124,-0.34759095046875005,0.029120834625454495,-0.37560073195832655,-0.17280288993680465,0.0066867686481017485
4.57,0.05607111914500007,-0.34182000750000086,0.02727571389566693,-0.3690241459575129,-0.1661330198130166,0.0066698701237880575
4.575,0.0543764506835942,-0.33604716796875,0.02546352691572851,-0.3624373959876841,-0.1594815859364993,0.006651433876517288
4.58,0.05271064847999973,-0.330273720000001,0.023684317935610932,-0.3558417960235159,-0.15285013723058216,0.006631448705917142
4.585,0.05107371233265601,-0.32450096296874875,0.021938124579490008,-0.34923867122418506,-0.14624023381941506,0.006609903411167101
4.59,0.049465635514999384,-0.3187302074999977,0.020224977789818858,-0.34262935793423016,-0.13965344702849178,0.0065867867909232825
4.595,0.0478864047192189,-0.31296277546874907,0.018544901771396904,-0.3360152036843911,-0.13309135938506297,0.0065620876434288045
4.6000000000000005,0.0463359999999996,-0.30719999999999814,0.01689791393543475,-0.3293975671924302,-0.1265555646186086,0.006535794766454384
4.605,0.04481439471828108,-0.30144322546874847,0.015284024843615079,-0.3227778183639345,-0.12004766766124031,0.006507896957368281
4.61,0.04332155548499905,-0.29569380749999824,0.013703238152149579,-0.31615733829309994,-0.11356928464814223,0.006478383013098082
4.615,0.04185744210484332,-0.2899531129687482,0.012155550555832105,-0.30953751926349465,-0.10712204291794158,0.006447241730200642
4.62,0.04042200752000047,-0.2842225200000016,0.01064095173208807,-0.302919764748807,-0.10070758101313476,0.006414461904806823
4.625,0.03901519775390627,-0.27850341796875,0.009159424285020205,-0.296305489413573,-0.0943275486804343,0.006380032332700458
4.63,0.037636951854999934,-0.2727972075000018,0.007710943689450766,-0.2896961191138877,-0.08798360687114612,0.006343941809288184
4.635,0.036287201840469074,-0.2671053004687501,0.00629547823496028,-0.28309309089809725,-0.08167742774150935,0.006306179129636769
4.64,0.03496587264000017,-0.2614291200000025,0.004912988969922904,-0.2764978530074751,-0.07541069465307118,0.00626673308843817
4.6450000000000005,0.033672882039531116,-0.25577010046875087,0.003563429645538508,-0.26991186487687924,-0.06918510217296855,0.006225592480102626
4.65,0.03240814062499986,-0.2501296874999973,0.0022467466598615317,-0.2633365971353952,-0.06300235607428628,0.0061827460986822735
4.655,0.031171551726093538,-0.24450933796874993,0.0009628790018267309,-0.25677353160696015,-0.056864173336365925,0.006138182737920356
4.66,0.02996301135999957,-0.2389105199999989,-0.00028824180472812795,-0.25022416131097175,-0.050772282145072095,0.00609189119129383
4.665,0.02878240817515587,-0.23333471296874964,-0.0015066917570425297,-0.24368999046288034,-0.044728421893121234,0.006043860251950861
4.67,0.027629623395000302,-0.22778340750000084,-0.002692554429416366,-0.23717253447476727,-0.038734343180339526,0.0059940787127817086
4.675,0.026504530761718548,-0.22225810546875024,-0.00384592102919589,-0.23067331995590484,-0.03279180781395244,0.005942535366387086
4.68,0.025406996480000665,-0.21676032000000023,-0.004966890452762408,-0.22419388471330368,-0.02690258880882243,0.005889219005130009
4.6850000000000005,0.024336879160782088,-0.21129157546875066,-0.006055569341523633,-0.21773577775224506,-0.02106847038774104,0.005834118421081391
4.69,0.023294029764999613,-0.20585340749999903,-0.007112072137907617,-0.21130055927679675,-0.01529124798164569,0.00577722240609535
4.695,0.022278291547343065,-0.20044736296874818,-0.008136521141359203,-0.20488980069031704,-0.009572728229860689,0.005718519751785001
4.7,0.021289500000000294,-0.19507499999999994,-0.00912904656433892,-0.19850508459594343,-0.003914728980346449,0.0056579992495142395
4.705,0.020327482796405838,-0.18973788796875157,-0.010089786588324264,-0.192148004797069,0.0016809207100731138,0.005595649690419563
4.71,0.019392059735000133,-0.18443760749999855,-0.011018887419813283,-0.1858201662978036,0.007212380575535748,0.005531459865462635
4.715,0.018483042682969186,-0.1791757504687496,-0.011916503346330405,-0.17952318530342468,0.012677799140859924,0.005465418565324176
4.72,0.017600235519999452,-0.173953920000001,-0.012782796792434473,-0.1732586892208135,0.018075313721395286,0.005397514580535362
4.7250000000000005,0.016743434082031383,-0.1687737304687488,-0.013617938375728868,-0.16702831665887896,0.02340305042282753,0.005327736701432245
4.73,0.015912426104999655,-0.16363680749999931,-0.01442210696287372,-0.16083371742897068,0.028659124140924336,0.005256073718096804
4.735,0.015106991168594375,-0.1585447879687507,-0.015195489725600123,-0.15467655254528045,0.033841638561426746,0.00518251442050241
4.74,0.014326900639999307,-0.15349931999999883,-0.01593828219672627,-0.14855849422522943,0.038948686159802376,0.00510704759837563
4.745,0.013571917617656526,-0.14850206296874974,-0.016650688326175514,-0.14248122588984885,0.04397834820112778,0.005029662041325406
4.75,0.012841796874999978,-0.1435546875,-0.017332920536996244,-0.1364464421641461,0.048928694739859196,0.004950346538731415
4.755,0.012136284804218134,-0.13865887546875086,-0.017985199781383545,-0.13045584887746023,0.05379778461971327,0.004869089879854072
4.76,0.011455119359999322,-0.13381631999999968,-0.0186077555967026,-0.1245111630638112,0.05858366547349245,0.004785880853779179
4.765,0.010798030003281722,-0.12902872546875274,-0.01920082616151377,-0.11861411296223383,0.06328437372291418,0.004700708249421731
4.7700000000000005,0.010164737645001032,-0.12429780750000248,-0.019764658351599303,-0.11276643801710656,0.06789793457847308,0.004613560855558904
4.775,0.009554954589843567,-0.11962529296874891,-0.02029950779599164,-0.10696988887846692,0.07242236203928415,0.004524427460811067
4.78,0.008968384479999258,-0.1150129199999995,-0.020805638933003245,-0.10122622740232154,0.07685565889295339,0.004433296853669236
4.785,0.008404722238906315,-0.11046243796874933,-0.021283325066257967,-0.09553722665094437,0.0811958167154348,0.004340157822481414
4.79,0.00786365401500011,-0.10597560749999815,-0.021732848420723802,-0.08990467089316707,0.08544081587086846,0.004244999155433665
4.795,0.007344857125467952,-0.10155420046875037,-0.022154500198747113,-0.084330355604662,0.08958862551147127,0.004147809640602809
4.8,0.006848000000000409,-0.09719999999999943,-0.022548580636088195,-0.07881608746821606,0.09363720357743274,0.0040485780659614695
4.805,0.006372742124530317,-0.09291480046875052,-0.02291539905795818,-0.07336368437399729,0.09758449679670735,0.003947293219274603
4.8100000000000005,0.005918733984999536,-0.0887004074999993,-0.023255273935057243,-0.06797497541981287,0.10142844068499998,0.0038439438882926363
4.815,0.0054856170110948455,-0.08455863796875179,-0.023568532939614042,-0.0626518009113599,0.10516695954555222,0.003738518860552237
4.82,0.005073023520000719,-0.08049132000000157,-0.023855513001426396,-0.057396012362470626,0.10879796646906546,0.003631006923513244
4.825,0.0046805766601571985,-0.07650029296875119,-0.024116560363903142,-0.052209472495349254,0.11231936333360087,0.0035213968645354116
4.83,0.004307890354999344,-0.07258740750000073,-0.024352030640107145,-0.047094055240800375,0.11572904080442806,0.0034096774708271826
4.835,0.003954569246718664,-0.06875452546875209,-0.024562288868799426,-0.04205164573845614,0.11902487833396753,0.0032958375295394776
4.84,0.003620208639998901,-0.06500351999999765,-0.024747709570484378,-0.03708414033699013,0.12220474416162636,0.0031798658276588204
4.845,0.0033043944457815666,-0.06133627546875005,-0.024908676803456035,-0.03219344659433124,0.1252664953137354,0.003061751152109049
4.8500000000000005,0.0030067031249998433,-0.05775468750000101,-0.02504558421984538,-0.027381483277868945,0.12820797760341487,0.00294148228967947
4.855,0.0027267016323448967,-0.054260662968751205,-0.02515883512166864,-0.022650180364652082,0.13102702563052032,0.0028190480271054474
4.86,0.0024639473600004402,-0.05085611999999884,-0.025248842516876563,-0.018001479041584573,0.1337214627814798,0.002694437150959489
4.865,0.0022179880814064967,-0.04754298796874963,-0.025316029175404625,-0.013437331705612567,0.13628910122925442,0.002567638447774606
4.87,0.001988361894998958,-0.044323207499998324,-0.025360827685224175,-0.008959701963910134,0.13872774193321266,0.0024386407039582447
4.875,0.0017745971679687944,-0.04119873046875,-0.02538368050839446,-0.0045705646340572885,0.14103517463905813,0.0023074327058454636
4.88,0.001576212480000505,-0.038171520000000216,-0.025385040037115537,-0.0002719057442152799,0.1432091778787033,0.0021740032396451725
4.885,0.001392716567031771,-0.03524355046875201,-0.02536536864978201,0.003934277466705696,0.14524751897020777,0.0020383410915044697
4.89,0.001223608264999121,-0.03241680750000029,-0.025325138767037614,0.008045976548879077,0.147147954017686,0.0019004350474782217
4.8950000000000005,0.001068376453593367,-0.029693287968751748,-0.025264832907830603,0.012061171841402537,0.1489082279112236,0.0017602738935376117
4.9,0.0009265000000006074,-0.027075000000002094,-0.0251849437454699,0.01597783247214067,0.15052607432677342,0.0016178464155498229
4.905,0.0007974477026557736,-0.024563962968747435,-0.025085974163682034,0.01979391635757301,0.15199921572607464,0.0014731413993012143
4.91,0.0006806782350003981,-0.02216220749999991,-0.024968437312668814,0.02350737020264365,0.1533253633565895,0.0013261476305148623
4.915,0.0005756400892196201,-0.019871775468749322,-0.024832856665165732,0.02711612950061641,0.15450221725140137,0.001176853894811869
4.92,0.0004817715199998407,-0.017694720000001496,-0.024679766072501066,0.030618118532933256,0.15552746622912605,0.0010252489777246854
4.925,0.0003985004882813836,-0.015633105468748455,-0.024509709820655683,0.0340112503690764,0.15639878789387981,0.0008713216647537603
4.93,0.0003252446049991642,-0.013689007499999663,-0.02432324268632352,0.037293426866432465,0.1571138486351162,0.0007150607412363952
4.9350000000000005,0.0002614110748453413,-0.011864512968750775,-0.02412092999297272,0.0404625386701601,0.15767030362764753,0.0005564549925313189
4.94,0.0002063966399994399,-0.010161719999999264,-0.02390334766690741,0.04351646521306194,0.15806579683144956,0.00039549320380202757
4.945,0.00015958752390687891,-0.00858273796875153,-0.02367108229333012,0.046453074715458155,0.15829796099171836,0.00023216416026880515
4.95,0.00012035937499921268,-0.007129687499997317,-0.02342473117240481,0.0492702241850624,0.1583644176386755,6.645664695714704e-05
4.955,8.807721046932837e-05,-0.005804700468749502,-0.02316490237532049,0.05196575941686349,0.15826277708757194,-0.00010164055110356562
4.96,6.209536000056914e-05,-0.004609919999998624,-0.02289221480035547,0.054537514993004285,0.15799063843856156,-0.0002721386490103783
4.965,4.175740953082929e-05,-0.0035475004687498314,-0.022607298228942124,0.056983314282669485,0.1575455895766549,-0.0004450488619066606
4.97,2.6396144999552007e-05,-0.002619607499998722,-0.022310793381732284,0.05930096944196824,0.15692520717165773,-0.0006203824049971773
4.9750000000000005,1.5333496092728716e-05,-0.0018284179687498181,-0.022003351974663146,0.061488281413827624,0.1561270566780526,-0.0007981504936051265
4.98,7.880480000443946e-06,-0.0011761200000009353,-0.021685636775023744,0.06354303992788062,0.15514869233498113,-0.0009783643430714695
4.985,3.3371451564345733e-06,-0.0006649129687502864,-0.02135832165752194,0.06546302350036132,0.1539876571661121,-0.0011610351688690346
4.99,9.925150002976224e-07,-0.00029700749999932445,-0.021022091660351946,0.06724599943399884,0.1526414829796272,-0.0013461741864848886
4.995,1.245317186038264e-07,-7.462546875132149e-05,-0.02067764304126237,0.06888972381791485,0.15110769036810742,-0.0015337926115197853
5.0,0.0,0.0,-0.020325683333624753,0.07039194152752377,0.1493837887085008,-0.0017239016596066192
5.005,0.0,0.0,-0.019966931402502594,0.07175038622443182,0.14755684781591935,-0.0018269408925814523
5.01,0.0,0.0,-0.019602117500720887,0.07296278035634116,0.14571823742889012,-0.0018386103870292325
5.015,0.0,0.0,-0.019231983324936128,0.07402683515695184,0.14387195815124512,-0.0018462792776449966
5.0200000000000005,0.0,0.0,-0.018857282071706782,0.07494025064586905,0.14202207724146076,-0.0018498809097843572
5.025,0.0,0.0,-0.01847877849356424,0.07570071562850895,0.140172729008026,-0.0018493482334347722
5.03,0.0,0.0,-0.018097248955084196,0.07630590769600845,0.13832811520537378,-0.0018446138026522174
5.035,0.0,0.0,-0.01771345349781668,0.07675909145350288,0.13649250543037444,-0.0018356097749993305
5.04,0.0,0.0,-0.01732810830743186,0.07706903807696458,0.13466908960266608,-0.001823415827708369
5.045,0.0,0.0,-0.016941887204523824,0.07724422058160711,0.13285985434159317,-0.0018092352610729057
5.05,0.0,0.0,-0.016555423021409586,0.07729283662284797,0.1310666348482626,-0.0017932194933305834
5.055,0.0,0.0,-0.016169308871924977,0.0772228298969216,0.12929111727548212,-0.0017755175727804662
5.0600000000000005,0.0,0.0,-0.015784099320781477,0.07704191022869986,0.12753484082744507,-0.001756276448037053
5.065,0.0,0.0,-0.015400311458637454,0.07675757242880452,0.1257991996052153,-0.0017356412222297724
5.07,0.0,0.0,-0.0150184262473766,0.07637704225217086,0.12408544421306272,-0.0017137553921525717
5.075,0.0,0.0,-0.0146388901573378,0.07590721800775975,0.12239469785102626,-0.0016907463620364632
5.08,0.0,0.0,-0.014262116749536344,0.07535468156029118,0.12072797466639965,-0.0016667231846266145
5.085,0.0,0.0,-0.013888488205573892,0.07472570879249062,0.11908618535543207,-0.0016417893109675757
5.09,0.0,0.0,-0.013518356807850516,0.07402627954467526,0.11747014261587965,-0.0016160427395524174
5.095,0.0,0.0,-0.013152046372608221,0.07326208704845902,0.11588056645994804,-0.0015895761559316102
5.1000000000000005,0.0,0.0,-0.012789853638251986,0.07243854687124675,0.11431808939678156,-0.0015624770631664786
5.105,0.0,0.0,-0.012432049606714572,0.07156080630748296,0.11278326149328113,-0.0015348279035004297
5.11,0.0,0.0,-0.012078880835064995,0.07063375432991525,0.11127655513313867,-0.001506706360142468
5.115,0.0,0.0,-0.011730570678719944,0.06966203126901005,0.10979836943920362,-0.0014781856939350413
5.12,0.0,0.0,-0.011387320487578997,0.0686500382281894,0.10834903451522851,-0.0014493349239751152
5.125,0.0,0.0,-0.011049310756365626,0.06760194624267431,0.10692881551174728,-0.0014202190034812295
5.13,0.0,0.0,-0.010716702230416595,0.066521705189806,0.1055379165206368,-0.0013908989911104869
5.135,0.0,0.0,-0.010389636968122729,0.0654130524587732,0.10417648430271209,-0.0013614322179247018
5.14,0.0,0.0,-0.010068239361243124,0.06427952137592104,0.1028446118525099,-0.0013318724502021928
5.1450000000000005,0.0,0.0,-0.009752617114343743,0.0631244493798762,0.1015423418066377,-0.001302270045872203
5.15,0.0,0.0,-0.009442862184589564,0.061950985950835716,0.10026966970257228,-0.0012726721040654115
5.155,0.0,0.0,-0.0091390516830976,0.060762100298392685,0.09902654709287458,-0.0012431226096977083
5.16,0.0,0.0,-0.008841248739036186,0.05956058881228294,0.09781288451968549,-0.0012136625731890838
5.165,0.0,0.0,-0.008549503327634012,0.05834908228043476,0.09662855435426854,-0.0011843301654169552
5.17,0.0,0.0,-0.008263853063240565,0.057130052878689455,0.09547339350626667,-0.0011551608480018655
5.175,0.0,0.0,-0.007984323958557134,0.05590582093668622,0.09434720600724601,-0.0011261874990206588
5.18,0.0,0.0,-0.007710931151134364,0.0546785614845541,0.093249765472975,-0.0010974405342710075
5.1850000000000005,0.0,0.0,-0.0074436795982089935,0.05345031058507413,0.09218081744875628,-0.0010689480242187244
5.19,0.0,0.0,-0.007182564740929057,0.05222297145598734,0.09114008164201792,-0.0010407358067383576
5.195,0.0,0.0,-0.006927573138993407,0.05099832038712991,0.09012725404626315,-0.0010128275957547728
5.2,0.0,0.0,-0.0066786830767080274,0.04977801245707596,0.08914200896036917,-0.000985245085893982
5.205,0.0,0.0,-0.0064358651414382195,0.048563587053961584,0.08818400090711906,-0.000958008053250109
5.21,0.0,0.0,-0.00619908277541247,0.04735647320514992,0.087252866454745,-0.000931134452374055
5.215,0.0,0.0,-0.005968292801810594,0.046157994720375316,0.08634822594515647,-0.0009046405095885363
5.22,0.0,0.0,-0.0057434459260457035,0.044969375152977976,0.08546968513242462,-0.0008785408127318511
5.2250000000000005,0.0,0.0,-0.005524487213126662,0.0437917425838083,0.08461683673499215,-0.0008528483974324652
5.23,0.0,0.0,-0.005311356541964945,0.042626134232343356,0.08378926190497876,-0.0008275748300133889
5.235,0.0,0.0,-0.0051039890374673606,0.04147350089951684,0.0829865316178535,-0.0008027302871252556
5.24,0.0,0.0,-0.004902315481233767,0.0403347112467186,0.08220820798564904,-0.0007783236322044668
5.245,0.0,0.0,-0.004706262701656912,0.03921055591537097,0.08145384549679709,-0.0007543624888519534
5.25,0.0,0.0,-0.004515753944199728,0.03810175149143682,0.08072299218557197,-0.0007308533112251187
5.255,0.0,0.0,-0.004330709222603933,0.03700894431915903,0.08001519073403618,-0.0007078014515357889
5.26,0.0,0.0,-0.004151045651762569,0.03593271416827276,0.07932997950929326,-0.0006852112247429237
5.265,0.0,0.0,-0.003976677762968212,0.03487357775887156,0.07866689353876358,-0.0006630859705296782
5.2700000000000005,0.0,0.0,-0.003807517802227986,0.03383199214804515,0.07802546542611369,-0.0006414281126498889
5.275,0.0,0.0,-0.0036434760123162753,0.03280835798234215,0.0774052262103836,-0.0006202392157300951
5.28,0.0,0.0,-0.0034844608992160553,0.03180302262004401,0.07680570617077473,-0.000599520039608864
5.285,0.0,0.0,-0.003330379483580213,0.03081628312716852,0.07622643557947945,-0.0005792705912952834
5.29,0.0,0.0,-0.003181137537824956,0.029848389151051313,0.07566694540485364,-0.0005594901746258096
5.295,0.0,0.0,-0.0030366398094485393,0.028899545675283328,0.07512676796715669,-0.0005401774376969509
5.3,0.0,0.0,-0.0028967902311499883,0.027969915659710225,0.07460543754900734,-0.0005213304181493489
5.305,0.0,0.0,-0.0027614921183043515,0.02705962256912731,0.07410249096262923,-0.000502946586378103
5.3100000000000005,0.0,0.0,-0.0026306483543332,0.026168752794230272,0.07361746807588902,-0.00048502288674021066
5.315,0.0,0.0,-0.0025041615644916583,0.025297357968308346,0.07314991229905807,-0.00046755577683095517
5.32,0.0,0.0,-0.002381934278576196,0.024445457183092427,0.07269937103416121,-0.0004505412648968532
5.325,0.0,0.0,-0.002263869083040714,0.02361303910709644,0.07226539608870854,-0.0004339749454526781
5.33,0.0,0.0,-0.002149868762992135,0.022800064009715872,0.07184754405554082,-0.0004178520331677149
5.335,0.0,0.0,-0.0020398364345207702,0.022006465694272958,0.07144537666045635,-0.00040216739508447397
5.34,0.0,0.0,-0.0019336756678051505,0.02123215334312396,0.07105846107922445,-0.0003869155812318975
5.345,0.0,0.0,-0.0018312906014158012,0.02047701327786984,0.07068637022553123,-0.0003720908536932188
5.3500000000000005,0.0,0.0,-0.001732586048227611,0.01974091063763805,0.07032868301134439,-0.00035768721418684424
5.355,0.0,0.0,-0.0016374675933359614,0.019023690978329955,0.06998498458112744,-0.0003436984302169488
5.36,0.0,0.0,-0.0015458416843576832,0.018325181795655635,0.069654866521278,-0.0003301180598494352
5.365,0.0,0.0,-0.0014576157144841548,0.01764519397470568,0.06933792704611157,-0.00031693947516643617
5.37,0.0,0.0,-0.0013726980986404642,0.016983523168738104,0.06903377116165976,-0.00030415588445180386
5.375,0.0,0.0,-0.001290998343091526,0.016339951109787674,0.0687420108085019,-0.0002917603531578661
5.38,0.0,0.0,-0.001212427108823351,0.01571424685363497,0.06846226498479918,-0.00027974582370271506
5.385,0.0,0.0,-0.0011368962690153348,0.015106167961603249,0.06819415985065404,-0.00026810513414514403
5.39,0.0,0.0,-0.0010643189609074203,0.014515461621582921,0.06793732881486982,-0.00025683103578422184
5.3950000000000005,0.0,0.0,-0.0009946096323543406,0.013941865710615961,0.06769141260514297,-0.0002459162097268458
5.4,0.0,0.0,-0.0009276840833478096,0.0133851098013062,0.06745605932267516,-0.00023535328246780673
5.405,0.0,0.0,-0.00086345950277653,0.01284491611425593,0.06723092448215175,-0.0002251348405234166
5.41,0.0,0.0,-0.0008018545006832056,0.012321000418664884,0.06701567103799215,-0.00021525344415959657
5.415,0.0,0.0,-0.0007427891362673845,0.011813072883164206,0.06680996939773876,-0.00020570164025339455
5.42,0.0,0.0,-0.0006861849418729055,0.011320838878895807,0.06661349742341245,-0.0001964719743263038
5.425,0.0,0.0,-0.0006319649431889742,0.010843999736786254,0.06642594042162708,-0.00018755700178536838
5.43,0.0,0.0,-0.0005800536758844527,0.01038225346090431,0.06624699112321904,-0.00017894929840804596
5.4350000000000005,0.0,0.0,-0.0005303771988857913,0.009935295399732275,0.06607634965311403,-0.00017064147010500963
5.44,0.0,0.0,-0.00048286310450017364,0.009502818877123518,0.06591372349112055,-0.00016262616199347324
5.445,0.0,0.0,-0.0004374405255768638,0.00908451578466197,0.06575882742430704,-0.00015489606681351464
5.45,0.0,0.0,-0.0003940401398914444,0.008680077137083875,0.06561138349158933,-0.00014744393271770573
5.455,0.0,0.0,-0.0003525941719296053,0.008289193592367825,0.06547112092112521,-0.0001402625704641225
5.46,0.0,0.0,-0.00031303639223937514,0.007911555938046027,0.0653377760610842,-0.0001333448600410181
5.465,0.0,0.0,-0.00027530211451318626,0.007546855545237777,0.06521109230433336,-0.0001266837567508311
5.47,0.0,0.0,-0.00023932819055390902,0.007194784791855449,0.06509082000755305,-0.00012027229678031326
5.4750000000000005,0.0,0.0,-0.00020505300327199066,0.0068550374563836735,0.06497671640527101,-0.00011410360228203409
5.48,0.0,0.0,-0.00017241645785407052,0.006527309083584027,0.06486854551927906,-0.00010817088599195113
5.485,0.0,0.0,-0.00014135997123691877,0.006211297323430351,0.06476607806387194,-0.00010246745540712365
5.49,0.0,0.0,-0.00011182646001425019,0.005906702244533716,0.06466909134732621,-9.698671654573277e-05
5.495,0.0,0.0,-8.376032689789422e-05,0.005613226623271194,0.0645773691700144,-9.172217731180654e-05
5.5,0.0,0.0,-5.7107445848950174e-05,0.005330576209788809,0.06449070171952885,-8.666745048555025e-05
5.505,0.0,0.0,-3.181514598891794e-05,0.005058459972006447,0.06440888546316945,-8.181625635940437e-05
5.51,0.0,0.0,-7.832194395363012e-06,0.0047965903187109854,0.06433172303812999,-7.71624250394537e-05
5.515,0.0,0.0,1.489122211855471e-05,0.004544683302783545,0.06425902313969936,-7.269989843063096e-05
5.5200000000000005,0.0,0.0,3.6403516146392015e-05,0.004302458805567461,0.06419060040777554,-6.842273192382564e-05
5.525,0.0,0.0,5.675171966311899e-05,0.004069640703345394,0.06412627531197379,-6.43250958017455e-05
5.53,0.0,0.0,7.598150474740329e-05,0.0038459570168568598,0.0640658740355935,-6.0401276380295243e-05
5.535,0.0,0.0,9.413720497116027e-05,0.003631140044751396,0.06400922835869254,-5.6645676900959896e-05
5.54,0.0,0.0,0.00011126183738034806,0.003424926481837558,0.06395617554050302,-5.305281818951402e-05
5.545,0.0,0.0,0.00012739712499511768,0.003227057522953921,0.06390655820140777,-4.9617339095253676e-05
5.55,0.0,0.0,0.00014258351976139403,0.0030372789532552716,0.06386022420468301,-4.633399672475391e-05
5.555,0.0,0.0,0.00015686022588976993,0.002855341225675179,0.06381702653819978,-4.319766648323842e-05
5.5600000000000005,0.0,0.0,0.0001702652235212453,0.0026809995262950734,0.0637768231962634,-4.020334193637065e-05
5.565,0.0,0.0,0.00018283529266284487,0.0025140138283199147,0.06373947706175923,-3.734613450417923e-05
5.57,0.0,0.0,0.00019460603733950166,0.0023541489353313587,0.06370485578876015,-3.4621272999080244e-05
5.575,0.0,0.0,0.00020561190991180733,0.0022011745144611336,0.06367283168574141,-3.2024103018737926e-05
5.58,0.0,0.0,0.00021588623551230734,0.002054865120100001,0.0636432815995374,-2.9550086204005455e-05
5.585,0.0,0.0,0.00022546123655596353,0.0019150002087312365,0.06361608680016477,-2.7194799372631806e-05
5.59,0.0,0.0,0.0002343680572832235,0.0017813641454519971,0.06359113286662733,-2.4953933537436024e-05
5.595,0.0,0.0,0.0002426367882968295,0.0016537462027211983,0.06356830957380845,-2.28232928188854e-05
5.6000000000000005,0.0,0.0,0.00025029649105607265,0.0015319405518486322,0.06354751078054899,-2.0798793259460546e-05
5.605,0.0,0.0,0.0002573752222946573,0.0014157462477169301,0.06352863431899927,-1.8876461549716117e-05
5.61,0.0,0.0,0.00026390005833068584,0.0013049672072057094,0.06351158188532713,-1.7052433672143374e-05
5.615,0.0,0.0,0.0002698971192395141,0.0011994121817656505,0.06349625893185569,-1.532295347143886e-05
5.62,0.0,0.0,0.00027539159286236163,0.0010988947245695057,0.06348257456069835,-1.3684371157340891e-05
5.625,0.0,0.0,0.0002804077586255963,0.0010032331526469394,0.06347044141895081,-1.2133141747541765e-05
5.63,0.0,0.0,0.0002849690111475504,0.0009122505043908167,0.06345977559549444,-1.0665823456365575e-05
5.635,0.0,0.0,0.0002890978836115696,0.0008257744928038451,0.06345049651945929,-9.279076035151324e-06
5.64,0.0,0.0,0.00029281607088575234,0.0007436374548365503,0.06344252686038875,-7.969659070544699e-06
5.6450000000000005,0.0,0.0,0.00029614445237150357,0.0006656762971502465,0.06343579243014308,-6.734430245666778e-06
5.65,0.0,0.0,0.0002991031145646136,0.0005917324386220022,0.06343022208657415,-5.5703435689336e-06
5.655,0.0,0.0,0.00030171137331407635,0.0005216517498925525,0.06342574763899801,-4.474447576133245e-06
5.66,0.0,0.0,0.0003039877957652897,0.0004552844902426704,0.06342230375548887,-3.4438835091465947e-06
5.665,0.0,0.0,0.0003059502219756332,0.00039248524206870897,0.06341982787201213,-2.4758834767379945e-06
5.67,0.0,0.0,0.00030761578619170176,0.00033311284321371076,0.06341826010341196,-1.5677686001636104e-06
5.675,0.0,0.0,0.00030900093777868574,0.0002770303173967957,0.06341754315626362,-7.16947148343694e-07
5.68,0.0,0.0,0.0003101214617935376,0.00022410480297037946,0.06341762224359794,7.90873343203824e-08
5.6850000000000005,0.0,0.0,0.00031099249919464814,0.0001742074802221065,0.0634184450015025,8.22757904556104e-07
5.69,0.0,0.0,0.0003116285666817795,0.00012721349742627827,0.06341996140759969,1.5164060971906146e-06
5.695,0.0,0.0,0.000312043576160969,8.30018958378935e-05,0.06342212370140046,2.1622938007753723e-06
5.7,0.0,0.0,0.0003122508538300254,4.145553381127307e-05,0.0634248863065288,2.7626051283397013e-06
5.705,0.0,0.0,0.00031226315888109807,2.4610102145449037e-06,0.06342820575481001,3.3194482812054504e-06
5.71,0.0,0.0,0.0003120927018176031,-3.4091412698993424e-05,0.06343204061221325,3.834857403239855e-06
5.715,0.0,0.0,0.0003117511623835461,-6.830788681140023e-05,0.06343635140663698,4.3107944237286144e-06
5.72,0.0,0.0,0.00031124970710399253,-0.00010029105591070744,0.06344110055752365,4.74915088667649e-06
5.7250000000000005,0.0,0.0,0.0003105990064360987,-0.00013014013357875954,0.06344625230728827,5.151749764620295e-06
5.73,0.0,0.0,0.00030980925153073854,-0.0001579509810720371,0.06345177265454362,5.520347255344449e-06
5.735,0.0,0.0,0.0003088901706053415,-0.00018381618507940967,0.06345762928910391,5.856634560291729e-06
5.74,0.0,0.0,0.0003078510449290984,-0.00020782513524861891,0.06346379152874615,6.162239642240608e-06
5.745,0.0,0.0,0.00030670072442219457,-0.00023006410138076984,0.06347023025770854,6.438728962387952e-06
5.75,0.0,0.0,0.00030544764287119836,-0.0002506163101992438,0.0634769178669026,6.687609194061528e-06
5.755,0.0,0.0,0.00030409983276316697,-0.00026956202160627394,0.0634838281958162,6.910328913603547e-06
5.76,0.0,0.0,0.0003026649397414324,-0.0002869786043469059,0.06349093647608199,7.108280265788469e-06
5.765,0.0,0.0,0.00030115023668640125,-0.0003029406110062306,0.06349821927668656,7.2828006045660976e-06
5.7700000000000005,0.0,0.0,0.0002995626374250427,-0.0003175198522717072,0.06350565445079352,7.435174106965037e-06
5.775,0.0,0.0,0.00029790871007305303,-0.0003307854703979419,0.06351322108415385,7.5666333603230385e-06
5.78,0.0,0.0,0.00029619469001396974,-0.00034280401181665816,0.06352089944507579,7.678360921942184e-06
5.785,0.0,0.0,0.00029442649251977174,-0.0003536394988396047,0.06352867093592643,7.77149085064155e-06
5.79,0.0,0.0,0.0002926097250177367,-0.0003633535004070049,0.06353651804613636,7.847110209929786e-06
5.795,0.0,0.0,0.0002907496990085434,-0.0003720052018386577,0.06354442430667849,7.906260542131505e-06
5.8,0.0,0.0,0.0002888514416407977,-0.00037965147354914743,0.06355237424599207,7.949939313578458e-06
5.805,0.0,0.0,0.0002869197069473341,-0.00038634693869271045,0.06356035334732228,7.97910133021329e-06
5.8100000000000005,0.0,0.0,0.0002849589867487982,-0.0003921440397071791,0.06356834800744597,7.994660123689101e-06
5.815,0.0,0.0,0.0002829735212301478,-0.00039709310373007905,0.06357634549675376,7.997489307784433e-06
5.82,0.0,0.0,0.0002809673091958307,-0.00040124240686342685,0.06358433392065883,7.988423905078146e-06
5.825,0.0,0.0,0.0002789441180094954,-0.0004046382372670571,0.06359230218230245,7.968261643620522e-06
5.83,0.0,0.0,0.0002769074932241786,-0.0004073249570633625,0.0636002399465267,7.937764224238975e-06
5.835,0.0,0.0,0.00027486076790898226,-0.00040934506303926037,0.06360813760508437,7.897658557673437e-06
5.84,0.0,0.0,0.0002728070716783126,-0.0004107392461339338,0.06361598624305692,7.848637972554529e-06
5.845,0.0,0.0,0.00027074933942979534,-0.00041154644970345323,0.06362377760645052,7.791363393599982e-06
5.8500000000000005,0.0,0.0,0.00026869031979701626,-0.00041180392655581046,0.06363150407094133,7.726464490806495e-06
5.855,0.0,0.0,0.0002666325833232554,-0.00041154729475216924,0.06363915861174067,7.654540799345577e-06
5.86,0.0,0.0,0.0002645785303623942,-0.00041081059217224104,0.06364673477455159,7.576162810912779e-06
5.865,0.0,0.0,0.00026253039871317567,-0.00040962632984370363,0.06365422664758788,7.491873036294394e-06
5.87,0.0,0.0,0.0002604902709929886,-0.0004080255440374148,0.0636616288346277,7.402187039817765e-06
5.875,0.0,0.0,0.000258460081757329,-0.00040603784713191875,0.06366893642907358,7.307594445879473e-06
5.88,0.0,0.0,0.0002564416243710673,-0.0004036914772523409,0.06367614498899132,7.208559917745716e-06
5.885,0.0,0.0,0.0002544365576376159,-0.0004010133466902777,0.06368325051310059,7.105524109263239e-06
5.89,0.0,0.0,0.0002524464121920526,-0.00039802908911266147,0.06369024941769029,6.99890458970287e-06
5.8950000000000005,0.0,0.0,0.00025047259666420823,-0.0003947631055688783,0.0636971385144322,6.889096741916068e-06
5.9,0.0,0.0,0.00024851640361767526,-0.0003912386093065923,0.0637039149890669,6.776474634692664e-06
5.905,0.0,0.0,0.00024657901527063607,-0.0003874776694078319,0.06371057638093619,6.661391869292044e-06
5.91,0.0,0.0,0.00024466150900434667,-0.0003835012532578852,0.0637171205633369,6.544182400702869e-06
5.915,0.0,0.0,0.00024276486266504427,-0.0003793292678604815,0.06372354572467133,6.425161334436269e-06
5.92,0.0,0.0,0.00024088995966497646,-0.0003749806000135586,0.06372985035036965,6.304625698325128e-06
5.925,0.0,0.0,0.00023903759388817298,-0.0003704731553606983,0.06373603320556089,6.1828551912307406e-06
5.93,0.0,0.0,0.0002372084744065031,-0.0003658238963339744,0.06374209331846852,6.0601129076298665e-06
5.9350000000000005,0.0,0.0,0.00023540323001148015,-0.00036104887900458905,0.06374802996450799,5.936646039469973e-06
5.94,0.0,0.0,0.0002336224135671889,-0.0003561632888582467,0.0637538426510637,5.81268655570899e-06
5.945,0.0,0.0,0.00023186650618962568,-0.00035118147551264857,0.06375953110292314,5.688451859442445e-06
5.95,0.0,0.0,0.00023013592125765064,-0.0003461169863950048,0.06376509524834685,5.564145423714306e-06
5.955,0.0,0.0,0.00022843100826066184,-0.0003409825993977622,0.06377053520575297,5.439957406122575e-06
5.96,0.0,0.0,0.00022675205648800624,-0.00033579035453112026,0.0637758512709958,5.316065242830237e-06
5.965,0.0,0.0,0.00022509929856505035,-0.00033055158459117663,0.06378104390521822,5.192634222411785e-06
5.97,0.0,0.0,0.00022347291384073662,-0.0003252769448627474,0.06378611372325815,5.069818039937779e-06
5.9750000000000005,0.0,0.0,0.00022187303163135596,-0.0003199764418761303,0.0637910614825902,4.9477593320468305e-06
5.98,0.0,0.0,0.00022029973432517,-0.0003146594612371939,0.06379588807278319,4.8265901929911426e-06
5.985,0.0,0.0,0.00021875306035241845,-0.0003093347945503089,0.06380059450545586,4.706432672668681e-06
5.99,0.0,0.0,0.00021723300702515007,-0.00030401066545367725,0.06380518190471245,4.587399256586466e-06
5.995,0.0,0.0,0.00021573953325121665,-0.0002986947547866847,0.06380965149804115,4.469593328698673e-06
