time_s,desired_position_rad,desired_velocity_rad_s,position_rad,velocity_rad_s,velocity_command_rad_s,command_change_rad_s
0.0,0.0,0.0,-2e-05,-0.004,0.0,0.0
0.005,1.2453171875000003e-07,7.462546875000001e-05,-5.8750000000000005e-05,-0.00775,0.00010062265859375001,0.00010062265859375001
0.01,9.925150000000002e-07,0.0002970075,-0.000115078125,-0.011265625,0.00029871257500000006,0.00019808991640625005
0.015,3.3371451562499998e-06,0.0006649129687500001,-0.00018788574218749998,-0.0145615234375,0.00059207635078125,0.00029336377578125
0.02,7.880480000000002e-06,0.0011761200000000001,-0.00027614288330078126,-0.01765142822265625,0.0009788311109375,0.0003867547601562499
0.025,1.5333496093750004e-05,0.0018284179687500003,-0.00037888395309448246,-0.020548213958740236,0.001457381896972656,0.00047855078603515613
0.03,2.6396144999999996e-05,0.0026196075000000005,-0.0004952037060260773,-0.02326395058631897,0.002026400490472412,0.000569018593499756
0.035,4.175740953125002e-05,0.00354750046875,-0.0006242220298186369,-0.025803664758511927,0.0026848055777866364,0.0006584050873142244
0.04,6.209536000000002e-05,0.00460992,-0.0007650833606944741,-0.02817226617516743,0.003431586949093185,0.0007467813713065486
0.045,8.807721046875e-05,0.00580470046875,-0.0009169558345309523,-0.03037449476729564,0.00426580285581612,0.0008342159067229351
0.05,0.00012035937500000002,0.0071296875000000015,-0.0010790303940304826,-0.03241491189990607,0.005186576047654761,0.0009207731918386411
0.055,0.00015958752390625,0.00858273796875,-0.0012505198617184885,-0.034297893537601154,0.006193089589683664,0.0010065135420289023
0.06,0.00020639663999999998,0.01016172,-0.0014306579875227213,-0.03602762516084656,0.007284582508592443,0.0010914929189087793
0.065,0.0002614110748437501,0.011864512968750001,-0.001618698478721131,-0.03760809823968198,0.008460345311832356,0.0011757628032399133
0.07,0.0003252446050000001,0.013689007500000003,-0.0018139140682980489,-0.039043117915383535,0.009719715418605656,0.0012593701067732995
0.075,0.0003985004882812499,0.01563310546875,-0.0020155956201339665,-0.040336310367183555,0.011062072782896495,0.0013423573642908394
0.08,0.00048177152000000023,0.01769472,-0.0022230512699652474,-0.04149112996625616,0.012486835700669835,0.0014247629177733395
0.085,0.00057564008921875,0.019871775468750005,-0.002435605601185297,-0.042510866244009925,0.013993456795919988,0.001506621095250153
0.09,0.000680678235,0.022162207500000003,-0.0026525988546701584,-0.043398650696972275,0.015581419180926485,0.0015879623850064972
0.095,0.0007974477026562502,0.024563962968750002,-0.0028733861719022684,-0.044157463446421984,0.01725023278663204,0.0016688136057055568
0.1,0.0009265000000000001,0.027075000000000002,-0.0030973368707390573,-0.04479013976735775,0.018999430859511342,0.0017491980728793002
0.105,0.0010683764535937498,0.02969328796875,-0.0033238337531538917,-0.04529937648296686,0.020828566621664032,0.0018291357621526907
0.11,0.001223608265,0.0324168075,-0.0035522724442613395,-0.04568773822148957,0.022737210090769462,0.0019086434691054296
0.115,0.00139271656703125,0.03524355046875001,-0.003782060761925847,-0.04595766353290147,0.024724945056462947,0.001987734965693485
0.12,0.0015762124799999996,0.03817152,-0.004012618116242283,-0.04611147086328722,0.026791366209629235,0.0020664211531662875
0.125,0.0017745971679687502,0.04119873046875,-0.004243374938168119,-0.046151364385167266,0.028936076421055168,0.0021447102114259334
0.13,0.0019883618950000004,0.0443232075,-0.004473772136579993,-0.04607943968237485,0.031158684165840597,0.0022226077447854292
0.135,0.0022179880814062504,0.047542987968750006,-0.0047032605830218555,-0.04589768928837242,0.03345880108993122,0.0023001169240906214
0.14,0.002463947360000001,0.050856120000000005,-0.004931300623407736,-0.045608008077176056,0.035836039715109284,0.002377238625178066
0.145,0.0027267016323437496,0.05426066296875,-0.005157361615939353,-0.04521219850632362,0.038290011278757426,0.0024539715636481413
0.15,0.003006703125,0.057754687500000006,-0.005380921494497236,-0.04471197571157656,0.040820323704696765,0.002530312425939339
0.155,0.0033043944457812504,0.06133627546875001,-0.005601466356763672,-0.04410897245328708,0.04342657970139243,0.0026062559966956653
0.16,0.0036202086400000007,0.06500352000000001,-0.00581849007633663,-0.0434047439145916,0.04610837498381836,0.0026817952824259306
0.165,0.00395456924671875,0.06875452546875001,-0.006031493938095675,-0.042600772351808924,0.0488652966152769,0.0027569216314585407
0.17,0.004307890355000001,0.07258740750000002,-0.006239986296083807,-0.04169847159762654,0.051696921465478385,0.0028316248502014835
0.17500000000000002,0.0046805766601562505,0.07650029296875001,-0.00644348225317307,-0.04069919141785254,0.054602814781200285,0.0029058933157218997
0.18,0.005073023520000001,0.08049132,-0.006641503361786536,-0.039604221722693206,0.05758252886586535,0.002979714084665068
0.185,0.005485617011093749,0.08455863796875002,-0.006833577344954975,-0.03841479663368785,0.06063560186440142,0.0030530729985360702
0.19,0.0059187339850000015,0.08870040750000001,-0.007019237836992943,-0.03713209840759371,0.06376155664977487,0.003125954785373447
0.195,0.006372742124531251,0.09291480046875003,-0.007198024143086265,-0.0357572612186643,0.06695989980762097,0.0031983431578461036
0.2,0.006848000000000002,0.09720000000000002,-0.007369481017090792,-0.03429137480090538,0.07023012071543133,0.003270220907810359
0.20500000000000002,0.0073448571254687515,0.10155420046875002,-0.007533158456850911,-0.03273548795202378,0.07357169071279772,0.0033415699973663865
0.21,0.007863654014999997,0.10597560749999997,-0.00768861151635544,-0.03109061190090571,0.07698406235925453,0.003412371646456816
0.215,0.00840472223890625,0.11046243796875002,-0.00783540013405831,-0.029357723540574015,0.08046666877630845,0.0034826064170539184
0.22,0.00896838448,0.11501292000000002,-0.007973088976701697,-0.02753776852867721,0.08401892307029155,0.0035522542939830926
0.225,0.009554954589843753,0.11962529296875,-0.00810124729798999,-0.025631664257658573,0.08764021783272724,0.003621294762435695
0.23,0.010164737645000001,0.12429780750000002,-0.00821944881147419,-0.023640302696840455,0.09132992471494995,0.0036897068822227125
0.23500000000000001,0.010798030003281252,0.12902872546875002,-0.00832727157701788,-0.02156455310873807,0.0950873940737772,0.003757469358827245
0.24,0.011455119359999998,0.13381632,-0.008424297900227824,-0.019405264641988534,0.09891195468508938,0.003824560611312186
0.245,0.012136284804218748,0.13865887546874997,-0.008510114244244549,-0.017163268803344973,0.10280291352223286,0.0038909588371434795
0.25,0.012841796875,0.1435546875,-0.008584311153300762,-0.01483938181124269,0.10675955559622274,0.00395664207398988
0.255,0.013571917617656255,0.14850206296875,-0.008646483187468235,-0.012434406833494569,0.11078114385478509,0.004021588258562345
0.26,0.014326900640000004,0.15349932,-0.008696228868026819,-0.009949136111716786,0.1148669191373412,0.004085775282556117
0.265,0.015106991168593754,0.15854478796875004,-0.008733150632902436,-0.007384352975123412,0.11901610018310288,0.004149181045761674
0.27,0.015912426105000002,0.16363680750000004,-0.008756854801634236,-0.0047408337463601125,0.12322788368951218,0.0042117835064093
0.275,0.016743434082031255,0.16877373046875002,-0.008766951549344601,-0.0020193495420730524,0.12750144441832745,0.004273560728815268
0.28,0.017600235520000004,0.17395392000000004,-0.00876305488919925,0.0007793320290704351,0.13183593534672303,0.004334490928395579
0.28500000000000003,0.018483042682968753,0.17917575046875003,-0.008744782662858362,0.0036544452681776004,0.13623048786084002,0.004394552514116995
0.29,0.019392059734999998,0.1844376075,-0.00871175653843336,0.006605224885000326,0.1406842119892918,0.004453724128451769
0.295,0.02032748279640625,0.18973788796875002,-0.008663602015477702,0.009630904591131735,0.14519619667419803,0.0045119846849062395
0.3,0.0212895,0.195075,-0.0085999484365538,0.012730715784780511,0.1497655100773885,0.0045693134031904725
0.305,0.02227829154734375,0.20044736296875004,-0.008520429004931914,0.015903886324377194,0.15439119991948774,0.00462568984209924
0.31,0.023294029765,0.20585340750000003,-0.008424680807990545,0.01914963938827381,0.15907229384965957,0.004681093930171826
0.315,0.024336879160781248,0.21129157546875002,-0.0083123448459015,0.022467192417809194,0.16380779984385896,0.0047355059941993904
0.32,0.025406996480000013,0.21676032000000003,-0.008183066065196365,0.025855756141026854,0.16859670662950757,0.004788906785648611
0.325,0.02650453076171875,0.22225810546875002,-0.008036493396824615,0.029314533674350052,0.17343798413457556,0.004841277505067992
0.33,0.027629623395000004,0.22778340750000003,-0.007872279798326916,0.03284271969953995,0.1783305839591231,0.004892599824547539
0.335,0.028782408175156256,0.23333471296875002,-0.007690082299760483,0.03643949971328669,0.18327343986741587,0.00494285590829277
0.34,0.029963011360000003,0.2389105200000001,-0.007489562053026433,0.04010404934680999,0.18826546829880245,0.004992028431386575
0.34500000000000003,0.03117155172609376,0.24450933796875007,-0.007270384384262055,0.04383553375287555,0.19330556889560097,0.005040100596798519
0.35000000000000003,0.032408140625000005,0.25012968750000003,-0.00703221884897373,0.04763310705766505,0.1983926250463103,0.00508705615070934
0.355,0.03367288203953124,0.25577010046875004,-0.00677473928959887,0.051495911874971954,0.20352550444252487,0.005132879396214568
0.36,0.03496587264,0.26142912,-0.006497623895197713,0.0554230788802314,0.20870305964799435,0.005177555205469475
0.365,0.03628720184046875,0.26710530046875,-0.006200555262988061,0.05941372644193043,0.21392412867833233,0.005221069030337977
0.37,0.037636951854999996,0.2727972075,-0.005883220461448136,0.06346696030798493,0.21918753558994028,0.005263406911607954
0.375,0.03901519775390625,0.27850341796875,-0.005545311094724582,0.06758187334471093,0.22449209107677195,0.005304555486831675
0.38,0.04042200752000001,0.28422252,-0.0051865233680942775,0.07175754532606089,0.22983659307362295,0.005344501996850992
0.385,0.04185744210484375,0.28995311296875,-0.004806558154240078,0.07599304277083989,0.23521982736469016,0.005383234291067213
0.39,0.043321555484999996,0.29569380750000007,-0.004405121060111768,0.08028741882566204,0.2406405681962004,0.005420740831510229
0.395,0.04481439471828126,0.3014432254687501,-0.003981922494154498,0.08463971319145393,0.24609757889196515,0.0054570106957647635
0.4,0.04633600000000001,0.3072000000000001,-0.0035366777336977018,0.08904895209135932,0.25158961247077255,0.005492033578807398
0.405,0.047886404719218754,0.3129627754687501,-0.0030691069923079635,0.09351414827794761,0.2571154122645823,0.005525799793809738
0.41000000000000003,0.049465635515,0.3187302075000001,-0.002578935486919577,0.09803430107767733,0.2626737125365398,0.005558300271957528
0.41500000000000004,0.051073712332656264,0.32450096296875003,-0.0020658935045664985,0.10260839647061563,0.2682632390978792,0.005589526561339375
0.42,0.05271064847999999,0.33027371999999994,-0.0015297164685491751,0.10723540720346468,0.2738827099228324,0.005619470824953232
0.425,0.05437645068359375,0.33604716796875,-0.0009701450038791953,0.11191429293399596,0.27953083576071464,0.005648125837882212
0.43,0.056071119144999994,0.34182000749999997,-0.0003869250018539728,0.1166440004050445,0.28520632074439595,0.0056754849836813115
0.435,0.05779464759703125,0.34759095046875005,0.00022019231637735522,0.1214234636462656,0.2909078629944261,0.005701542250030167
0.44,0.05954702336,0.35335872,0.0008514503373868938,0.12625160420190773,0.2966341552181132,0.0057262922236870906
0.445,0.06132822739796876,0.35912205046875,0.0015070869943014237,0.13112733138290594,0.3023838853029093,0.005749730084796123
0.45,0.06313823437500002,0.3648796875,0.0021873347070096804,0.13604954254165136,0.30815573690349296,0.005771851600583633
0.455,0.06497701271140625,0.3706303879687501,0.0028924203238488945,0.1410171233678428,0.3139483900219828,0.0057926531184898655
0.46,0.06684452464,0.3763729200000001,0.0036225650648682812,0.14602894820387738,0.3197605215807555,0.005812131558772693
0.465,0.06874072626234376,0.38210606296875005,0.004377984466759715,0.15108388037828668,0.3255908059873774,0.005830284406621866
0.47000000000000003,0.07066556760500002,0.38782860750000014,0.005158888329538594,0.15618077255577584,0.3314379156912015,0.005847109703824127
0.47500000000000003,0.07261899267578127,0.3935393554687501,0.005965480665050952,0.1613184671024717,0.3373005217312134,0.005862606040011875
0.48,0.07460093951999999,0.39923712000000006,0.006797959647376129,0.1664957964650355,0.3431772942747452,0.005876772543531805
0.485,0.07661134027671876,0.4049207254687501,0.007656517565187853,0.17171158356234473,0.3490669031467131,0.005889608871967933
0.49,0.07865012123499998,0.4105890075,0.00854134077613033,0.1769646421884954,0.3549680183490606,0.0059011152023474844
0.495,0.08071720289015626,0.41624081296875004,0.009452609663259958,0.18225377742592552,0.3608793105701296,0.005911292221069009
0.5,0.08281250000000001,0.421875,0.010390498593597485,0.18757778606750528,0.36679945168370026,0.005920141113570643
0.505,0.08493592164109376,0.42749043796874997,0.01135517587882992,0.19293545704648704,0.37272711523748137,0.005927663553781104
0.51,0.08708737126500005,0.4330860075,0.012346803738196186,0.19832557187325317,0.37866097693085066,0.005933861693369291
0.515,0.08926674675453125,0.43866060046875,0.013365538263585408,0.2037469050778444,0.38459971508167534,0.005938738150824685
0.52,0.09147394048000002,0.44421311999999996,0.014411529386871886,0.20919822465729543,0.390542011082073,0.00594229600039764
0.525,0.09370883935546877,0.44974248046875004,0.015484920849506124,0.21467829252684756,0.39648654984298437,0.005944538760911389
0.53,0.095971324895,0.45524760750000015,0.01658585017437688,0.22018586497415085,0.4024320202274694,0.005945470384485008
0.535,0.09826127326890627,0.46072743796875,0.017714448639954927,0.22571969311560902,0.4083771154726469,0.005945095245177501
0.54,0.10057855536000003,0.46618092000000005,0.018870841256725234,0.23127852335406163,0.41432053360022547,0.0059434181275785924
0.545,0.10292303681984377,0.47160701296875013,0.020055146745910423,0.2368610978370375,0.4202609778155927,0.005940444215367213
0.55,0.10529457812500005,0.47700468749999997,0.021267477520484683,0.2424661549148522,0.4261971568954481,0.0059361790798554415
0.555,0.10769303463328127,0.48237292546875016,0.022507939668473986,0.24809242959786046,0.43212778556398296,0.005930628668534832
0.56,0.11011825664000002,0.48771072000000004,0.02377663293853504,0.253738654012211,0.4380515848576302,0.005923799293647225
0.5650000000000001,0.11257008943421878,0.4930170754687502,0.02507365072780248,0.25940355785348823,0.44396728247841866,0.005915697620788474
0.5700000000000001,0.11504837335500002,0.49829100750000005,0.026399080071990776,0.26508586883765933,0.4498736131359877,0.00590633065756907
0.5750000000000001,0.11755294384765627,0.50353154296875,0.027753001637734677,0.27078431314878015,0.45576931887832745,0.0058957057423397186
0.58,0.12008363151999997,0.50873772,0.02913548971714941,0.2764976158829469,0.4616531494113264,0.005883830532998957
0.585,0.12264026219859375,0.5139085879687499,0.03054661222458947,0.28222450148801165,0.4675238624072217,0.005870712995895311
0.59,0.125222656985,0.5190432075,0.03198643069558253,0.2879636941986128,0.4733802238020527,0.005856361394830978
0.595,0.12783063231203126,0.5241406504687499,0.03345500028791304,0.2937139184661007,0.47922100808224366,0.005840784280190969
0.6,0.13046399999999997,0.5292,0.03495236978482788,0.29947389938296864,0.48504499856043465,0.005823990478190988
0.605,0.13312256731296873,0.53422035046875,0.03647858160033502,0.30524236310142855,0.49085098764070423,0.00580598908026958
0.61,0.135806137015,0.5392008075,0.038033671786564006,0.3110180372457972,0.4966377770733249,0.005786789432620676
0.615,0.13851450742640622,0.54414048796875,0.03961767004315594,0.3167996513183862,0.5024041781992111,0.0057664011258862224
0.62,0.14124747248,0.5490385200000001,0.041230599728649016,0.3225859370986154,0.5081490121842203,0.0057448339850091346
0.625,0.14400482177734375,0.55389404296875,0.04287247787382448,0.32837562903509215,0.5138711102434736,0.005722098059253389
0.63,0.14678634064499999,0.5587062075,0.04454331519697661,0.33416746463042607,0.5195693138558776,0.005698203612403918
0.635,0.1495918101907813,0.5634741754687499,0.046243116121069454,0.33996018481856843,0.5252424749690234,0.005673161113145864
0.64,0.15242100736000008,0.56819712,0.04797187879274191,0.3457525343344907,0.5308894561946531,0.005646981225629677
0.645,0.15527370499171878,0.57287422546875,0.04972959510312209,0.35154326207603576,0.5365091309948843,0.005619674800231178
0.65,0.15814967187499995,0.5775046875000002,0.05151625071041108,0.3573311214577973,0.5421003838593894,0.005591252864505125
0.655,0.16104867280515625,0.5820877129687502,0.053331825064195586,0.3631148707569021,0.5476621104737258,0.005561726614336404
0.66,0.16397046864,0.58662252,0.055176291431448525,0.36889327345058803,0.5531932178790221,0.005531107405296276
0.665,0.16691481635609381,0.5911083379687501,0.057049616924175976,0.37466509854549024,0.5586926246232264,0.005499406744204349
0.67,0.16988146910500004,0.5955444075000002,0.058951762528668794,0.3804291208985629,0.5641592609041203,0.005466636280893833
0.675,0.17287017626953127,0.59992998046875,0.06088268313631671,0.386184121529583,0.5695920687043123,0.005432807800192063
0.68,0.17588068352,0.6042643200000003,0.06284232757594269,0.39192888792519587,0.5749900019184164,0.005397933214104089
0.685,0.1789127328704688,0.6085467004687501,0.06483063864761508,0.397662214334479,0.5803520264726305,0.005362024554214084
0.6900000000000001,0.1819660627350001,0.6127764075000002,0.06684755315789515,0.40338290205601296,0.5856771204369251,0.005325093964294592
0.6950000000000001,0.1850404079839063,0.61695273796875,0.06889300195647746,0.4090897597164638,0.5909642741300558,0.005287153693130708
0.7000000000000001,0.1881355,0.6210750000000002,0.07096690997418093,0.4147816035406923,0.5962124902176127,0.005248216087556878
0.705,0.1912510667348438,0.62514251296875,0.07306919626224802,0.42045725761341857,0.6014207838033143,0.005208293585701629
0.71,0.19438683276499993,0.6291546075000002,0.07519977403291042,0.4261155541324809,0.6065881825137596,0.005167398710445248
0.715,0.19754251934828124,0.6331106254687501,0.07735855070117913,0.43175533365374025,0.6117137265768541,0.0051255440630945115
0.72,0.20071784448000002,0.6370099200000001,0.07954542792781757,0.4373754453276893,0.6167964688941044,0.005082742317250366
0.725,0.20391252294921874,0.6408518554687501,0.08176030166345676,0.4429747471278372,0.6218354751070059,0.005039006212901431
0.73,0.20712626639499998,0.6446358074999999,0.0840030621938115,0.44855210607094814,0.6268298236577161,0.004994348550710237
0.735,0.21035878336265626,0.64836116296875,0.0862735941859576,0.454106398429221,0.6317786058442237,0.004948782186507628
0.74,0.21360977936,0.6520273200000001,0.08857177673563013,0.45963650993450467,0.636680925870212,0.004902320025988227
0.745,0.2168789569135938,0.65563368796875,0.09089748341550338,0.4651413359746515,0.6415359008898183,0.0048549750196063
0.75,0.22016601562500002,0.6591796875,0.09325058232441397,0.47061978178211733,0.6463426610474832,0.004806760157664902
0.755,0.22347065222703125,0.6626647504687503,0.09563093613748858,0.47607076261492287,0.6511003495130864,0.004757688465603205
0.76,0.22679256064000008,0.66608832,0.09803840215713906,0.4814932039300974,0.6558081225125576,0.004707772999471227
0.765,0.23013143202796874,0.6694498504687502,0.10047283236488772,0.4868860415497303,0.6604651493541482,0.004657026841590639
0.77,0.233486954855,0.6727488075,0.10293407347398652,0.4922482218197604,0.6650706124505614,0.004605463096413187
0.775,0.2368588149414063,0.6759846679687499,0.10542196698279471,0.49757870176163904,0.669623707337099,0.004553094886537545
0.78,0.24024669551999997,0.6791569200000003,0.10793634922887974,0.5028764492170043,0.6741236426860263,0.004499935348927342
0.785,0.24365027729234373,0.68226506296875,0.11047705144380729,0.5081404429855094,0.67856964031732,0.004445997631293719
0.79,0.24706923848500006,0.6853086075000002,0.11304389980858703,0.5133696729559499,0.6829609352059639,0.004391294888643871
0.795,0.2505032549057813,0.6882870754687499,0.11563671550974122,0.5185631402308373,0.6872967754859713,0.004335840280007441
0.8,0.25395200000000007,0.6912000000000001,0.11825531479596407,0.52371985724457,0.6915764224512942,0.004279646965322903
0.805,0.25741514490671885,0.6940469254687498,0.12089950903534084,0.5288388478753531,0.695799150553774,0.0042227281024797
0.81,0.260892358515,0.6968274075000003,0.12356910477309595,0.5339191475510201,0.6999642473982957,0.00416509684452171
0.8150000000000001,0.26438330752015626,0.6995410129687502,0.1262639037898405,0.5389598033489138,0.7040710137353015,0.004106766337005796
0.8200000000000001,0.26788765647999996,0.7021873200000004,0.1289837031602904,0.5439598740899795,0.7081187634507973,0.004047749715495819
0.8250000000000001,0.27140506787109386,0.7047659179687499,0.13172829531242655,0.548918430427229,0.7121068235540173,0.003988060103220059
0.8300000000000001,0.2749352021450001,0.7072764074999999,0.13449746808707022,0.553834554928733,0.7160345341628678,0.003927710608850443
0.835,0.2784777177845312,0.7097184004687502,0.1372910047978467,0.558707342155298,0.7199012484873047,0.0038667143244369706
0.84,0.2820322713599999,0.7120915199999998,0.14010868429151163,0.5635358987329854,0.7237063328107661,0.003805084323461383
0.845,0.2855985175854688,0.7143954004687498,0.1429502810086148,0.5683193434206302,0.7274491664697857,0.0037428336590196176
0.85,0.289176109375,0.7166296874999999,0.14581556504447737,0.5730568071725156,0.731129141831926,0.003679975362140264
0.855,0.29276469789890625,0.7187940379687497,0.14870430221045916,0.5777474331963595,0.7347456642721444,0.0036165224402183727
0.86,0.29636393264,0.72088812,0.15161625409549298,0.5823903770067662,0.7382981521477041,0.003552487875559729
0.865,0.29997346144984377,0.7229116129687504,0.15455117812786448,0.5869848064742998,0.7417860367717539,0.0034878846240498085
0.87,0.30359293060500003,0.7248642075000001,0.15750882763721613,0.591529901870329,0.7452087623856778,0.0034227256139238715
0.875,0.3072219848632813,0.72674560546875,0.1604889519167551,0.596024855907795,0.7485657861303258,0.003357023744647969
0.88,0.31086026751999996,0.72855552,0.16349129628564538,0.6004688737780531,0.7518565780162243,0.0032907918858985363
0.885,0.31450742046421876,0.73029367546875,0.16651560215156505,0.6048611731839338,0.7550806208928669,0.0032240428766425744
0.89,0.31816308423500006,0.7319598075,0.1695616070734109,0.6092009843691695,0.7582374104171751,0.003156789524308201
0.895,0.3218268980776563,0.7335536629687498,0.17262904482413255,0.613487550144331,0.7613264550212271,0.003089044604052016
0.9,0.32549850000000013,0.7350749999999997,0.17571764545367963,0.6177201259094152,0.7643472758793379,0.0030208208581108398
0.905,0.32917752682859386,0.73652358796875,0.17882713535204572,0.621897979673222,0.7672994068745711,0.002952130995233171
0.91,0.33286361426500005,0.7378992075000004,0.18195723731239402,0.6260203920696596,0.7701823945647717,0.002882987690200567
0.915,0.3365563969420313,0.7392016504687503,0.18510767059424957,0.63008665637111,0.7729957981481865,0.002813403583414864
0.92,0.34025550847999997,0.7404307200000004,0.18827815098674452,0.6340960784989891,0.775739189428752,0.0027433912805654437
0.925,0.3439605815429688,0.7415862304687502,0.19146839087190268,0.638047977031629,0.7784121527811215,0.0026729633523695506
0.93,0.347671247895,0.7426680075000001,0.19467809928795074,0.6419416832096108,0.7810142851154865,0.002602132334365015
0.935,0.35138713845640646,0.7436758879687498,0.1979069819926441,0.6457765409386708,0.7835451958422786,0.002530910726792013
0.9400000000000001,0.3551078833600001,0.7446097200000005,0.2011547415265956,0.6495519067903021,0.78600450683678,0.0024593109945014735
0.9450000000000001,0.3588331120073439,0.7454693629687501,0.20442107727659645,0.6532671500001699,0.7883918524037415,0.0023873455669615185
0.9500000000000001,0.3625624531250002,0.7462546875,0.20770568553891872,0.6569216524644562,0.7907068792420187,0.002315026838277112
0.9550000000000001,0.36629553482078125,0.74696557546875,0.21100825958258995,0.6605148087342478,0.7929492464093126,0.0022423671672939793
0.96,0.37003198464,0.7476019200000004,0.21432848971263033,0.6640460260080753,0.7951186252870501,0.0021693788777374934
0.965,0.3737714296217188,0.7481636254687505,0.2176660633332439,0.667514724122713,0.7972146995454422,0.002096074258392089
0.97,0.37751349635500003,0.7486506075000001,0.2210206650109556,0.6709203355423421,0.7992371651087806,0.0020224655633384048
0.975,0.3812578110351562,0.7490627929687498,0.2243919765376865,0.6742623053461796,0.801185730121003,0.001948565012222403
0.98,0.3850039995199999,0.7494001199999998,0.22777967699375984,0.6775400912146695,0.803060114911567,0.0018743847905640099
0.985,0.38875168738609367,0.7496625379687507,0.2311834428108315,0.6807531634143347,0.8048600519616691,0.0017999370501020628
0.99,0.39250049998500003,0.7498500075,0.2346029478347384,0.6839010047813794,0.8065852858708427,0.0017252339091735625
0.995,0.39625006249953143,0.7499625004687503,0.23803786338825905,0.6869831107041333,0.8082355733239652,0.0016502874531225675
1.0,0.4,0.75,0.24148785833378117,0.6899989891044238,0.8098106830587048,0.0015751097347396215
1.0050000000000001,0.4037499375004687,0.74996250046875,0.24495259913587097,0.69294816041796,0.8113103958334378,0.0014997127747329309
1.01,0.40749950001500007,0.7498500074999997,0.24843174992374004,0.6958301575738105,0.8127345043956455,0.0014241085622077598
1.0150000000000001,0.4112483126139064,0.7496625379687498,0.2519249725536053,0.6986445259730517,0.8140828134508317,0.0013483090551861254
1.02,0.41499600048000024,0.7494001199999997,0.2554319266709386,0.7013908234666636,0.8153551396319747,0.0012723261811430353
1.025,0.4187421889648437,0.7490627929687506,0.25895226977260233,0.704068620332745,0.8165513114695255,0.0011961718375508301
1.03,0.4224865036449999,0.7486506075,0.2624856572688679,0.7066774992531175,0.8176711693619878,0.0011198578924622726
1.035,0.4262285703782812,0.7481636254687505,0.26603174254531486,0.7092170552893875,0.8187145655470665,0.0010433961850786488
1.04,0.42996801536000007,0.7476019199999997,0.2695901770246075,0.7116868958585286,0.819681364073426,0.0009667985263595025
1.045,0.43370446517921873,0.7469655754687494,0.27316061022814775,0.7140866407080476,0.820571440773056,0.000890076699630038
1.05,0.43743754687500014,0.7462546875,0.2767426898376017,0.7164159218907931,0.821384683234262,0.0008132424612059541
1.055,0.4411668879926561,0.7454693629687505,0.280336061756299,0.7186743837394638,0.8221209907752719,0.0007363075410099507
1.06,0.44489211664,0.7446097200000008,0.28394037017050333,0.7208616828408716,0.8227802744185051,0.0006592836432331994
1.065,0.4486128615435936,0.7436758879687497,0.2875552576105534,0.7229774880100088,0.8233624568654513,0.0005821824469461889
1.07,0.45232875210500006,0.7426680074999998,0.2911803650118733,0.7250214802639724,0.8238674724722334,0.0005050156067820666
1.075,0.4560394184570313,0.7415862304687502,0.29481533177585223,0.7269933527957901,0.8242952672257899,0.00042779475355658736
1.08,0.4597444915200002,0.7404307200000002,0.2984597958305932,0.7288928109481946,0.8246457987207398,0.00035053149494990166
1.085,0.46344360305796856,0.7392016504687503,0.3021133936915301,0.7307195721873869,0.8249190361368769,0.000273237416137051
1.09,0.4671363857349999,0.7378992075000005,0.3057757605219143,0.7324733660768318,0.8251149602173489,0.0001959240804719764
1.095,0.47082247317140635,0.7365235879687502,0.3094465301931699,0.7341539342511205,0.8252335632474603,0.00011860303011146378
1.1,0.47450150000000024,0.7350749999999993,0.3131253353451196,0.7357610303899401,0.8252748490341516,4.12857866912697e-05
1.105,0.4781731019223438,0.7335536629687498,0.3168118074460805,0.7372944201921807,0.825238832886121,-3.601614803061537e-05
1.11,0.48183691576500004,0.7319598075000002,0.3205055768528316,0.7387538813502157,0.8251255415945977,-0.00011329129152326534
1.115,0.4854925795357814,0.7302936754687498,0.3242062728704535,0.740139203524382,0.8249350134147491,-0.0001905281798486591
1.12,0.4891397324799999,0.7285555200000001,0.327913523812042,0.7414501883176924,0.8246672980477321,-0.00026771536701697407
1.125,0.49277801513671876,0.72674560546875,0.331626957058296,0.7426866492508029,0.824322456623384,-0.00034484142434809684
1.1300000000000001,0.4964070693950001,0.7248642075000001,0.33534619911698227,0.7438484117372621,0.8239005616835207,-0.00042189493986333204
1.135,0.5000265385501564,0.7229116129687491,0.3390708756822776,0.7449353130590658,0.8234016971658709,-0.0004988645176497997
1.1400000000000001,0.5036360673599999,0.7208881199999999,0.3428006116939903,0.7459472023425365,0.8228259583886113,-0.0005757387772595823
1.145,0.5072353021010937,0.7187940379687501,0.34653503139666303,0.7468839405345498,0.8221734520355171,-0.0006525063530942177
1.1500000000000001,0.510823890625,0.7166296874999998,0.3502737583985586,0.7477454003791236,0.8214442961416848,-0.0007291558938322673
1.155,0.5144014824145314,0.7143954004687496,0.35401641573053055,0.7485314663943899,0.8206386200798641,-0.0008056760618206926
1.16,0.5179677286399998,0.7120915200000003,0.35776262590478036,0.7492420348499607,0.8197565645473465,-0.0008820555325176338
1.165,0.5215222822154688,0.7097184004687502,0.3615120109735039,0.7498770137447051,0.8187982815534423,-0.0009582829939042137
1.17,0.5250647978549999,0.7072764074999999,0.36526419258742865,0.7504363227849492,0.8177639344074803,-0.0010343471459619558
1.175,0.5285949321289062,0.7047659179687504,0.3690187920542442,0.7509198933631097,0.8166536977073877,-0.0011102367000925817
1.18,0.5321123435200001,0.7021873199999997,0.37277543039692806,0.7513276685367707,0.8154677573287796,-0.0011859403786080858
1.185,0.535616692479844,0.6995410129687493,0.37653372841196914,0.751659603008214,0.8142063104145797,-0.0012614469141999374
1.19,0.5391076414849998,0.6968274074999998,0.3802933067274912,0.7519156631044098,0.8128695653651532,-0.001336745049426491
1.195,0.5425848550932811,0.6940469254687497,0.38405378586127853,0.7520958267574743,0.8114577418289498,-0.0014118235362033937
1.2,0.5460479999999998,0.6912000000000007,0.3878147862787065,0.7522000834855997,0.8099710706936061,-0.0014866711353437312
1.205,0.5494967450942188,0.6882870754687502,0.3915759284505788,0.7522284343744615,0.8084097940775612,-0.001561276616044882
1.21,0.5529307615149998,0.6853086075000001,0.39533683291087435,0.7521808920591064,0.8067741653221048,-0.0016356287554564197
1.215,0.5563497227076564,0.6822650629687499,0.399097120314406,0.7520574807063235,0.80506444898391,-0.0017097163381947222
1.22,0.55975330448,0.6791569199999998,0.4028564114943935,0.7518582359975003,0.8032809208279703,-0.0017835281559397398
1.225,0.5631411850585938,0.6759846679687507,0.4066143275199533,0.751583205111966,0.8014238678210015,-0.0018570530069688118
1.23,0.5665130451449997,0.6727488075000004,0.4103704897535074,0.7512324467108185,0.7994935881252319,-0.0019302796957696433
1.235,0.5698685679720311,0.6694498504687506,0.41412451990811355,0.7508060309212399,0.7974903910926188,-0.002003197032613091
1.24,0.5732074393600002,0.6660883200000005,0.41787604010472,0.750304039321294,0.7954145972594331,-0.0020757938331856796
1.245,0.5765293477729688,0.6626647504687497,0.4216246729293461,0.7497265649252075,0.793266538341244,-0.002148058918189033
1.25,0.579833984375,0.6591796875,0.42537004149019175,0.7490737121691302,0.7910465572282697,-0.0022199811129743896
1.2550000000000001,0.5831210430864066,0.65563368796875,0.4291117694746786,0.7483455968973721,0.788755007981074,-0.0022915492471956567
1.26,0.5863902206399999,0.6520273199999995,0.4328494812064242,0.7475423463491133,0.7863922558266065,-0.0023627521544674623
1.2650000000000001,0.5896412166373436,0.6483611629687499,0.4365828017021521,0.7466640991455824,0.783958677154597,-0.002433578672009551
1.27,0.5928737336050003,0.6446358074999996,0.44031135672854055,0.7457110052776981,0.7814546595142411,-0.0025040176403559045
1.2750000000000001,0.5960874770507812,0.6408518554687505,0.4440347728590114,0.7446832260941697,0.7788806016112035,-0.002574057903037552
1.28,0.5992821555200007,0.6370099199999992,0.44775267753046166,0.7435809342900509,0.7762369133049468,-0.0026436883062567196
1.285,0.6024574806517187,0.6331106254687505,0.45146469909994036,0.7424043138957398,0.773524015606285,-0.002712897698661787
1.29,0.605613167235,0.6291546075,0.45517046690127244,0.741153560266419,0.7707423406752983,-0.0027816749309866884
1.295,0.6087489332651563,0.6251425129687498,0.4588696113016321,0.7398288800719302,0.7678923318194195,-0.0028500088558788272
1.3,0.6118644999999995,0.6210750000000012,0.4625617637580675,0.7384304912870746,0.7649744434918369,-0.002917888327582663
1.305,0.6149595920160937,0.6169527379687502,0.4662465568739792,0.7369586231823326,0.7619891412901312,-0.002985302201705675
1.31,0.6180339372649998,0.6127764075000013,0.4699236244555542,0.735413516314996,0.7589369019551029,-0.003052239335028295
1.315,0.621087267129531,0.6085467004687501,0.4735926015681577,0.7337954225207015,0.7558182133698841,-0.0031186885852187984
1.32,0.6241193164800001,0.6042643200000001,0.4772531245926845,0.7321046049053638,0.7526335745592119,-0.0031846388106722134
1.325,0.6271298237304687,0.5999299804687507,0.48090483128187195,0.7303413378374922,0.7493834956889209,-0.00325007887029094
1.33,0.6301185308950004,0.5955444074999999,0.4845473608165764,0.7285059069408888,0.746068498065642,-0.0033149976232789147
1.335,0.6330851836439066,0.5911083379687491,0.48818035386201497,0.7265986090877165,0.7426891141366512,-0.0033793839289908423
1.34,0.6360295313600002,0.5866225199999999,0.4918034526239746,0.7246197523919281,0.739245887489926,-0.0034432266467251393
1.345,0.6389513271948438,0.58208771296875,0.4954163009049899,0.7225696562030504,0.735739372854346,-0.003506514635580049
1.35,0.6418503281249999,0.5775046874999997,0.49901854416049146,0.7204486511003104,0.7321701361000499,-0.003569236754296101
1.355,0.6447262950082815,0.57287422546875,0.502609829554927,0.7182570788870986,0.7285387542389501,-0.0036313818610997917
1.36,0.6475789926399995,0.5681971200000014,0.5061898060178557,0.7159952925857576,0.7248458154253629,-0.003692938813587232
1.365,0.6504081898092186,0.5634741754687497,0.5097581243000191,0.7136636564326884,0.7210919189568143,-0.003753896468548512
1.37,0.6532136593550002,0.5587062074999999,0.513314437029388,0.7112625458737657,0.7172776752749055,-0.0038142436819088577
1.375,0.6559951782226563,0.55389404296875,0.5168583987671882,0.7087923475600519,0.7134037059663417,-0.0038739693085637628
1.3800000000000001,0.6587525275200006,0.5490385199999999,0.5203896660639072,0.7062534593438018,0.7094706437640619,-0.003933062202279847
1.385,0.6614854925735936,0.5441404879687511,0.523907897515281,0.7036462902747486,0.7054791325484316,-0.003991511215630239
1.3900000000000001,0.6641938629850002,0.5392008074999997,0.5274127538182644,0.7009712605966619,0.7014298273485958,-0.004049305199835818
1.395,0.6668774326870314,0.5342203504687507,0.5309038978269852,0.6982288017441715,0.6973233943438351,-0.004106433004760768
1.4000000000000001,0.6695359999999998,0.5292000000000002,0.5343809946086844,0.6954193563398423,0.6931605108650729,-0.004162883478762147
1.405,0.6721693676879689,0.5241406504687497,0.5378437114996418,0.6925433781914985,0.6889418653964224,-0.004218645468650473
1.41,0.6747773430150004,0.5190432074999997,0.5412917181610908,0.6896013322897837,0.6846681575767927,-0.004273707819629768
1.415,0.6773597378014066,0.5139085879687496,0.5447246866351205,0.6865936948059492,0.6803400982015789,-0.004328059375213744
1.42,0.6799163684799997,0.5087377200000006,0.5481422914005698,0.6835209530898646,0.6759584092243959,-0.004381688977183051
1.425,0.6824470561523436,0.5035315429687508,0.551544209428911,0.6803836056682377,0.6715238237588689,-0.004434585465526997
1.43,0.684951626645,0.49829100750000066,0.5549301202401262,0.67718216224304,0.6670370860804448,-0.004486737678424113
1.435,0.6874299105657813,0.4930170754687492,0.5582997059585768,0.6739171436901263,0.6624989516282753,-0.00453813445216944
1.44,0.6898817433600004,0.4877107200000005,0.561652651368867,0.670589082058043,0.657910187007118,-0.004588764621157315
1.445,0.6923069653667183,0.48237292546874927,0.5649886439717021,0.667198520567014,0.6532715699892566,-0.004638617017861391
1.45,0.694705421875,0.4770046875000006,0.5683073740397426,0.6637460136081004,0.6485838895164892,-0.004687680472767464
1.455,0.6970769631801563,0.4716070129687502,0.5716085346734553,0.6602321267425234,0.6438479457020685,-0.004735943814420662
1.46,0.6994214446400001,0.46618092000000005,0.574891821856961,0.6566574367011435,0.6390645498327241,-0.004783395869344398
1.465,0.7017387267310933,0.4607274379687503,0.5781569345138814,0.6530225313840893,0.6342345243706615,-0.0048300254620625704
1.47,0.7040286751050001,0.45524760750000015,0.581403574563184,0.6493280098605285,0.6293587029555936,-0.004875821415067927
1.475,0.7062911606445317,0.4497424804687491,0.5846314469750269,0.6455744823685741,0.6244379304067382,-0.004920772548855368
1.48,0.70852605952,0.4442131199999999,0.5878402598266035,0.6417625703153188,0.6194730627248657,-0.004964867681872542
1.485,0.7107332532454689,0.4386606004687515,0.5910297243579884,0.6378929062769907,0.614464967094327,-0.0050080956305387225
1.49,0.7129126287350005,0.4330860074999997,0.5941995550279845,0.6339661339992241,0.6094145218850605,-0.005050445209266452
1.495,0.7150640783589064,0.4274904379687506,0.5973494695699717,0.6299829083974389,0.6043226166546095,-0.005091905230450999
1.5,0.7171875000000001,0.421875,0.6004791890477583,0.6259438955573235,0.5991901521501419,-0.005132464504467582
1.5050000000000001,0.7192827971098436,0.41624081296874993,0.6035884379114353,0.621849772735412,0.5940180403104262,-0.005172111839715776
1.51,0.721349878765,0.4105890075000012,0.6066769440532341,0.6177012283597528,0.5888072042678233,-0.005210836042602862
1.5150000000000001,0.7233886597232818,0.4049207254687488,0.6097444388633875,0.6134989620306637,0.5835585783502384,-0.005248625917584904
1.52,0.7253990604800006,0.3992371199999994,0.6127906572859952,0.6092436845215635,0.5782731080830655,-0.005285470267172854
1.5250000000000001,0.7273810073242184,0.3935393554687508,0.6158153378748946,0.6049361177798789,0.5729517501911158,-0.005321357891949763
1.53,0.729334432395,0.3878286075000006,0.6188182228495347,0.6005769949280203,0.5675954726005267,-0.005356277590589098
1.5350000000000001,0.7312592737376566,0.38210606296874805,0.6217990581508568,0.5961670602644207,0.5622052544406098,-0.005390218159916915
1.54,0.7331554753599999,0.37637292000000006,0.62475759349718,0.5917070692646333,0.5567820860457157,-0.005423168394894096
1.545,0.7350229872885934,0.37063038796875036,0.6276935824400924,0.5871977885824836,0.5513269689570671,-0.005455117088648542
1.55,0.7368617656250003,0.36487968749999883,0.6306067824203487,0.58263999605127,0.5458409159245392,-0.0054860530325279155
1.555,0.7386717726020312,0.3591220504687499,0.6334969548237738,0.5780344806850104,0.5403249509084124,-0.005515965016126834
1.56,0.7404529766399993,0.3533587200000014,0.6363638650371725,0.5733820426797301,0.5347801090811277,-0.005544841827284652
1.565,0.7422053524029691,0.3475909504687493,0.6392072825042464,0.5686834934147851,0.5292074368289834,-0.005572672252144306
1.57,0.7439288808549996,0.3418200075000002,0.6420269807815175,0.5639396554542182,0.5236079917537662,-0.0055994450752172575
1.575,0.7456235493164063,0.33604716796875,0.6448227375942582,0.5591513625481462,0.5179828426744437,-0.0056251490793224335
1.58,0.7472893515200003,0.330273720000001,0.6475943348924291,0.5543194596341708,0.5123330696287104,-0.005649773045733331
1.585,0.748926287667344,0.32450096296874875,0.6503415589066232,0.5494448028388109,0.5066597638745746,-0.005673305754135827
1.59,0.7505343644850003,0.31873020749999914,0.6530642002040179,0.5445282594789557,0.5009640278918859,-0.005695735982688688
1.595,0.7521135952807815,0.3129627754687505,0.6557620537443346,0.5395707080633324,0.4952469753838179,-0.005717052508067977
1.6,0.7536640000000004,0.3071999999999996,0.6584349189358045,0.5345730382939845,0.4895097312783292,-0.0057372441054887036
1.605,0.7551856052817186,0.30144322546875063,0.6610825996911434,0.5295361510677632,0.4837534317295705,-0.00575629954875867
1.61,0.7566784445150007,0.29569380749999896,0.6637049044835325,0.5244609584778224,0.4779792241192865,-0.005774207610284021
1.615,0.758142557895156,0.2899531129687496,0.666301646402608,0.5193483838151194,0.4721882670581179,-0.005790957061168611
1.62,0.7595779924799996,0.2842225200000016,0.6688726432104576,0.5141993615699173,0.46638173038695774,-0.005806536671160156
1.625,0.7609848022460938,0.27850341796875,0.671417717397624,0.5090148374332861,0.46056079517818094,-0.005820935208776801
1.6300000000000001,0.7623630481449997,0.2727972075000011,0.673936696239117,0.5037957682986013,0.45472665373687826,-0.005834141441302676
1.635,0.763712798159531,0.26710530046874864,0.6764294118504321,0.4985431222630369,0.4488805096020698,-0.00584614413480844
1.6400000000000001,0.7650341273599992,0.2614291200000018,0.6788957012435775,0.49325787862905246,0.4430235775478353,-0.005856932054234543
1.645,0.7663271179604685,0.2557701004687495,0.6813354063831067,0.4879410279058691,0.43715708358445515,-0.005866493963380126
1.6500000000000001,0.7675918593750002,0.2501296874999987,0.6837483742421614,0.4825935718109371,0.4312822649594672,-0.005874818624987954
1.655,0.7688284482739057,0.24450933796875135,0.6861344568585184,0.47721652327138986,0.4254003701587217,-0.005881894800745524
1.6600000000000001,0.7700369886400005,0.2389105199999989,0.6884935113906457,0.4718109064254829,0.4195126589074105,-0.005887711251311156
1.665,0.7712175918248442,0.23333471296874964,0.6908254001737658,0.4663777566240196,0.41362040217099216,-0.005892256736418355
1.67,0.7723703766049997,0.22778340750000084,0.6931299907759246,0.46091812043175806,0.40772488215616964,-0.0058955200148225195
1.675,0.7734954692382807,0.22225810546874955,0.6954071560540687,0.45543305562880165,0.40182739231178044,-0.005897489844389203
1.68,0.7745930035199994,0.2167603199999995,0.6976567742101285,0.44992363121196827,0.39592923732965357,-0.005898154982126869
1.685,0.7756631208392183,0.21129157546875066,0.6998787288471092,0.44439092739614033,0.3900317331454489,-0.005897504184204649
1.69,0.7767059702350004,0.2058534074999983,0.7020729090251872,0.4388360356155947,0.38413620693945605,-0.005895526205992874
1.695,0.7777217084526566,0.20044736296874888,0.7042392093178137,0.433260058525307,0.37824399713734747,-0.005892209802108583
1.7,0.7787105000000004,0.19507499999999922,0.7063775298678249,0.4276641100022359,0.3723564534109336,-0.005887543726413869
1.705,0.7796725172035942,0.18973788796875157,0.7084877764435578,0.42204931514658245,0.3664749366788467,-0.005881516732086922
1.71,0.7806079402649999,0.18443760749999855,0.7105698604949728,0.4164168102830244,0.36060081910721076,-0.005874117571635917
1.715,0.7815169573170316,0.1791757504687496,0.7126236992097824,0.4107677429619259,0.354735484110294,-0.005865334996916771
1.72,0.7823997644800003,0.1739539199999996,0.714649215569585,0.40510327196052154,0.34888032635108923,-0.005855157759204754
1.725,0.7832565659179693,0.1687737304687488,0.7166463384060054,0.39942456728407316,0.3430367517419214,-0.005843574609167845
1.73,0.7840875738950001,0.16363680750000215,0.7186150024568404,0.39373281016700196,0.33720617744497305,-0.005830574296948332
1.735,0.7848930088314057,0.1585447879687507,0.7205551484222104,0.38802919307399225,0.33139003187282634,-0.005816145572146714
1.74,0.7856730993600003,0.15349932000000024,0.7224667230207157,0.3823149197010684,0.3255897546889497,-0.0058002771838766565
1.745,0.7864280823823435,0.14850206296874974,0.7243496790455989,0.376591204976645,0.31980679680813917,-0.005782957880810513
1.75,0.7871582031250001,0.1435546875,0.7262039754209116,0.3708592750625478,0.3140426203970059,-0.005764176411133248
1.7550000000000001,0.7878637151957822,0.13865887546874944,0.7280295772576867,0.36512036735500863,0.308298698874353,-0.005743921522652906
1.76,0.7885448806399993,0.13381631999999968,0.7298264559101149,0.35937573048563143,0.30257651691156295,-0.005722181962790063
1.7650000000000001,0.7892019699967193,0.12902872546874988,0.7315945890317265,0.3536266243223311,0.2968775704330223,-0.005698946478540634
1.77,0.7898352623549993,0.12429780749999964,0.7333339606315777,0.34787431997024476,0.29120336661636437,-0.005674203816657952
1.7750000000000001,0.7904450454101565,0.11962529296875175,0.7350445611304408,0.34212009977261315,0.2855554238928937,-0.005647942723470689
1.78,0.7910316155200008,0.1150129199999995,0.736726387416999,0.3363652573116377,0.2799352719477999,-0.005620151945093799
1.7850000000000001,0.7915952777610937,0.11046243796874933,0.7383794429040456,0.3306110974093074,0.2743444517204735,-0.005590820227326376
1.79,0.7921363459849999,0.10597560749999815,0.7400037375846865,0.3248589361281984,0.2687845154047719,-0.005559936315701619
1.795,0.7926551428745321,0.10155420046875037,0.7415992880885478,0.3191101007722499,0.2632570264492279,-0.005527488955544002
1.8,0.7931520000000014,0.09719999999999658,0.7431661177379854,0.31336592988750706,0.25776355955726804,-0.005493466891959842
1.805,0.793627257875469,0.09291480046875052,0.7447042566042996,0.30762777326284374,0.252305700687418,-0.005457858869850063
1.81,0.794081266015001,0.0887004074999993,0.7462137415639529,0.3018969919306535,0.24688504705350667,-0.00542065363391131
1.815,0.7945143829889063,0.08455863796874895,0.7476946163547905,0.29617495816751727,0.24150320712476692,-0.005381839928739751
1.82,0.7949269764800001,0.08049132000000157,0.7491469316322648,0.2904630554948457,0.23616180062604797,-0.005341406498718948
1.825,0.7953194233398438,0.07650029296874977,0.7505707450256622,0.28476267867949456,0.23086245853789544,-0.0052993420881525255
1.83,0.7956921096450007,0.07258740750000073,0.751966121194334,0.2790752337343554,0.22560682309669233,-0.00525563544120311
1.835,0.7960454307532814,0.06875452546875209,0.7533331318839287,0.2734021379189218,0.22039654779473672,-0.005210275301955614
1.84,0.7963797913599997,0.06500352000000191,0.7546718559826279,0.2677448197398334,0.21523329738035502,-0.005163250414381704
1.845,0.7966956055542177,0.06133627546875147,0.7559823795773848,0.26210471895139176,0.21011874785794915,-0.005114549522405865
1.85,0.7969932968750002,0.05775468750000101,0.757264796010165,0.2564832865560578,0.20505458648807706,-0.005064161369872089
1.855,0.7972732983676573,0.05426066296874837,0.7585192059341896,0.25088198480492263,0.20004251178746102,-0.005012074700616043
1.86,0.7975360526399996,0.05085612000000026,0.7597457173701805,0.24530228719815825,0.1950842335290498,-0.0049582782584112195
1.865,0.7977820119185943,0.04754298796875105,0.7609444457626077,0.2397456784854444,0.1901814727420692,-0.004902760786980598
1.87,0.7980116381050011,0.044323207499998324,0.7621155140359396,0.2342136546663763,0.1853359617119671,-0.004845511030102112
1.875,0.7982254028320312,0.04119873046875,0.7632590526508938,0.2287077229908496,0.18054944398045836,-0.004786517731508733
1.8800000000000001,0.7984237875200009,0.03817152000000164,0.7643751996606909,0.2232294019594263,0.17582367434553547,-0.004725769634922883
1.885,0.798607283432969,0.03524355046874916,0.7654641007673093,0.21778022132367847,0.17116041886139077,-0.004663255484144702
1.8900000000000001,0.7987763917350009,0.03241680750000029,0.7665259093777419,0.2123617220865142,0.16656145483845808,-0.0045989640229326945
1.895,0.7989316235464067,0.029693287968748906,0.7675607866602543,0.2069754565024864,0.1620285708433239,-0.004532883995134185
1.9000000000000001,0.7990735000000015,0.027074999999999252,0.7685689016006447,0.20162298807807894,0.15756356669873628,-0.004465004144587614
1.905,0.7992025522973428,0.024563962968748854,0.7695504310585046,0.19630589157197764,0.1531682534834905,-0.0043953132152457774
1.9100000000000001,0.7993193217649996,0.02216220749999991,0.7705055598234812,0.191025752995325,0.1488444535324751,-0.004323799951015395
1.915,0.7994243599107804,0.019871775468749322,0.771434480671541,0.18578416961195413,0.14459400043649595,-0.0042504530959791564
1.92,0.7995182284800002,0.017694720000001496,0.7723373944212341,0.18058274993861062,0.14041873904229618,-0.00417526139419977
1.925,0.7996014995117187,0.01563310546875272,0.7732145099899599,0.1754231137451552,0.136320525452423,-0.0040982135898731675
1.93,0.7996747553950002,0.013689007500002504,0.7740660444502336,0.17030689205475402,0.13230122702520164,-0.004019298427221374
1.935,0.7997385889251561,0.011864512968749352,0.7748922230859538,0.16523572714405005,0.12836272237461255,-0.003938504650589092
1.94,0.7997936033599999,0.010161720000000686,0.7756932794486705,0.16021127254332662,0.12450690137023046,-0.0038558210043820873
1.945,0.7998404124760953,0.008582737968748689,0.7764694554138537,0.1552351930366497,0.12073566513712386,-0.0037712362331066007
1.95,0.7998796406249995,0.007129687499998739,0.7772210012371638,0.15030916466200261,0.11705092605572898,-0.0036847390813948833
1.955,0.7999119227895307,0.005804700468749502,0.7779481756107208,0.1454348747114039,0.1134546077618348,-0.003596318293894174
1.96,0.7999379046399995,0.004609919999998624,0.7786512457193759,0.14061402173101625,0.10994864514639324,-0.00350596261544156
1.965,0.7999582425904692,0.0035475004687498314,0.7793304872969822,0.13584831552124102,0.10653498435546638,-0.0034136607909268646
1.97,0.7999736038549984,0.0026196075000044063,0.7799861846826662,0.13113947713680285,0.10321558279008103,-0.0033194015653853493
1.975,0.7999846665039044,0.0018284179687512393,0.7806186308771004,0.12648923888682292,0.099992409106191,-0.003223173683890024
1.98,0.7999921195200003,0.0011761199999995144,0.7812281275987748,0.12189934433487955,0.09686744321449947,-0.0031249658916915335
1.985,0.7999966628548443,0.0006649129687502864,0.7818149853402702,0.11737154829906425,0.09384267628034737,-0.003024766934152101
1.99,0.7999990074850019,0.0002970075000007455,0.7823795234245303,0.11290761685202232,0.09092011072365846,-0.0029225655566889053
1.995,0.7999998754682814,7.462546875132149e-05,0.7829220700611352,0.10850932732098757,0.0881017602187556,-0.0028183505049028668
2.0,0.8,0.0,0.7834429624025743,0.10417846828780591,0.08538964969432405,-0.0027121105244315435
2.005,0.8,0.0,0.7839425466005191,0.09991683958895498,0.08278518798712886,-0.0026044617071951937
2.0100000000000002,0.8,0.0,0.7844211778620969,0.09572625231555151,0.08028726699740474,-0.002497920989724123
2.015,0.8,0.0,0.7848792205061637,0.09160852881335126,0.0778941106895159,-0.002393156307888833
2.02,0.8,0.0,0.7853170480195774,0.08756550268274546,0.07560389746918195,-0.0022902132203339587
2.025,0.8,0.0,0.7857350431134711,0.08359901877874609,0.07341475990211344,-0.002189137567068511
2.0300000000000002,0.8,0.0,0.786133597779526,0.07971093321096971,0.07132478443264478,-0.0020899754694686523
2.035,0.8,0.0,0.7865131131501983,0.07590307413447966,0.06933201110237042,-0.0019927733302743666
2.04,0.8,0.0,0.7868739985811404,0.07217708618841248,0.06743443424900852,-0.001897576853361893
2.045,0.8,0.0,0.787216670582239,0.06853440021973145,0.06563000709429834,-0.0018044271547101864
2.05,0.8,0.0,0.7875415518012281,0.0649762437978221,0.06391664708880529,-0.0017133600054930476
2.055,0.8,0.0,0.7878490700564998,0.06150365105434031,0.06229224099385977,-0.0016244060949455186
2.06,0.8,0.0,0.7881396574159523,0.058117471890484336,0.060754649717501,-0.001537591276358774
2.065,0.8,0.0,0.7884137493189084,0.05481838059122721,0.05930171292023889,-0.0014529367972621055
2.07,0.8,0.0,0.7886717837386326,0.05160688394483855,0.05793125340545824,-0.001370459514780653
2.075,0.8,0.0,0.788914200384341,0.048483329141679785,0.056641081306837426,-0.001290172098620812
2.08,0.8,0.0,0.7891414399419079,0.04544791151337513,0.055428998078295155,-0.0012120832285422711
2.085,0.8,0.0,0.7893539433524374,0.042500682105905414,0.054292800290460796,-0.0011361977878343588
2.09,0.8,0.0,0.7895521511278455,0.039641555081630135,0.053230283237813425,-0.0010625170526473715
2.095,0.8,0.0,0.7897365027025782,0.03687031494654318,0.05223924436077276,-0.000991038877040662
2.1,0.8,0.0,0.7899074358205793,0.03418662360022537,0.0513174864871091,-0.0009217578736636645
2.105,0.8,0.0,0.7900653859566138,0.031590027206888624,0.05046282089710363,-0.0008546655900054656
2.11,0.8,0.0,0.7902107857710455,0.02907996288635153,0.04967307021693124,-0.0007897506801723964
2.115,0.8,0.0,0.7903440645971661,0.026655765224108362,0.04894607114477256,-0.0007269990721586739
2.12,0.8,0.0,0.7904656479601659,0.02431667259996493,0.048279677014169686,-0.0006663941306028764
2.125,0.8,0.0,0.790575957126841,0.022061833335015418,0.04767176019917052,-0.0006079168149991654
2.13,0.8,0.0,0.7906754086851261,0.01989031165702127,0.047120214365795055,-0.0005515458333754664
2.1350000000000002,0.8,0.0,0.7907644141525487,0.01780109348452642,0.04662295657436977,-0.0004972577914252874
2.14,0.8,0.0,0.7908433796127002,0.01579309203030172,0.04617792923725661,-0.00044502733711315745
2.145,0.8,0.0,0.790912705378825,0.013865153224956149,0.04578310193649904,-0.000394827300757572
2.15,0.8,0.0,0.7909727856836338,0.012016060961781995,0.0454364731058754,-0.0003466288306236409
2.1550000000000002,0.8,0.0,0.7910240083944544,0.010244542164118776,0.04513607158183108,-0.00030040152404431364
2.16,0.8,0.0,0.791066754752838,0.008549271676723544,0.04487995802772815,-0.00025611355410293246
2.165,0.8,0.0,0.7911013991377522,0.006928876982826433,0.04466622623580996,-0.00021373179191819247
2.17,0.8,0.0,0.7911283088514959,0.005381942748728319,0.04449300431123904,-0.000173221924570921
2.1750000000000003,0.8,0.0,0.7911478439274857,0.003907015197963989,0.04435845574252084,-0.00013454856871819576
2.18,0.8,0.0,0.7911603569590717,0.002502606317208451,0.04426078036257164,-9.76753799492025e-05
2.185,0.8,0.0,0.791166192948553,0.0011671978962473654,0.04419821520464162,-6.256515793001682e-05
2.19,0.8,0.0,0.7911656891755753,-0.00010075459553508543,0.04416903525723548,-2.9179947406143825e-05
2.195,0.8,0.0,0.7911591750841074,-0.0013028182935760203,0.04417155412212381,2.5188648883345266e-06
2.2,0.8,0.0,0.7911469721872035,-0.0024405793807750794,0.04420412457946332,3.257045733950914e-05
2.205,0.8,0.0,0.7911293939887757,-0.003515639685569085,0.04426513906398255,6.101448451922842e-05
2.21,0.8,0.0,0.7911067459216129,-0.00452961343256029,0.04435303005612179,8.789099213923901e-05
2.215,0.8,0.0,0.7910793253008992,-0.005484124142735171,0.044466270391935736,0.00011324033581394666
2.22,0.8,0.0,0.791047421292498,-0.006380801680237006,0.04460337349550425,0.0001371031035685144
2.225,0.8,0.0,0.7910113148952851,-0.007221279442589455,0.04476289353750995,0.0001595200420057008
2.23,0.8,0.0,0.7909712789368291,-0.008007191691211156,0.044943425523574776,0.00018053198606482468
2.235,0.8,0.0,0.790927578081734,-0.00874017101901155,0.04514360531585493,0.00020017979228015292
2.24,0.8,0.0,0.7908804688519749,-0.009421845951815718,0.04536210959133036,0.0002185042754754285
2.245,0.8,0.0,0.7908301996585733,-0.010053838680331252,0.04559765574012553,0.00023554614879517377
2.25,0.8,0.0,0.7907770108439766,-0.010637762919341534,0.04584900170713391,0.0002513459670083762
2.255,0.8,0.0,0.7907211347345227,-0.011175221890788317,0.04611494578011743,0.00026594407298352607
2.2600000000000002,0.8,0.0,0.7906627957023857,-0.011667806427390624,0.04639432632738694,0.00027938054726950323
2.265,0.8,0.0,0.7906022102364185,-0.012117093193437777,0.04668602148807155,0.000291695160684613
2.27,0.8,0.0,0.7905395870213215,-0.01252464301938977,0.046988948817907605,0.00030292732983605575
2.275,0.8,0.0,0.790475127024587,-0.012891999346920063,0.047302064893392504,0.0003131160754848983
2.2800000000000002,0.8,0.0,0.7904090235906818,-0.01322068678104169,0.04762436487706523,0.0003222999836727247
2.285,0.8,0.0,0.7903414625419519,-0.013512209745969245,0.047954882046591374,0.0003305171695261455
2.29,0.8,0.0,0.790272622285745,-0.013768051241384485,0.04829268729024061,0.00033780524364923625
2.295,0.8,0.0,0.7902026739272661,-0.013989671695793484,0.04863688857127513,0.0003442012810345174
2.3000000000000003,0.8,0.0,0.7901317813876976,-0.014178507913687166,0.0489866303636699,0.00034974179239477543
2.305,0.8,0.0,0.7900601015271314,-0.014335972113244687,0.04934109306151235,0.0003544626978424503
2.31,0.8,0.0,0.7899877842718745,-0.014463451051350317,0.049699492364343456,0.00035839930283110277
2.315,0.8,0.0,0.7899149727457109,-0.014562305232728962,0.05006107864062748,0.0003615862762840205
2.32,0.8,0.0,0.7898418034047107,-0.014633868200043365,0.05042513627144585,0.0003640576308183707
2.325,0.8,0.0,0.7897684061752015,-0.01467944590183596,0.05079098297644691,0.00036584670500106053
2.33,0.8,0.0,0.7896949045945253,-0.014700316135241843,0.05115796912399273,0.0003669861475458225
2.335,0.8,0.0,0.7896214159542231,-0.014697728060444707,0.051525477027373756,0.0003675079033810258
2.34,0.8,0.0,0.7895480514453036,-0.014672901783895447,0.05189292022888481,0.0003674432015110529
2.345,0.8,0.0,0.7894749163052668,-0.014627028007362765,0.05225974277348222,0.0003668225445974116
2.35,0.8,0.0,0.7894021099665671,-0.014561267739937227,0.05262541847366631,0.0003656757001840871
2.355,0.8,0.0,0.7893297262062163,-0.01447675207016322,0.05298945016716461,0.0003640316934983012
2.36,0.8,0.0,0.7892578532962387,-0.014374581995528473,0.05335136896891857,0.00036191880175395763
2.365,0.8,0.0,0.7891865741547057,-0.014255828306597083,0.05371073351880695,0.00035936454988838573
2.37,0.8,0.0,0.78911596649709,-0.014121531523129465,0.05406712922647161,0.00035639570766465845
2.375,0.8,0.0,0.7890461029876921,-0.013972701879591235,0.05442016751455003,0.0003530382880784222
2.38,0.8,0.0,0.7889770513909045,-0.013810319357512639,0.05476948506153989,0.00034931754698985795
2.3850000000000002,0.8,0.0,0.7889088747220934,-0.01363533376222031,0.05511474304547792,0.00034525798393802987
2.39,0.8,0.0,0.7888416313978858,-0.01344866484152413,0.055455626389533386,0.00034088334405546483
2.395,0.8,0.0,0.7887753753856658,-0.013251202444003438,0.055791843010571385,0.0003362166210379991
2.4,0.8,0.0,0.7887101563520927,-0.013043806714598748,0.05612312307167133,0.0003312800610999478
2.4050000000000002,0.8,0.0,0.7886460198104663,-0.012827308325276949,0.056449218239536525,0.00032609516786519244
2.41,0.8,0.0,0.7885830072667733,-0.012602508738600896,0.05676990094766854,0.00032068270813201405
2.415,0.8,0.0,0.7885211563642629,-0.01237018050209597,0.05708496366613358,0.0003150627184650423
2.42,0.8,0.0,0.7884605010264061,-0.012131067571369135,0.05739421817868573,0.0003092545125521484
2.4250000000000003,0.8,0.0,0.7884010715981061,-0.011885885659997852,0.05769749486796982,0.00030327668928409324
2.43,0.8,0.0,0.7883428949850347,-0.011635322614268528,0.05799464200946958,0.00029714714149975396
2.435,0.8,0.0,0.7882859947909802,-0.011380038810905713,0.05828552507482654,0.0002908830653569616
2.44,0.8,0.0,0.7882303914531001,-0.011120667575994822,0.05857002604509942,0.0002845009702728829
2.445,0.8,0.0,0.7881761023749834,-0.010857815623361798,0.058848042734499506,0.0002780166894000846
2.45,0.8,0.0,0.7881231420574297,-0.010592063510733827,0.059119488125083386,0.00027144539058387984
2.455,0.8,0.0,0.7880715222268694,-0.010323966112064849,0.05938428971285159,0.00026480158776820417
2.46,0.8,0.0,0.7880212519613471,-0.010054053104468948,0.05964238886565332,0.00025809915280172735
2.465,0.8,0.0,0.7879723378140058,-0.00978282946826298,0.059893740193264766,0.00025135132761144874
2.47,0.8,0.0,0.7879247839340124,-0.00951077599867783,0.06013831092997135,0.00024457073670658414
2.475,0.8,0.0,0.7878785921848732,-0.009238349827854247,0.06037608032993802,0.00023776939996666968
2.48,0.8,0.0,0.7878337622600943,-0.008965984955795646,0.06060703907563414,0.0002309587456961193
2.485,0.8,0.0,0.7877902917961492,-0.008694092789005193,0.06083118869952886,0.00022414962389472048
2.49,0.8,0.0,0.7877481764827213,-0.008423062685589037,0.061048541019254055,0.00021735231972519475
2.495,0.8,0.0,0.7877074101701931,-0.008153262505660674,0.061259117586393574,0.0002105765671395199
2.5,0.8,0.0,0.7876679849743634,-0.007885039165933673,0.06146294914903483,0.00020383156264125457
2.505,0.8,0.0,0.7876298913783762,-0.0076187191974416936,0.06166007512818317,0.00019712597914833818
2.5100000000000002,0.8,0.0,0.7875931183318494,-0.007354609305374454,0.061850543108118994,0.00019046797993582665
2.515,0.8,0.0,0.7875576533471991,-0.007092996930067997,0.06203440834075313,0.00018386523263413945
2.52,0.8,0.0,0.7875234825931579,-0.006834150808235369,0.062211733264004865,0.00017732492325173155
2.525,0.8,0.0,0.78749059098549,-0.00657832153357106,0.06238258703421096,0.00017085377020609194
2.5300000000000002,0.8,0.0,0.7874589622749105,-0.006325742115908192,0.06254704507255016,0.00016445803833919914
2.535,0.8,0.0,0.7874285791322198,-0.006076628538152483,0.0627051886254476,0.00015814355289744952
2.54,0.8,0.0,0.7873994232306685,-0.005831180310260516,0.06285710433890146,0.00015191571345385402
2.545,0.8,0.0,0.7873714753255706,-0.005589581019572163,0.06300288384665786,0.00014577950775640502
2.5500000000000003,0.8,0.0,0.7873447153311863,-0.005351998876848599,0.06314262337214716,0.0001397395254892908
2.555,0.8,0.0,0.7873191223948993,-0.005118587257407377,0.06327642334406858,0.00013379997192142223
2.56,0.8,0.0,0.7872946749687154,-0.004889485236785031,0.06340438802550363,0.00012796468143505546
2.565,0.8,0.0,0.7872713508781134,-0.004664818120395491,0.06352662515642316,0.00012223713091952249
2.57,0.8,0.0,0.7872491273882799,-0.004444697966689432,0.06364324560943324,0.00011662045301008561
2.575,0.8,0.0,0.7872279812677632,-0.004229224103355226,0.06375436305860072,0.0001111174491674749
2.58,0.8,0.0,0.7872078888495825,-0.0040184836361363266,0.06386009366118439,0.00010573060258367573
2.585,0.8,0.0,0.7871888260898331,-0.00381255194987352,0.06396055575208781,0.00010046209090341929
2.59,0.8,0.0,0.7871707686238261,-0.003611493201412448,0.06405586955083475,9.531379874694323e-05
2.595,0.8,0.0,0.7871536918198059,-0.003415360804047723,0.06414615688086989,9.028733003513256e-05
2.6,0.8,0.0,0.7871375708302899,-0.0032241979032051633,0.06423154090097083,8.538402010094259e-05
2.605,0.8,0.0,0.7871223806410744,-0.003038037843092296,0.06431214584855072,8.060494757988756e-05
2.61,0.8,0.0,0.7871080961179541,-0.0028569046240750034,0.06438809679462809,7.59509460773744e-05
2.615,0.8,0.0,0.7870946920512012,-0.0026808133505648274,0.06445951941022987,7.142261560177943e-05
2.62,0.8,0.0,0.7870821431978551,-0.002509770669227354,0.06452653974399425,6.702033376437821e-05
2.625,0.8,0.0,0.7870704243218684,-0.002343775197346277,0.06458928401072483,6.274426673058553e-05
2.63,0.8,0.0,0.7870595102321624,-0.0021828179412014584,0.06464787839065844,5.85943799336075e-05
2.6350000000000002,0.8,0.0,0.7870493758186407,-0.0020268827043419483,0.06470244883918841,5.457044852996695e-05
2.64,0.8,0.0,0.7870399960862123,-0.001875946485656321,0.06475312090679697,5.0672067608559246e-05
2.645,0.8,0.0,0.7870313461868765,-0.001729979867163434,0.06480001956893855,4.6898662141581227e-05
2.65,0.8,0.0,0.7870234014499192,-0.0015889473914660792,0.06484326906561755,4.324949667899869e-05
2.6550000000000002,0.8,0.0,0.7870161374102751,-0.0014528079288291477,0.0648829927504041,3.9723684786552305e-05
2.66,0.8,0.0,0.7870095298351057,-0.0013215150338611735,0.06491931294862474,3.63201982206407e-05
2.665,0.8,0.0,0.7870035547486468,-0.0011950172917955747,0.06495235082447148,3.3037875846742004e-05
2.67,0.8,0.0,0.7869981884553748,-0.001073258654383541,0.0649822262567662,2.9875432294712567e-05
2.6750000000000003,0.8,0.0,0.7869934075615477,-0.0009561787654259107,0.06500905772312604,2.683146635984457e-05
2.68,0.8,0.0,0.7869891889951678,-0.0008437132759856952,0.06503296219226185,2.3904469135804796e-05
2.685,0.8,0.0,0.7869855100244211,-0.0007357941493363335,0.06505405502416128,2.1092831899438558e-05
2.69,0.8,0.0,0.7869823482746425,-0.0006323499557137668,0.06507244987789484,1.839485373356098e-05
2.695,0.8,0.0,0.7869796817438578,-0.0005333061569521891,0.06508825862678758,1.580874889273165e-05
2.7,0.8,0.0,0.7869774888169523,-0.0004385853810947904,0.06510159128071125,1.3332653923670001e-05
2.705,0.8,0.0,0.7869757482785169,-0.00034810768708098906,0.06511255591523879,1.0964634527543815e-05
2.71,0.8,0.0,0.7869744393244188,-0.000261790819622062,0.06512125860741569,8.702692176898452e-06
2.715,0.8,0.0,0.7869735415721468,-0.00017955045438560304,0.06512780337790625,6.544770490557461e-06
2.72,0.8,0.0,0.7869730350699787,-0.00010130043361807563,0.06513229213926608,4.4887613598332265e-06
2.725,0.8,0.0,0.786972900305017,-2.69529923427231e-05,0.06513482465010656,2.532510840480562e-06
2.73,0.8,0.0,0.7869731182101406,4.358102472314938e-05,0.06513549847491529,6.738248087279075e-07
2.735,0.8,0.0,0.7869736701699175,0.00011039195538037615,0.06513440894929723,-1.089525618058751e-06
2.74,0.8,0.0,0.7869745380255232,0.000173571121132583,0.06513164915041281,-2.7597988844219046e-06
2.745,0.8,0.0,0.7869757040787091,0.00023321063718093616,0.06512730987238424,-4.339278028564486e-06
2.75,0.8,0.0,0.7869771510948644,0.00028940323106125767,0.06512147960645476,-5.830265929485101e-06
2.755,0.8,0.0,0.7869788623052132,0.0003422420697515888,0.06511424452567804,-7.2350807767129766e-06
2.7600000000000002,0.8,0.0,0.7869808214081886,0.0003918205950743198,0.06510568847393428,-8.556051743768833e-06
2.765,0.8,0.0,0.7869830125700247,0.000438232367213251,0.06509589295905727,-9.795514877009026e-06
2.77,0.8,0.0,0.7869854204246055,0.0004815709161632226,0.06508493714987684,-1.0955809180424048e-05
2.775,0.8,0.0,0.7869880300726101,0.0005219296009270359,0.06507289787697268,-1.2039272904162956e-05
2.7800000000000002,0.8,0.0,0.7869908270799915,0.0005594014762725181,0.06505984963694977,-1.3048240022905944e-05
2.785,0.8,0.0,0.7869937974758258,0.0005940791668603629,0.06504586460004291,-1.3985036906860593e-05
2.79,0.8,0.0,0.7869969277495685,0.0006260547485524826,0.06503101262087141,-1.4851979171504048e-05
2.795,0.8,0.0,0.7870002048477521,0.000655419636709031,0.06501536125215757,-1.565136871384265e-05
2.8000000000000003,0.8,0.0,0.7870036161701586,0.0006822644812820184,0.06499897576123959,-1.6385490917980583e-05
2.805,0.8,0.0,0.7870071495655011,0.0007066790685126846,0.06498191914920737,-1.7056612032217977e-05
2.81,0.8,0.0,0.7870107933266463,0.0007287522290400023,0.06496425217249469,-1.766697671268247e-05
2.815,0.8,0.0,0.7870145361854074,0.0007485717522276836,0.06494603336676896,-1.8218805725722653e-05
2.82,0.8,0.0,0.78701836730694,0.0007662243065179159,0.06492731907296323,-1.871429380573275e-05
2.825,0.8,0.0,0.7870222762837681,0.0007817953656203936,0.06490816346530037,-1.91556076628574e-05
2.83,0.8,0.0,0.7870262531294698,0.0007953691403465924,0.0648886185811598,-1.9544884140576535e-05
2.835,0.8,0.0,0.7870302882720493,0.000807028515900391,0.06486873435265106,-1.98842285087375e-05
2.84,0.8,0.0,0.7870343725470216,0.0008168549944375337,0.06484855863975347,-2.0175712897585463e-05
2.845,0.8,0.0,0.7870384971902351,0.0008249286427082476,0.06482813726489234,-2.0421374861134822e-05
2.85,0.8,0.0,0.7870426538304581,0.0008313280445991834,0.06480751404882468,-2.0623216067661154e-05
2.855,0.8,0.0,0.7870468344817501,0.0008361302583930075,0.06478673084770958,-2.078320111509324e-05
2.86,0.8,0.0,0.7870510315356429,0.0008394107785659316,0.06476582759124994,-2.0903256459647857e-05
2.865,0.8,0.0,0.7870552377531527,0.0008412435019462517,0.06474484232178557,-2.0985269464368628e-05
2.87,0.8,0.0,0.7870594462566429,0.0008417006980592024,0.06472381123423687,-2.1031087548695204e-05
2.875,0.8,0.0,0.7870636505215604,0.0008408529834862727,0.0647027687167856,-2.1042517451275167e-05
2.88,0.8,0.0,0.7870678443680607,0.0008387693000699231,0.06468174739219845,-2.1021324587144896e-05
2.8850000000000002,0.8,0.0,0.7870720219525447,0.0008355168967974019,0.06466077815969695,-2.0969232501499846e-05
2.89,0.8,0.0,0.7870761777591206,0.0008311613152006846,0.0646398902372769,-2.0887922420054217e-05
2.895,0.8,0.0,0.7870803065910112,0.0008257663781122398,0.064619111204397,-2.07790328798918e-05
2.9,0.8,0.0,0.7870844035619193,0.0008193941816200289,0.06459846704494399,-2.064415945302045e-05
2.9050000000000002,0.8,0.0,0.7870884640873697,0.0008121050900678766,0.06457798219040356,-2.04848545404257e-05
2.91,0.8,0.0,0.7870924838760394,0.0008039577339510372,0.06455767956315195,-2.0302627251611582e-05
2.915,0.8,0.0,0.7870964589210921,0.000795009010560157,0.06453758061980341,-2.0098943348534348e-05
2.92,0.8,0.0,0.7871003854915283,0.0007853140872299524,0.06451770539453949,-1.987522526392116e-05
2.9250000000000003,0.8,0.0,0.7871042601235635,0.0007749264070528927,0.06449807254235884,-1.9632852180651028e-05
2.93,0.8,0.0,0.7871080796120481,0.0007638976969210859,0.06447869938218276,-1.9373160176083815e-05
2.935,0.8,0.0,0.7871118410019369,0.0007522779777637401,0.06445960193975975,-1.909744242301059e-05
2.94,0.8,0.0,0.7871155415798211,0.000740115576850503,0.06444079499031585,-1.8806949443894716e-05
2.945,0.8,0.0,0.7871191788655313,0.0007274571420350601,0.06442229210089467,-1.850288942117917e-05
2.95,0.8,0.0,0.7871227506038204,0.0007143476578165864,0.06440410567234378,-1.8186428550892586e-05
2.955,0.8,0.0,0.787126254756136,0.0007008304631004775,0.06438624698089812,-1.7858691445660213e-05
2.96,0.8,0.0,0.7871296894924886,0.0006869472705431202,0.06436872621932044,-1.7520761577682897e-05
2.965,0.8,0.0,0.7871330531834255,0.0006727381873691591,0.06435155253755709,-1.7173681763349435e-05
2.97,0.8,0.0,0.7871363443921133,0.0006582417375533274,0.0643347340828726,-1.6818454684486284e-05
2.975,0.8,0.0,0.7871395618665397,0.000643494885262161,0.06431827803943357,-1.645604343902818e-05
2.98,0.8,0.0,0.787142704531837,0.0006285330594547619,0.06430219066730192,-1.6087372131656785e-05
2.985,0.8,0.0,0.7871457714827347,0.0006133901795449717,0.06428647734081527,-1.5713326486643808e-05
2.99,0.8,0.0,0.7871487619761448,0.0005980986820309383,0.06427114258632682,-1.5334754488449676e-05
2.995,0.8,0.0,0.7871516754238849,0.0005826895480013224,0.06425619011927619,-1.4952467050632912e-05
3.0,0.8,-0.0,0.787154511385542,0.0005671923314307771,0.06424162288057589,-1.4567238700302632e-05
3.005,0.7999998754682813,-7.462546874999684e-05,0.7871572695614829,0.0005516351881809513,0.06422682041369643,-1.4802466879459963e-05
3.0100000000000002,0.7999990074850001,-0.0002970075000000136,0.787159949786011,0.0005360449056260115,0.06420868961758586,-1.8130796110571445e-05
3.015,0.7999966628548438,-0.0006649129687500109,0.7871625520206751,0.0005204469328253399,0.06418356534416414,-2.512427342171719e-05
3.02,0.79999211952,-0.001176120000000002,0.7871650763477309,0.0005048654111691826,0.06414783749662478,-3.572784753935743e-05
3.025,0.7999846665039063,-0.0018284179687499875,0.787167522963758,0.0004893232054258702,0.06409795078087699,-4.988671574779335e-05
3.0300000000000002,0.799973603855,-0.002619607500000043,0.7871698921734337,0.00047384193512274586,0.06403040445621011,-6.754632466687838e-05
3.035,0.7999582425904688,-0.0035475004687500287,0.7871721841888839,0.0004584030900336007,0.06394175208517539,-8.865237103472534e-05
3.04,0.79993790464,-0.004609920000000008,0.7871743981688739,0.00044279599800561636,0.06382860225558062,-0.00011314982959476083
3.045,0.7999119227895313,-0.005804700468749984,0.7871765311392847,0.0004265940821405236,0.0636876231032868,-0.00014097915229382973
3.0500000000000003,0.799879640625,-0.0071296875000000735,0.7871785769982624,0.0004091717955457898,0.06351554742857701,-0.0001720756747097818
3.055,0.7998404124760938,-0.008582737968750049,0.7871805256006731,0.00038972048212898916,0.06330917738915698,-0.00020637003942003407
3.06,0.79979360336,-0.01016172000000002,0.7871823619168257,0.0003672632305090591,0.06306538879663481,-0.000243788592522165
3.065,0.7997385889251563,-0.011864512968749982,0.7871840652607452,0.000340668783925704,0.06278113504165295,-0.0002842537549818669
3.0700000000000003,0.799674755395,-0.013689007500000107,0.7871856085838748,0.000308664625904136,0.062453450671273725,-0.00032768437037922205
3.075,0.7996014995117188,-0.01563310546875007,0.7871869578315285,0.00026984953074055194,0.062079454639220044,-0.0003739960320536806
3.08,0.7995182284800001,-0.017694720000000032,0.7871880713597752,0.00022270564935533043,0.061656353242358075,-0.000423101396861969
3.085,0.7994243599107813,-0.01987177546874998,0.7871888994104407,0.00016561013309293281,0.06118144275503057,-0.00047491048732750674
3.09,0.7993193217650001,-0.02216220749999994,0.7871893836419385,9.684629956430002e-05,0.06065211177279706,-0.0005293309822335113
3.095,0.7992025522973438,-0.024563962968750096,0.7871894567136682,1.4614345944840123e-05,0.0600658432770268,-0.0005862684957702591
3.1,0.7990735,-0.02707500000000005,0.7871890419217497,-8.295838372210474e-05,0.059420216431658734,-0.0006456268453680636
3.105,0.7989316235464063,-0.029693287968749996,0.7871880528839007,-0.0001978075697882208,0.05871290812328345,-0.0007073083083752874
3.11,0.798776391735,-0.03241680749999993,0.7871863932713056,-0.000331922519029078,0.05794169425549667,-0.0007712138677867797
3.115,0.7986072834329688,-0.03524355046875013,0.7871839565853586,-0.0004873371894003508,0.057104450808316276,-0.0008372434471803913
3.12,0.7984237875200001,-0.03817152000000006,0.7871806259772123,-0.0006661216292630128,0.056199154673207685,-0.0009052961351085909
3.125,0.7982254028320312,-0.04119873046875,0.7871762741080992,-0.0008703738226198997,0.05522388427409486,-0.0009752703991128264
3.13,0.7980116381050001,-0.044323207499999934,0.7871707630484406,-0.0011022119317274858,0.05417681998450441,-0.0010470642895904492
3.1350000000000002,0.7977820119185938,-0.047542987968750165,0.7871639442137991,-0.0013637669282893028,0.053056244350765946,-0.0011205756337384631
3.14,0.79753605264,-0.05085612000000009,0.7871556583357776,-0.0016571756043026798,0.05186054213100477,-0.0011957022197611744
3.145,0.7972732983676563,-0.05426066296875001,0.7871457354660101,-0.001984573953513995,0.05058820015939325,-0.0012723419716115236
3.15,0.7969932968750001,-0.05775468749999995,0.7871339950114383,-0.0023480909143438907,0.049237807044950066,-0.0013503931144431824
3.1550000000000002,0.7966956055542188,-0.061336275468750194,0.787120245799113,-0.002749842465066469,0.04780805271390243,-0.001429754331047639
3.16,0.79637979136,-0.0650035200000001,0.7871042861688031,-0.0031919260619682893,0.046297727804435196,-0.001510324909467231
3.165,0.7960454307532813,-0.06875452546875004,0.7870859040917473,-0.0036764154111724,0.04470572292239072,-0.0015920048820444732
3.17,0.795692109645,-0.07258740749999995,0.7870648773139234,-0.004205355564786327,0.043031027766263774,-0.0016746951561269485
3.1750000000000003,0.7953194233398437,-0.07650029296875022,0.7870409735222632,-0.004780758332025104,0.04127273012960175,-0.0017582976366620207
3.18,0.79492697648,-0.08049132000000014,0.7870139505322834,-0.005404597995964156,0.03943001478868391,-0.0018427153409178443
3.185,0.7945143829889063,-0.08455863796875004,0.7869835564956504,-0.006078807326597496,0.03750216228311454,-0.0019278525055693718
3.19,0.7940812660150001,-0.08870040749999995,0.7869495301262459,-0.006805273880907953,0.03548854759674813,-0.002013614686366405
3.1950000000000003,0.7936272578754687,-0.09291480046875027,0.7869116009433424,-0.0075858365807017865,0.033388638746114085,-0.002099908850634047
3.2,0.7931520000000001,-0.09720000000000016,0.7868694895305474,-0.008422282559016439,0.031201995283288153,-0.0021866434628259324
3.205,0.7926551428745313,-0.10155420046875006,0.7868229078092175,-0.009316344265977801,0.02892826671991977,-0.0022737285633683824
3.21,0.792136345985,-0.10597560749999997,0.7867715593250921,-0.010269696825061445,0.026567190878912794,-0.0023610758410069765
3.215,0.7915952777610938,-0.11046243796874987,0.7867151395469382,-0.011283955630800445,0.024118592180008558,-0.0024485986989042363
3.22,0.79103161552,-0.11501292000000019,0.7866533361760428,-0.01236067417907866,0.021582379865309198,-0.00253621231469936
3.225,0.7904450454101563,-0.11962529296875007,0.7865858294654365,-0.013501342121254114,0.018958546170567137,-0.0026238336947420615
3.23,0.789835262355,-0.1242978075,0.7865122925477692,-0.014707383533470222,0.016247164447817375,-0.0027113817227497616
3.235,0.7892019699967188,-0.12902872546874988,0.786432391770806,-0.01598015539263335,0.013448387244747728,-0.0027987772030696467
3.24,0.7885448806400001,-0.1338163200000002,0.7863457870395527,-0.017320946250661714,0.01056244434597009,-0.002885942898777638
3.245,0.7878637151957812,-0.1386588754687501,0.786252132164059,-0.018730975098744822,0.007589640781142659,-0.002972803564827431
3.25,0.7871582031250001,-0.1435546875,0.7861510752119916,-0.020211390413491445,0.004530354804705428,-0.0030592859764372315
3.255,0.7864280823823439,-0.1485020629687499,0.7860422588651066,-0.021763269376987783,0.001385035851761418,-0.0031453189529440095
3.2600000000000002,0.78567309936,-0.15349932000000022,0.785925320778792,-0.02338761726293746,-0.001845797525533155,-0.003230833377294573
3.265,0.7848930088314062,-0.15854478796875016,0.7857998939438859,-0.025085366981207134,-0.005161559736928667,-0.003315762211395512
3.27,0.7840875738950001,-0.16363680750000004,0.7856656070500196,-0.02685737877325856,-0.008561600244429424,-0.0034000405075007567
3.275,0.7832565659179688,-0.16877373046874994,0.785522084849764,-0.028704440051108483,-0.012045205660254354,-0.0034836054158249308
3.2800000000000002,0.78239976448,-0.17395392000000023,0.785368948522901,-0.030627265372620113,-0.015611601848820045,-0.0035663961885656903
3.285,0.7815169573170313,-0.17917575046875012,0.7852058160401705,-0.03262649654609627,-0.01925995602934827,-0.003648354180528224
3.29,0.780607940265,-0.18443760750000004,0.785032302525884,-0.03470270285731108,-0.022989378875852284,-0.003729422846504016
3.295,0.7796725172035938,-0.18973788796875,0.7848480206188225,-0.03685638141228718,-0.026798926611451,-0.0038095477355987173
3.3000000000000003,0.7787105,-0.19507500000000033,0.7846525808308761,-0.03908795758929607,-0.03068760309411278,-0.0038886764826617792
3.305,0.7777217084526562,-0.20044736296875018,0.7844455919029074,-0.04139778559373096,-0.03465436189109938,-0.0039667587969866025
3.31,0.776705970235,-0.20585340750000003,0.7842266611573591,-0.04378614910967403,-0.03869810833953713,-0.004043746448437746
3.315,0.7756631208392188,-0.21129157546875,0.7839953948471483,-0.04625326204215367,-0.042817701590701085,-0.0041195932511639555
3.3200000000000003,0.7745930035199999,-0.2167603200000003,0.783751398500427,-0.048799269344259835,-0.04701195663574187,-0.0041942550450407845
3.325,0.7734954692382813,-0.22225810546875022,0.7834942772608097,-0.05142424792345928,-0.051279646310728455,-0.004267689674986586
3.33,0.7723703766050001,-0.2277834075000001,0.7832236362227015,-0.054128207621625124,-0.055619503279047966,-0.004339856968319511
3.335,0.7712175918248438,-0.23333471296874997,0.7829390807613842,-0.056911092263467265,-0.060030221989288424,-0.004410718710240458
3.34,0.77003698864,-0.23891051999999982,0.782640216857543,-0.05977278076822163,-0.06451046060692078,-0.004480238617632359
3.345,0.7688284482739063,-0.24450933796875018,0.7823266514159449,-0.06271308831962659,-0.06905884291818376,-0.004548382311262977
3.35,0.7675918593750001,-0.2501296875000001,0.781997992577998,-0.06573176758938379,-0.07367396020472428,-0.0046151172865405155
3.355,0.7663271179604688,-0.25577010046875004,0.7816538500279506,-0.06882851000946782,-0.0783543730876457,-0.004680412882921425
3.36,0.7650341273600001,-0.26142911999999985,0.7812938352925065,-0.07200294708881659,-0.08309861333975266,-0.004744240252106957
3.365,0.7637127981595312,-0.26710530046875025,0.780917562033656,-0.07525465177009608,-0.0879051856648766,-0.004806572325123937
3.37,0.762363048145,-0.2727972075000001,0.780524646334544,-0.07858313982239762,-0.09277256944328016,-0.004867383778403567
3.375,0.7609848022460938,-0.27850341796875,0.7801147069782146,-0.08198787126588425,-0.0976992204422511,-0.004926650998970938
3.38,0.75957799248,-0.28422251999999987,0.7796873657190918,-0.08546825182456175,-0.10268357249107296,-0.004984352048821861
3.3850000000000002,0.7581425578951562,-0.28995311296875037,0.7792422475470743,-0.0890236344035045,-0.1077240391196782,-0.005040466628605245
3.39,0.756678444515,-0.2956938075000002,0.7787789809441392,-0.09265332058702001,-0.1128190151603714,-0.0050949760406932
3.395,0.7551856052817187,-0.3014432254687501,0.7782971981333673,-0.09635656215438605,-0.1179668783121024,-0.005147863151730991
3.4,0.7536640000000001,-0.3071999999999998,0.7777965353203176,-0.10013256260994194,-0.12316599066683587,-0.0051991123547334706
3.4050000000000002,0.7521135952807813,-0.31296277546875034,0.7772766329266952,-0.10398047872446126,-0.12841470019768153,-0.005248709530845663
3.41,0.750534364485,-0.31873020750000025,0.7767371358162709,-0.10789942208487449,-0.13371134220847625,-0.0052966420107947165
3.415,0.7489262876673438,-0.32450096296875003,0.7761776935130231,-0.11188846064954973,-0.13905424074463546,-0.005342898536159213
3.42,0.7472893515200001,-0.33027371999999994,0.7755979604114908,-0.11594662030647608,-0.14444170996511518,-0.005387469220479724
3.4250000000000003,0.7456235493164062,-0.3360471679687504,0.7749975959793316,-0.12007288643182773,-0.14987205547542293,-0.005430345510307744
3.43,0.743928880855,-0.3418200075000002,0.774376264952099,-0.12426620544651573,-0.15534357562165813,-0.005471520146235198
3.435,0.7422053524029688,-0.3475909504687501,0.7737336375202567,-0.1285254863684636,-0.1608545627456509,-0.005510987123992783
3.44,0.7404529766400001,-0.35335871999999996,0.7730693895084644,-0.13284960235846438,-0.16640330440128304,-0.005548741655632128
3.4450000000000003,0.7386717726020312,-0.35912205046875034,0.7723832025471764,-0.13723739225760007,-0.17198808453216585,-0.005584780130882816
3.45,0.7368617656249999,-0.3648796875000002,0.7716747642366049,-0.14168766211431977,-0.17760718461088232,-0.005619100078716466
3.455,0.7350229872885938,-0.3706303879687501,0.770943768303108,-0.14619918669938872,-0.18325888474005514,-0.005651700129172821
3.46,0.73315547536,-0.37637291999999994,0.7701899147480729,-0.15077071100703057,-0.18894146471553963,-0.005682579975484492
3.465,0.7312592737376564,-0.3821060629687499,0.7694129099893694,-0.15540095174069435,-0.19465320505208217,-0.005711740336542537
3.47,0.729334432395,-0.38782860750000026,0.7686124669954595,-0.16008859878198115,-0.20039238797184722,-0.005739182919765051
3.475,0.7273810073242187,-0.39353935546875013,0.7677883054122526,-0.1648323166413677,-0.20615729835620378,-0.0057649103843565586
3.48,0.72539906048,-0.39923712000000006,0.7669401516828053,-0.16963074588946236,-0.211946224661263,-0.005788926305059228
3.485,0.7233886597232814,-0.4049207254687499,0.7660677391599672,-0.1744825045676244,-0.2177574597976195,-0.005811235136356507
3.49,0.7213498787649999,-0.41058900750000027,0.7651708082120828,-0.1793861895768691,-0.2235893019748364,-0.005831842177216884
3.495,0.7192827971098438,-0.4162408129687502,0.7642491063218625,-0.1843403780440699,-0.22944005551119528,-0.005850753536358888
3.5,0.7171875000000001,-0.421875,0.7633023881785397,-0.189343628664556,-0.23530803160931202,-0.005867976098116734
3.505,0.7150640783589064,-0.42749043796874997,0.7623304157634383,-0.194394483020284,-0.24119154909816642,-0.005883517488854406
3.5100000000000002,0.7129126287349999,-0.43308600750000015,0.7613329584290741,-0.1994914668728452,-0.24708893514219177,-0.005897386044025343
3.515,0.7107332532454688,-0.43866060046875016,0.7603097929719209,-0.2046330914306436,-0.25299852591802674,-0.005909590775834972
3.52,0.70852605952,-0.44421311999999996,0.7592607036989726,-0.20981785458965566,-0.25891866725960444,-0.0059201413415777004
3.525,0.7062911606445313,-0.4497424804687499,0.7581854824882364,-0.21504424214725187,-0.2648477152722062,-0.005929048012601745
3.5300000000000002,0.704028675105,-0.4552476075000003,0.7570839288432932,-0.22031072898863063,-0.2707840369161818,-0.005936321643975617
3.535,0.7017387267310937,-0.46072743796875026,0.7559558499420659,-0.22561578024547663,-0.27672601056099755,-0.005941973644815746
3.54,0.69942144464,-0.46618092000000005,0.7548010606799332,-0.23095785242652134,-0.2826720265103294,-0.005946015949331862
3.545,0.6970769631801563,-0.47160701296875,0.7536193837073345,-0.23633539451974042,-0.2886204874988846,-0.005948460988555171
3.5500000000000003,0.694705421875,-0.47700468750000025,0.7524106494620046,-0.24174684906598193,-0.29456980916167275,-0.005949321662788165
3.555,0.6923069653667187,-0.48237292546875027,0.7511746961959853,-0.24719065320387096,-0.30051842047642996,-0.005948611314757213
3.56,0.68988174336,-0.48771072000000004,0.7499113699975558,-0.2526652396858904,-0.30646476417992674,-0.005946343703496781
3.565,0.6874299105657813,-0.4930170754687498,0.7486205248082279,-0.2581690378655846,-0.3124072971588726,-0.005942532978945869
3.5700000000000003,0.6849516266449999,-0.4982910075000002,0.7473020224349486,-0.26370047465588115,-0.31834449081614036,-0.0059371936572677475
3.575,0.6824470561523437,-0.5035315429687502,0.7459557325576558,-0.2692579754585689,-0.3242748314130245,-0.005930340596884132
3.58,0.67991636848,-0.5087377200000001,0.7445815327323307,-0.2748399650650129,-0.3301968203882788,-0.005921988975254311
3.585,0.6773597378014062,-0.5139085879687499,0.7431793083896896,-0.2804448685282265,-0.3361089746546225,-0.005912154266343728
3.59,0.6747773430150001,-0.5190432075000001,0.7417489528296574,-0.28607111200645774,-0.3420098268734473,-0.005900852218824748
3.595,0.6721693676879686,-0.5241406504687504,0.7402903672117649,-0.2917171235784837,-0.3478979257084436,-0.005888098834996303
3.6,0.6695359999999999,-0.5292,0.7388034605416107,-0.2973813340308372,-0.3537718360588249,-0.005873910350381317
3.605,0.6668774326870313,-0.53422035046875,0.7372881496535246,-0.3030621776172239,-0.35963013927289733,-0.005858303214072436
3.61,0.6641938629850002,-0.5392008075000001,0.7357443591895726,-0.3087580927904149,-0.36547143334262233,-0.005841294069725
3.615,0.6614854925735937,-0.5441404879687503,0.7341720215750379,-0.31446752290692787,-0.37129433307989457,-0.005822899737272236
3.62,0.6587525275199999,-0.5490385200000001,0.7325710769905137,-0.3201889169048353,-0.37709747027519,-0.00580313719529546
3.625,0.6559951782226563,-0.55389404296875,0.7309414733407384,-0.32592072995506083,-0.3828794938392871,-0.005782023564097072
3.63,0.6532136593550001,-0.5587062075000001,0.7292831662203058,-0.3316614240865461,-0.3886390699286918,-0.005759576089404694
3.6350000000000002,0.6504081898092187,-0.5634741754687503,0.7275961188763773,-0.33740946878569306,-0.39437488205543547,-0.005735812126743678
3.64,0.64757899264,-0.5681971200000002,0.7258803021685248,-0.34316334157050116,-0.4000856311818868,-0.005710749126451309
3.645,0.6447262950082813,-0.57287422546875,0.7241356945258256,-0.34892152853983827,-0.40577003580121784,-0.005684404619331063
3.65,0.6418503281250001,-0.5775046875000001,0.7223622819013341,-0.35468252489829777,-0.41142683200412755,-0.0056567962029097085
3.6550000000000002,0.6389513271948436,-0.5820877129687502,0.7205600577240485,-0.3604448354571096,-0.41705477353245257,-0.00562794152832502
3.66,0.63602953136,-0.5866225200000001,0.7187290228484906,-0.36620697511158345,-0.4226526318202428,-0.005597858287790247
3.665,0.6330851836439062,-0.5911083379687501,0.7168691855020127,-0.3719674692955742,-0.428219196022922,-0.005566564202679203
3.67,0.6301185308950001,-0.5955444074999999,0.7149805612299454,-0.37772485441346876,-0.43375327303506295,-0.0055340770121409255
3.6750000000000003,0.6271298237304687,-0.5999299804687501,0.7130631728386944,-0.38347767825020307,-0.43925368749738347,-0.005500414462320524
3.68,0.62411931648,-0.6042643200000001,0.7111170503368952,-0.38922450035982337,-0.444719281793472,-0.005465594296088505
3.685,0.6210872671295312,-0.6085467004687501,0.7091422308747296,-0.3949638924331127,-0.45014891603681995,-0.005429634243347969
3.69,0.618033937265,-0.6127764075000001,0.7071387586815056,-0.4006944386448083,-0.45554146804864803,-0.005392552011828089
3.6950000000000003,0.6149595920160936,-0.6169527379687503,0.7051066850016009,-0.4064147359809404,-0.46089583332705963,-0.005354365278411599
3.7,0.6118644999999999,-0.6210750000000003,0.7030460680288668,-0.41212339454682306,-0.4662109250080049,-0.005315091680945239
3.705,0.6087489332651563,-0.6251425129687502,0.7009569728395857,-0.4178190378562331,-0.47148567381855244,-0.005274748810547569
3.71,0.6056131672350001,-0.6291546075000002,0.6988394713240741,-0.4235003031023105,-0.47671902802292776,-0.005233354204375318
3.715,0.6024574806517189,-0.63311062546875,0.6966936421170205,-0.42916584141071734,-0.481909953361776,-0.00519092533884824
3.72,0.59928215552,-0.6370099200000002,0.6945195705266425,-0.434814318075588,-0.4870574329851024,-0.005147479623326401
3.725,0.5960874770507812,-0.6408518554687501,0.6923173484627485,-0.440444412778805,-0.4921604673793062,-0.005103034394203787
3.73,0.5928737336050001,-0.6446358074999999,0.6900870743637828,-0.44605481979312994,-0.4972180742887422,-0.005057606909436019
3.735,0.5896412166373439,-0.6483611629687501,0.6878288531229342,-0.4516442481697188,-0.5022292886321944,-0.005011214343452197
3.74,0.5863902206399999,-0.6520273200000001,0.6855427960133814,-0.45721142191054437,-0.5071931624146714,-0.00496387378247698
3.745,0.5831210430864062,-0.6556336879687501,0.6832290206127501,-0.46275508012624633,-0.512108764634876,-0.004915602220204596
3.75,0.579833984375,-0.6591796875,0.6808876507268505,-0.46827397717992486,-0.5169751811887507,-0.004866416553874764
3.755,0.5765293477729688,-0.6626647504687503,0.6785188163127636,-0.4737668828173862,-0.5217915147694085,-0.004816333580657806
3.7600000000000002,0.5732074393599998,-0.6660883200000001,0.6761226534013418,-0.47923258228434595,-0.5265568847638186,-0.004765369994410018
3.765,0.5698685679720312,-0.6694498504687505,0.6736993040191864,-0.4846698764310865,-0.5312704271465529,-0.004713542382734359
3.77,0.566513045145,-0.6727488075,0.6712489161101611,-0.49007758180506056,-0.5359312943709321,-0.004660867224379195
3.775,0.5631411850585938,-0.6759846679687501,0.6687716434565015,-0.495454530731924,-0.5405386552578367,-0.00460736088690461
3.7800000000000002,0.5597533044799998,-0.6791569200000002,0.6662676455995742,-0.5007995713854757,-0.5450916948825085,-0.004553039624671795
3.785,0.5563497227076563,-0.6822650629687503,0.6637370877603394,-0.5061115678469715,-0.5495896144595896,-0.004497919577081122
3.79,0.552930761515,-0.6853086075000002,0.661180140759568,-0.5113894001542745,-0.5540316312266969,-0.004442016767107204
3.795,0.5494967450942188,-0.6882870754687496,0.6585969809378616,-0.5166319643412919,-0.5584169783267462,-0.004385347100049342
3.8000000000000003,0.5460479999999999,-0.6912000000000001,0.6559877900755209,-0.5218381724681443,-0.5627449046893085,-0.0043279263625622955
3.805,0.542584855093281,-0.69404692546875,0.6533527553123084,-0.5270069526425001,-0.5670146749111993,-0.00426977022189079
3.81,0.539107641485,-0.6968274075000003,0.6506920690671459,-0.5321372490325006,-0.571225569136542,-0.0042108942253427095
3.815,0.5356166924798438,-0.6995410129687504,0.6480059289577875,-0.5372280218716936,-0.5753768829365108,-0.004151313799968803
3.8200000000000003,0.5321123435199999,-0.7021873200000004,0.6452945377205056,-0.5422782474563813,-0.579467927188938,-0.004091044252427234
3.825,0.5285949321289061,-0.7047659179687497,0.6425581031298268,-0.5472869181357791,-0.5834980279579977,-0.00403010076905963
3.83,0.5250647978549999,-0.7072764074999999,0.6397968379183498,-0.5522530422953748,-0.5874665263741341,-0.003968498416136446
3.835,0.5215222822154688,-0.7097184004687502,0.6370109596966805,-0.5571756443338638,-0.5913727785144052,-0.0039062521402710715
3.84,0.5179677286400002,-0.71209152,0.6342006908735104,-0.5620537646340312,-0.5952161552834018,-0.003843376768996598
3.845,0.5144014824145311,-0.7143954004687502,0.6313662585758707,-0.5668864595279361,-0.5989960422948964,-0.003779887011494676
3.85,0.510823890625,-0.7166296875000001,0.628507894569587,-0.5716728012567488,-0.6027118397543535,-0.0037157974594570486
3.855,0.5072353021010938,-0.7187940379687497,0.6256258351799591,-0.5764118779255768,-0.606362962342466,-0.0036511225881125098
3.86,0.50363606736,-0.7208881200000001,0.622720321212691,-0.5811027934536116,-0.6099488390997954,-0.0035858767573293537
3.865,0.5000265385501561,-0.7229116129687502,0.6197915978750915,-0.5857446675199112,-0.6134689133126747,-0.003520074212879365
3.87,0.49640706939499984,-0.7248642075,0.6168399146975658,-0.5903366355051294,-0.6169226424004584,-0.00345372908778363
3.875,0.49277801513671876,-0.72674560546875,0.6138655254554184,-0.5948778484294899,-0.6203094978042354,-0.0033868554037770338
3.88,0.48913973248000003,-0.72855552,0.6108686880909819,-0.5993674728872939,-0.6236289648770919,-0.0033194670728564635
3.8850000000000002,0.4854925795357812,-0.7302936754687505,0.6078496646360907,-0.6038046909782421,-0.6268805427760038,-0.0032515778989119504
3.89,0.4818369157649999,-0.7319598075000002,0.6048087211349115,-0.6081887002358392,-0.6300637443554541,-0.00318320157945029
3.895,0.47817310192234375,-0.7335536629687498,0.6017461275671457,-0.6125187135531414,-0.6331780960628386,-0.0031143517073844995
3.9,0.47450150000000013,-0.7350749999999998,0.5986621577716152,-0.6167939591060987,-0.636223137835728,-0.0030450417728894452
3.9050000000000002,0.470822473171406,-0.7365235879687502,0.5955570893702415,-0.6210136802747322,-0.6391984230010461,-0.0029752851653180867
3.91,0.46713638573499994,-0.7378992075000003,0.5924312036924296,-0.6251771355623797,-0.642103518176208,-0.002905095175161909
3.915,0.4634436030579687,-0.7392016504687503,0.5892847856998634,-0.6292835985132312,-0.6449380031723045,-0.002834484996096509
3.92,0.45974449151999996,-0.7404307199999998,0.5861181239117216,-0.6333323576283701,-0.6477014708993173,-0.0027634677270127472
3.9250000000000003,0.4560394184570311,-0.7415862304687504,0.582931510330319,-0.6373227162805244,-0.6503935272734523,-0.0026920563741350545
3.93,0.4523287521049999,-0.7426680075,0.5797252403671803,-0.6412539926277246,-0.6530137911265954,-0.0026202638531430678
3.935,0.4486128615435936,-0.7436758879687498,0.5764996127695501,-0.6451255195260572,-0.6555618941179336,-0.0025481029913382303
3.94,0.4448921166400001,-0.7446097200000001,0.5732549295473416,-0.6489366444416916,-0.6580374806477498,-0.002475586529816165
3.9450000000000003,0.4411668879926561,-0.7454693629687503,0.5699914959005298,-0.652686729362355,-0.6604402077734275,-0.002402727125677684
3.95,0.43743754687499997,-0.7462546875000003,0.5667096201469877,-0.6563751507084151,-0.6627697451276491,-0.002329537354221589
3.955,0.4337044651792188,-0.74696557546875,0.563409613650769,-0.66000129924373,-0.6650257748388444,-0.0022560297111953176
3.96,0.42996801536000007,-0.7476019200000004,0.5600917907508369,-0.663564579986409,-0.6672079914538448,-0.0021822166150003985
3.9650000000000003,0.42622857037828105,-0.7481636254687499,0.5567564686902388,-0.6670644121196293,-0.6693161018627793,-0.0021081104089345493
3.97,0.42248650364499984,-0.7486506075,0.5534039675457256,-0.6705002289026368,-0.6713498252261946,-0.0020337233634152296
3.975,0.41874218896484366,-0.7490627929687497,0.5500346101578153,-0.6738714775820612,-0.6733088929044098,-0.0019590676782151872
3.98,0.4149960004800001,-0.7494001199999998,0.546648722061297,-0.6771776193036605,-0.6751930483890758,-0.001884155484666028
3.985,0.4112483126139063,-0.7496625379687499,0.5432466314161739,-0.6804181290246095,-0.6770020472369533,-0.001808998847877552
3.99,0.40749950001499996,-0.7498500075000002,0.5398286689390417,-0.6835924954264367,-0.6787356570058698,-0.0017336097689164554
3.995,0.4037499375004687,-0.74996250046875,0.5363951678348982,-0.6867002208287082,-0.6803936571928648,-0.0016580001869950234
4.0,0.4,-0.75,0.5329464637293804,-0.6897408211035511,-0.6819758391744907,-0.001582181981625852
4.005,0.3962500624995315,-0.74996250046875,0.5294828946014248,-0.6927138255911047,-0.6834820061492444,-0.0015061669747536977
4.01,0.39250049998500014,-0.7498500075000005,0.5260048007163449,-0.695618777015978,-0.6849119730821235,-0.001429966932879112
4.015,0.3887516873860943,-0.7496625379687503,0.522512524559321,-0.6984552314047889,-0.6862655666512532,-0.001353593569129674
4.0200000000000005,0.38500399951999964,-0.7494001199999993,0.5190064107692967,-0.7012227580048565,-0.6875426251966066,-0.0012770585453534267
4.025,0.38125781103515605,-0.7490627929687501,0.5154868060732761,-0.7039209392041069,-0.688742998670703,-0.0012003734740964056
4.03,0.37751349635499976,-0.7486506075,0.5119540592210149,-0.7065493704522559,-0.6898665485913819,-0.001123549920678868
4.035,0.37377142962171883,-0.7481636254687498,0.5084085209200983,-0.7091076601833176,-0.6909131479964803,-0.0010465994050984362
4.04,0.37003198464,-0.7476019199999997,0.5048505437714008,-0.711595429739493,-0.6918826814004914,-0.0009695334040110692
4.045,0.3662955348207813,-0.7469655754687494,0.5012804822049184,-0.714012313296478,-0.6927750447530976,-0.0008923633526062291
4.05,0.362562453125,-0.7462546874999998,0.4976986924159672,-0.716357957790236,-0.6935901453995919,-0.0008151006464942601
4.055,0.35883311200734386,-0.7454693629687497,0.49410553230174087,-0.7186320228452652,-0.6943279020431168,-0.0007377566435249339
4.0600000000000005,0.3551078833599999,-0.7446097200000003,0.49050136139821887,-0.7208341807043974,-0.694988244708705,-0.0006603426655882316
4.065,0.351387138456406,-0.7436758879687505,0.4868865408174181,-0.7229641161601525,-0.6955711147090643,-0.0005828700003592813
4.07,0.3476712478949997,-0.7426680075000001,0.4832614331849797,-0.7250215264876737,-0.696076464612092,-0.000505349903027752
4.075,0.3439605815429685,-0.7415862304687502,0.4796264025780834,-0.7270061213792627,-0.6965042582100561,-0.0004277935979640768
4.08,0.34025550847999986,-0.7404307200000002,0.47598181446368076,-0.7289176228805333,-0.6968544704904178,-0.0003502122803616947
4.085,0.3365563969420315,-0.7392016504687503,0.4723280356370398,-0.7307557653281948,-0.6971270876082464,-0.00027261711782855524
4.09,0.332863614265,-0.7378992075000002,0.4686654341605924,-0.7325202952894766,-0.6973221068601989,-0.0001950192519525329
4.095,0.32917752682859397,-0.7365235879687507,0.4649943793030764,-0.7342109715032008,-0.6974395366599923,-0.00011742979979334489
4.1,0.3254985000000004,-0.7350750000000006,0.46131524147896386,-0.7358275648225066,-0.69747939651538,-3.9859855387791576e-05
4.105,0.32182689807765597,-0.7335536629687502,0.4576283921881677,-0.7373698581592284,-0.6974417170065395,3.7679508840593456e-05
4.11,0.3181630842349999,-0.7319598075000006,0.4539342039560181,-0.7388376464299278,-0.697326539765839,0.0001151772407004259
4.115,0.31450742046421887,-0.7302936754687508,0.4502330502735002,-0.7402307365035727,-0.6971339174589961,0.0001926223068429156
4.12,0.3108602675200001,-0.7285555200000001,0.4465253055377459,-0.7415489471508618,-0.6968639137675003,0.0002700036914957682
4.125,0.3072219848632813,-0.72674560546875,0.44281134499277,-0.7427921089951824,-0.696516603372323,0.00034731039517732487
4.13,0.3035929306050001,-0.7248642074999992,0.439091544670444,-0.7439600644651948,-0.6960920719388495,0.0004245314334735406
4.135,0.29997346144984405,-0.7229116129687498,0.43536628133169886,-0.7450526677490289,-0.6955904161029997,0.0005016558358498235
4.14,0.29636393264000027,-0.7208881200000001,0.43163593240794845,-0.7460697847500796,-0.6950117434584929,0.0005786726445067281
4.1450000000000005,0.29276469789890613,-0.7187940379687501,0.4279008759427265,-0.7470112930443868,-0.6943561725452116,0.0006555709132812781
4.15,0.28917610937499993,-0.7166296875000001,0.42416149053352864,-0.7478770818395815,-0.6936238328386329,0.0007323397065787107
4.155,0.2855985175854686,-0.7143954004687502,0.42041815527385173,-0.7486670519353779,-0.6928148647403001,0.0008089680983328629
4.16,0.28203227136,-0.71209152,0.41667124969542374,-0.7493811156855948,-0.6919294195692588,0.000885445171041277
4.165,0.27847771778453123,-0.7097184004687502,0.41292115371061533,-0.7500191969616826,-0.6909676595544625,0.000961760014796309
4.17,0.2749352021450001,-0.7072764074999999,0.4091682475550267,-0.7505812311177332,-0.6899297578280761,0.0010379017263864032
4.175,0.27140506787109386,-0.70476591796875,0.4054129117302419,-0.7510671649569506,-0.6888158984196641,0.0011138594084120212
4.18,0.26788765648000046,-0.702187320000001,0.4016555269467441,-0.7514769566995557,-0.6876262762512073,0.0011896221684567498
4.1850000000000005,0.2643833075201558,-0.69954101296875,0.3978964740669836,-0.7518105759521022,-0.6863610971329415,0.0012651791182658467
4.19,0.2608923585149997,-0.6968274075000004,0.3941361340485927,-0.7520680036781745,-0.6850205777599194,0.0013405193730220422
4.195,0.2574151449067186,-0.69404692546875,0.3903748878877405,-0.7522492321704425,-0.6836049457093707,0.0014156320505487319
4.2,0.25395199999999984,-0.6911999999999994,0.38661311656262026,-0.7523542650240446,-0.6821144394387033,0.00149050627066738
4.205,0.2505032549057813,-0.6882870754687502,0.38285120097706393,-0.7523831171112708,-0.6805493082841949,0.0015651311545084035
4.21,0.2470692384850003,-0.6853086075000001,0.37908952190427636,-0.7523358145575169,-0.6789098124603182,0.00163949582387668
4.215,0.243650277292344,-0.6822650629687502,0.375328459930684,-0.7522123947184809,-0.6771962230596618,0.0017135894006564678
4.22,0.24024669552000055,-0.6791569200000013,0.3715683953998911,-0.7520129061585707,-0.6754088220534171,0.0017874010062446377
4.225,0.23685881494140637,-0.6759846679687502,0.36780970835673865,-0.7517374086304958,-0.6735479022924238,0.0018609197609933403
4.23,0.23348695485499993,-0.6727488075000001,0.3640527784914586,-0.7513859730560087,-0.6716137675086936,0.0019341347837301681
4.235,0.2301314320279686,-0.6694498504687503,0.36029798508391975,-0.7509586815077703,-0.6696067323174502,0.002007035191243456
4.24,0.22679256063999975,-0.6660883199999997,0.35654570694795823,-0.7504556271923046,-0.6675271222196,0.002079610097850182
4.245,0.22347065222703122,-0.6626647504687497,0.3527963223757882,-0.7498769144340145,-0.665375273604635,0.0021518486149649796
4.25,0.22016601562500004,-0.6591796875,0.349050209082487,-0.7492226586602272,-0.6631515337539406,0.0022237398506943507
4.255,0.21687895691359393,-0.6556336879687503,0.3453077441505508,-0.7484929863872395,-0.6608562608444655,0.0022952729094751767
4.26,0.21360977936000025,-0.652027320000001,0.3415693039745142,-0.7476880352073304,-0.6584898239527528,0.0023664368917126755
4.265,0.21035878336265668,-0.6483611629687502,0.3378352642056306,-0.7468079537767129,-0.6560526030592875,0.0024372208934653194
4.2700000000000005,0.2071262663950003,-0.6446358075000003,0.33410599969660865,-0.7458529018043933,-0.6535449890531514,0.002507614006136083
4.275,0.20391252294921836,-0.6408518554687493,0.3303818844463991,-0.7448230500419084,-0.6509673837369514,0.0025776053161999934
4.28,0.20071784447999996,-0.6370099200000002,0.32666329154502954,-0.7437185802739105,-0.6483201998319956,0.0026471839049557744
4.285,0.19754251934828138,-0.6331106254687499,0.3229505931184817,-0.7425396853095702,-0.6456038609837409,0.002716338848254729
4.29,0.19438683276500002,-0.6291546075,0.31924416027360786,-0.7412865689747691,-0.6428188017674084,0.0027850592163325416
4.295,0.1912510667348437,-0.6251425129687498,0.3155443630430826,-0.7399594461050515,-0.6399654676938207,0.0028533340735876767
4.3,0.1881354999999999,-0.6210750000000008,0.3118515703303861,-0.7385585425393077,-0.6370443152154135,0.002921152478407185
4.305,0.18504040798390609,-0.6169527379687502,0.3081661498548153,-0.7370840951141605,-0.6340558117324,0.0029885034830134938
4.3100000000000005,0.1819660627349997,-0.6127764074999992,0.30448846809652014,-0.7355363516590252,-0.6310004355990778,0.003055376133322185
4.315,0.1789127328704685,-0.6085467004687501,0.30081889024156105,-0.7339155709918199,-0.6278786761302582,0.0031217594688196515
4.32,0.17588068351999975,-0.6042643199999997,0.29715778012698457,-0.7322220229152941,-0.6246910336078065,0.003187642522451628
4.325,0.17287017626953127,-0.5999299804687489,0.2935055001859148,-0.7304559882139521,-0.6214380192872665,0.0032530143205400375
4.33,0.16988146910499968,-0.5955444074999999,0.2898624113926571,-0.7286177586515434,-0.6181201554045757,0.0033178638826908413
4.335,0.1669148163560934,-0.5911083379687491,0.28622887320781165,-0.726707636969097,-0.6147379751828186,0.0033821802217570696
4.34,0.1639704686400001,-0.5866225200000003,0.2826052435233943,-0.7247259368834709,-0.6112920228390578,0.003445952343760772
4.345,0.16104867280515678,-0.5820877129687514,0.2789918786079623,-0.722672983086395,-0.6077828535911876,0.0035091692478702585
4.3500000000000005,0.15814967187499973,-0.5775046874999994,0.2753891330517424,-0.7205491112439832,-0.604211033664813,0.0035718199263745642
4.355,0.15527370499171855,-0.5728742254687497,0.27179735971175895,-0.7183546679966885,-0.6005771403001192,0.0036338933646937743
4.36,0.15242100735999986,-0.5681971199999992,0.26821690965696054,-0.7160900109596814,-0.5968817617587954,0.003695378541323846
4.365,0.14959181019078116,-0.5634741754687503,0.2646481321133424,-0.7137555087236275,-0.5931254973308969,0.003756264427898448
4.37,0.14678634064499985,-0.5587062074999999,0.2610913744090632,-0.7113515408558418,-0.589308957341713,0.0038165399891839646
4.375,0.14400482177734375,-0.55389404296875,0.2575469819195542,-0.7088784979018009,-0.5854327631585974,0.0038761941831155777
4.38,0.1412474724799997,-0.5490385200000002,0.2540152980126193,-0.7063367813869892,-0.5814975471977726,0.0039352159608248005
4.385,0.13851450742640625,-0.5441404879687497,0.250496663993524,-0.7037268038190598,-0.5775039529310653,0.003993594266707312
4.39,0.135806137015,-0.5392008074999997,0.24699141905007252,-0.7010489886902933,-0.57345263489262,0.004051318038445273
4.3950000000000005,0.13312256731296823,-0.5342203504687483,0.24349990019767087,-0.698303770480331,-0.5693442586855214,0.004108376207098585
4.4,0.13046399999999958,-0.5291999999999994,0.24002244222437502,-0.6954915946591673,-0.5651795009883565,0.004164757697164956
4.405,0.12783063231203096,-0.5241406504687494,0.2365593776359231,-0.6926129176903817,-0.5609590495617203,0.004220451426636185
4.41,0.12522265698500024,-0.5190432075000008,0.23311103660075014,-0.6896682070345936,-0.5566836032546143,0.004275446307105968
4.415,0.12264026219859347,-0.5139085879687496,0.22967774689498452,-0.6866579411531231,-0.5523538720107833,0.004329731243830959
4.42,0.12008363152000034,-0.5087377200000006,0.22625983384742532,-0.6835826095118416,-0.5479705768749209,0.004383295135862442
4.425,0.11755294384765591,-0.50353154296875,0.22285762028449935,-0.6804427125851966,-0.543534449998847,0.004436126876073865
4.43,0.11504837335499973,-0.4982910075,0.21947142647519738,-0.6772387618603941,-0.539046234647498,0.004488215351349023
4.4350000000000005,0.11257008943421831,-0.49301707546874884,0.21610157007598874,-0.673971279841727,-0.5345066852048953,0.004539549442602708
4.44,0.11011825664000019,-0.48771071999999976,0.21274836607571357,-0.6706408000550325,-0.5299165671799427,0.004590118024952572
4.445,0.10769303463328195,-0.48237292546875,0.20941212674045223,-0.6672478670522669,-0.5252766572121581,0.004639909967784628
4.45,0.1052945781250001,-0.47700468749999986,0.20609316155837132,-0.6637930364161828,-0.5205877430772607,0.0046889141348973595
4.455,0.10292303681984372,-0.4716070129687502,0.20279177718454583,-0.6602768747650993,-0.515850623692638,0.004737119384622734
4.46,0.10057855535999993,-0.46618092000000005,0.19950827738575708,-0.6566999597577492,-0.5110661091227295,0.004784514569908471
4.465,0.0982612732689061,-0.46072743796874893,0.1962429629852661,-0.6530628800981958,-0.5062350205842548,0.004831088538474693
4.47,0.09597132489500093,-0.4552476075000016,0.1929961318075621,-0.649366235540805,-0.5013581904513259,0.004876830132928944
4.4750000000000005,0.09370883935546837,-0.4497424804687491,0.18976807862308576,-0.6456106368952645,-0.4964364622604686,0.0049217281908572885
4.48,0.0914739404799999,-0.4442131199999992,0.18655909509292756,-0.6417967060316393,-0.49147069071542926,0.004965771545039355
4.485,0.08926674675453117,-0.4386606004687494,0.1833694697135003,-0.6379250758854517,-0.486461741691982,0.005008949023447284
4.49,0.08708737126499932,-0.433086007499999,0.18019948776118638,-0.6339963904627816,-0.4814104922425049,0.005051249449477102
4.495,0.08493592164109365,-0.4274904379687506,0.17704943123695951,-0.6300113048453736,-0.4763178306004637,0.005092661642041196
4.5,0.08281249999999996,-0.421875,0.17391957881098077,-0.6259704851957456,-0.47118465618479777,0.005133174415665909
4.505,0.08071720289015616,-0.4162408129687485,0.17081020576716932,-0.6218746087622908,-0.46601187960412305,0.005172776580674721
4.51,0.07865012123500004,-0.41058900750000193,0.1677215839477475,-0.617724363884362,-0.4608004226608464,0.005211456943276627
4.515,0.07661134027671856,-0.4049207254687495,0.1646539816977608,-0.6135204499973382,-0.45555121835514467,0.005249204305701749
4.5200000000000005,0.07460093951999891,-0.399237119999998,0.1616076638095725,-0.6092635776376611,-0.45026521088880944,0.00528600746633523
4.525,0.07261899267578131,-0.3935393554687494,0.15858289146733331,-0.6049544684478363,-0.44494335566895593,0.005321855219853511
4.53,0.07066556760500087,-0.387828607500002,0.15557992219142633,-0.6005938551813964,-0.4395866193116622,0.005356736357293723
4.535,0.0687407262623434,-0.38210606296874805,0.15259900978288723,-0.5961824817078168,-0.4341959796454147,0.005390639666247532
4.54,0.06684452464000012,-0.37637292000000006,0.14964040426780034,-0.5917211030173812,-0.4287724257144355,0.0054235539309791525
4.545,0.06497701271140666,-0.37063038796875036,0.14670435184167038,-0.5872104852259914,-0.42331695778196843,0.005455467932467095
4.55,0.06313823437499977,-0.36487968750000094,0.14379109481377078,-0.5826514055799176,-0.4178305873333531,0.00548637044861533
4.555,0.06132822739796884,-0.3591220504687499,0.14090087155146838,-0.5780446524604824,-0.4123143370790097,0.00551625025434338
4.5600000000000005,0.05954702335999973,-0.35335871999999857,0.13803391642452498,-0.5733910253886811,-0.40676924095734324,0.005545096121666482
4.565,0.057794647597031124,-0.34759095046875005,0.13519045974937635,-0.568691335029727,-0.4011963441374693,0.00557289681987394
4.57,0.05607111914500007,-0.34182000750000086,0.13237072773338873,-0.5639464031975213,-0.39559670302188144,0.005599641115587861
4.575,0.0543764506835942,-0.33604716796875,0.12957494241909348,-0.5591570628590493,-0.3899713852489727,0.0056253177729087556
4.58,0.05271064847999973,-0.330273720000001,0.12680332162840002,-0.5543241581386933,-0.38432146969546876,0.005649915553503915
4.585,0.05107371233265601,-0.32450096296874875,0.12405607890678771,-0.549448544322463,-0.3786480464787201,0.005673423216748685
4.59,0.049465635514999384,-0.3187302074999977,0.121333423467477,-0.5445310878621431,-0.37295221695894165,0.005695829519778428
4.595,0.0478864047192189,-0.31296277546874907,0.11863556013558024,-0.539572666379351,-0.3672350937412905,0.0057171232176511655
4.6000000000000005,0.0463359999999996,-0.30719999999999814,0.11596268929223269,-0.5345741686695091,-0.3614978006779032,0.005737293063387272
4.605,0.04481439471828108,-0.30144322546874847,0.11331500681870406,-0.5295364947057256,-0.35574147286975805,0.005756327808145167
4.61,0.04332155548499905,-0.29569380749999824,0.11069270404049114,-0.5244605556425845,-0.349967256668525,0.005774216201233029
4.615,0.04185744210484332,-0.2899531129687482,0.10809596767139193,-0.519347273819843,-0.3441763096782391,0.005790946990285928
4.62,0.04042200752000047,-0.2842225200000016,0.10552497975756174,-0.5141975827660367,-0.33836980075695733,0.005806508921281761
4.625,0.03901519775390627,-0.27850341796875,0.10297991762155179,-0.50901242720199,-0.33254891001827735,0.0058208907386799735
4.63,0.037636951854999934,-0.2727972075000018,0.10046095380633062,-0.5037927630442346,-0.32671482883275926,0.005834081185518092
4.635,0.036287201840469074,-0.2671053004687501,0.09796825601928898,-0.4985395574083298,-0.32086875982930774,0.005846069003451526
4.64,0.03496587264000017,-0.2614291200000025,0.09550198707622852,-0.49325378861209196,-0.31501191689644403,0.005856842932863704
4.6450000000000005,0.033672882039531116,-0.25577010046875087,0.09306230484533488,-0.48793644617872617,-0.30914552518348704,0.005866391712956998
4.65,0.03240814062499986,-0.2501296874999973,0.09064936219113555,-0.48258853083986564,-0.30327082110167514,0.005874704081811899
4.655,0.031171551726093538,-0.24450933796874993,0.08826330691844297,-0.47721105453851637,-0.29738905232521007,0.005881768776465068
4.66,0.02996301135999957,-0.2389105199999989,0.08590428171628345,-0.4718050404319065,-0.291501477792217,0.005887574532993045
4.665,0.02878240817515587,-0.23333471296874964,0.08357242410181223,-0.4663715228942441,-0.2856093677056379,0.005892110086579139
4.67,0.027629623395000302,-0.22778340750000084,0.08126786636421532,-0.4609115475193816,-0.2797140035340596,0.005895364171578266
4.675,0.026504530761718548,-0.22225810546875024,0.07899073550859838,-0.45542617112338823,-0.2738166780124839,0.005897325521575736
4.68,0.025406996480000665,-0.21676032000000023,0.07674115319986322,-0.44991646174703115,-0.26791869514298855,0.005897982869495333
4.6850000000000005,0.024336879160782088,-0.21129157546875066,0.07451923570657237,-0.44438349865816734,-0.2620213701954056,0.005897324947582938
4.69,0.023294029764999613,-0.20585340749999903,0.07232509384480215,-0.4388283723540454,-0.2561260297078638,0.005895340487541811
4.695,0.022278291547343065,-0.20044736296874818,0.07015883292198455,-0.43325218456351994,-0.2502340114872954,0.005892018220568396
4.7,0.021289500000000294,-0.19507499999999994,0.06802055268073866,-0.4276560482491787,-0.24434666460992127,0.005887346877374133
4.705,0.020327482796405838,-0.18973788796875157,0.06591034724269174,-0.42204108760938525,-0.23846534942166409,0.005881315188257186
4.71,0.019392059735000133,-0.18443760749999855,0.06382830505229056,-0.4164084380802355,-0.232591437538458,0.005873911883206073
4.715,0.018483042682969186,-0.1791757504687496,0.0617745088206034,-0.4107592463374336,-0.22672631184660688,0.005865125691851131
4.72,0.017600235519999452,-0.173953920000001,0.05974903546911297,-0.4050946702980855,-0.22087136650301972,0.005854945343587159
4.7250000000000005,0.016743434082031383,-0.1687737304687488,0.057751956073500914,-0.3994158791224111,-0.21502800693540794,0.005843359567611783
4.73,0.015912426104999655,-0.16363680749999931,0.05578333580742401,-0.3937240532153805,-0.2091976498425063,0.005830357092901639
4.735,0.015106991168594375,-0.1585447879687507,0.05384323388628265,-0.38802038422827323,-0.20338172319414818,0.005815926648358116
4.74,0.014326900639999307,-0.15349931999999883,0.05193170351098185,-0.3823060750601598,-0.1975816662314167,0.005800056962731476
4.745,0.013571917617656526,-0.14850206296874974,0.050048791811685284,-0.3765823398593127,-0.19179892946662663,0.005782736764790075
4.75,0.012841796874999978,-0.1435546875,0.04819453979156256,-0.3708504040245444,-0.18603497468342653,0.005763954783200104
4.755,0.012136284804218134,-0.13865887546875086,0.04636898227053019,-0.36511150420647337,-0.18029127493672215,0.005743699746704384
4.76,0.011455119359999322,-0.13381631999999968,0.044572147828986566,-0.35936688830872543,-0.17456931455265434,0.0057219603840678035
4.765,0.010798030003281722,-0.12902872546875274,0.042804058751541245,-0.35361781548906435,-0.1688705891285242,0.0056987254241301355
4.7700000000000005,0.010164737645001032,-0.12429780750000248,0.04106473097073894,-0.3478655561604614,-0.16319660553270107,0.005673983595823134
4.775,0.009554954589843567,-0.11962529296874891,0.03935417401077846,-0.3421113919920967,-0.15754888190447686,0.005647723628224216
4.78,0.008968384479999258,-0.1150129199999995,0.037672390931226936,-0.33635661591030486,-0.151928947653896,0.005619934250580855
4.785,0.008404722238906315,-0.11046243796874933,0.03601937827072966,-0.33060253209945595,-0.1463383434616031,0.005590604192292903
4.79,0.00786365401500011,-0.10597560749999815,0.03439512599071575,-0.32485045600278084,-0.14077862127864774,0.005559722182955362
4.795,0.007344857125467952,-0.10155420046875037,0.03279961741910005,-0.31910171432313983,-0.135251344326239,0.005527276952408733
4.8,0.006848000000000409,-0.09719999999999943,0.031232829193981362,-0.3133576450237374,-0.1297580870954982,0.005493257230740817
4.805,0.006372742124530317,-0.09291480046875052,0.029694731207337444,-0.30761959732878363,-0.12430043534725523,0.0054576517482429615
4.8100000000000005,0.005918733984999536,-0.0887004074999993,0.02818528654871693,-0.30188893172410314,-0.11887998611168954,0.005420449235565686
4.815,0.0054856170110948455,-0.08455863796875179,0.026704451448928447,-0.2961670199576969,-0.11349834768811043,0.00538163842357911
4.82,0.005073023520000719,-0.08049132000000157,0.025252175223727167,-0.2904552450402563,-0.10815713964463863,0.005341208043471796
4.825,0.0046805766601571985,-0.07650029296875119,0.023828400217499015,-0.28475500124563025,-0.10285799281784984,0.005299146826788795
4.83,0.004307890354999344,-0.07258740750000073,0.02243306174694278,-0.279067694111247,-0.09760254931249836,0.005255443505351481
4.835,0.003954569246718664,-0.06875452546875209,0.02106608804475029,-0.2733947404384975,-0.09239246250112057,0.005210086811377787
4.84,0.003620208639998901,-0.06500351999999765,0.01972740020328493,-0.267737568293072,-0.08722939702375695,0.005163065477363615
4.845,0.0033043944457815666,-0.06133627546875005,0.01841691211825862,-0.2620976170052619,-0.08211502878751681,0.005114368236240147
4.8500000000000005,0.0030067031249998433,-0.05775468750000101,0.017134530432407504,-0.25647633717022295,-0.07705104496629388,0.005063983821222931
4.855,0.0027267016323448967,-0.054260662968751205,0.015880154479166506,-0.25087519064819963,-0.07203914400031304,0.005011900965980837
4.86,0.0024639473600004402,-0.05085611999999884,0.014653676226342914,-0.2452956505647183,-0.06708103559583033,0.004958108404482714
4.865,0.0022179880814064967,-0.04754298796874963,0.013454980219789197,-0.23973920131074344,-0.06217844072468209,0.00490259487114824
4.87,0.001988361894998958,-0.044323207499998324,0.012283943527075163,-0.2342073385428068,-0.0573330916239512,0.004845349100730888
4.875,0.0017745971679687944,-0.04119873046875,0.011140435681159657,-0.22870156918310117,-0.05254673179553185,0.004786359828419351
4.88,0.001576212480000505,-0.038171520000000216,0.010024318624061904,-0.2232234114195507,-0.047821116005795763,0.0047256157897360845
4.885,0.001392716567031771,-0.03524355046875201,0.008935446650532662,-0.21777439470584836,-0.043158010285150664,0.0046631057206451
4.89,0.001223608264999121,-0.03241680750000029,0.007873666351725301,-0.21235605976147223,-0.038559191927667706,0.0045988183574829575
4.8950000000000005,0.001068376453593367,-0.029693287968751748,0.006838816558866937,-0.20696995857167286,-0.03402644949065967,0.004532742437008033
4.9,0.0009265000000006074,-0.027075000000002094,0.0058307282869297355,-0.20161765438744025,-0.02956158279433165,0.004464866696328024
4.905,0.0007974477026557736,-0.024563962968747435,0.004849224678302505,-0.196300721725446,-0.02516640292136981,0.004395179872961837
4.91,0.0006806782350003981,-0.02216220749999991,0.003894120946462666,-0.19102074636796784,-0.020842732216510534,0.004323670704859277
4.915,0.0005756400892196201,-0.019871775468749322,0.0029652243196487075,-0.18577932536279176,-0.01659240428621523,0.004250327930295304
4.92,0.0004817715199998407,-0.017694720000001496,0.002062333984533225,-0.1805780670230965,-0.012417263998244334,0.004175140287970896
4.925,0.0003985004882813836,-0.015633105468748455,0.0011852410298966289,-0.1754185909273192,-0.008319167481259207,0.004098096516985127
4.93,0.0003252446049991642,-0.013689007499999663,0.00033372839030159143,-0.1703025279190075,-0.004299982124487323,0.0040191853567718835
4.9350000000000005,0.0002614110748453413,-0.011864512968750775,-0.0004924292102316843,-0.16523152010665515,-0.0003615865772812506,0.003938395547206073
4.94,0.0002063966399994399,-0.010161719999999264,-0.00129346531454929,-0.1602072208635211,0.0034941292511556214,0.003855715828436872
4.945,0.00015958752390687891,-0.00858273796875153,-0.0020696217886864874,-0.15523129482743947,0.0072652641922808445,0.003771134941125223
4.95,0.00012035937499921268,-0.007129687499997317,-0.0028211488781895613,-0.15030541790061477,0.010949905818428501,0.003684641626147657
4.955,8.807721046932837e-05,-0.005804700468749502,-0.0035483052644365866,-0.14543127724940505,0.014546130443294449,0.0035962246248659475
4.96,6.209536000056914e-05,-0.004609919999998624,-0.004251358120957075,-0.14061057130409768,0.01805200312218578,0.0035058726788913305
4.965,4.175740953082929e-05,-0.0035475004687498314,-0.004930583169750434,-0.13584500975867164,0.021465577652439522,0.0034135745302537428
4.97,2.6396144999552007e-05,-0.002619607499998722,-0.005586264737603221,-0.13113631357055744,0.02478489657374993,0.003319318921310408
4.9750000000000005,1.5333496092728716e-05,-0.0018284179687498181,-0.006218695812405121,-0.12648621496038004,0.02800799116847975,0.00322309459472982
4.98,7.880480000443946e-06,-0.0011761200000009353,-0.006828178099463644,-0.1218964574117045,0.031132881462027827,0.0031248902935480764
4.985,3.3371451564345733e-06,-0.0006649129687502864,-0.007415022077817479,-0.11736879567076706,0.034157576223100394,0.0030246947610725675
4.99,9.925150002976224e-07,-0.00029700749999932445,-0.007979547056548518,-0.1129049957462075,0.037080072964088884,0.0029224967409884894
4.995,1.245317186038264e-07,-7.462546875132149e-05,-0.008522081231092478,-0.10850683490879207,0.03989835794133561,0.0028182849772467253
5.0,0.0,0.0,-0.009042961739548144,-0.10417610169113319,0.04261040615546239,0.0027120482141267804
5.005,0.0,0.0,-0.00954253471898518,-0.09991459588740738,0.04521480869774072,0.002604402542278332
5.01,0.0,0.0,-0.010021155361750519,-0.09572412855306768,0.047712673594925904,0.0024978648971851827
5.015,0.0,0.0,-0.010479187971773305,-0.09160652200455718,0.0501057768087526,0.002393103213826693
5.0200000000000005,0.0,0.0,-0.010917006020868389,-0.0875636098190168,0.05239593985886652,0.0022901630501139247
5.025,0.0,0.0,-0.011334992205038363,-0.08359723683399478,0.054585030104341944,0.0021890902454754224
5.03,0.0,0.0,-0.011733538500774132,-0.07970925914715371,0.05667496102519182,0.0020899309208498723
5.035,0.0,0.0,-0.01211304602530837,-0.07590150490684781,0.05866769250387066,0.001992731478678844
5.04,0.0,0.0,-0.012473924119060805,-0.07217561875048696,0.06056523012654185,0.0018975376226711901
5.045,0.0,0.0,-0.012816589276700978,-0.06853303152803449,0.06236962059530403,0.0018043904687621778
5.05,0.0,0.0,-0.013141464130782744,-0.06497497081635317,0.0640829463835049,0.0017133257882008673
5.055,0.0,0.0,-0.013448976484576793,-0.06150247075880973,0.06570732065391371,0.0016243742704088182
5.0600000000000005,0.0,0.0,-0.013739558390938341,-0.05811638127230963,0.06724488242288397,0.0015375617689702553
5.065,0.0,0.0,-0.014013645274244833,-0.05481737666129836,0.06869779195469171,0.001452909531807739
5.07,0.0,0.0,-0.014271675092930125,-0.05160596373705834,0.07006822637122417,0.001370434416532465
5.075,0.0,0.0,-0.014514087541511553,-0.048482489716285694,0.07135837546465063,0.0012901490934264515
5.08,0.0,0.0,-0.014741323291311796,-0.04544714996004878,0.07257043770755776,0.0012120622429071387
5.085,0.0,0.0,-0.014953823269045177,-0.04249999554667613,0.07370661645655899,0.0011361787490012237
5.09,0.0,0.0,-0.01515202797241307,-0.03964094067357862,0.07476911634522589,0.0010624998886668985
5.095,0.0,0.0,-0.015336376821834629,-0.036869769884311725,0.07576013986206535,0.0009910235168394677
5.1000000000000005,0.0,0.0,-0.015507307547426333,-0.034186145118340734,0.07668188410917315,0.0009217442471077947
5.105,0.0,0.0,-0.01566525561033585,-0.03158961258190378,0.07753653773713166,0.0008546536279585154
5.11,0.0,0.0,-0.015810653657529913,-0.02907960943881243,0.07832627805167926,0.0007897403145475934
5.115,0.0,0.0,-0.015943931009131673,-0.026655470320351714,0.07905326828764957,0.0007269902359703095
5.12,0.0,0.0,-0.016065513177400438,-0.024316433653753116,0.07971965504565837,0.0006663867580087995
5.125,0.0,0.0,-0.01617582141644551,-0.022061647809014463,0.08032756588700218,0.0006079108413438172
5.13,0.0,0.0,-0.016275272301766147,-0.019890177064127736,0.08087910708222755,0.0005515411952253663
5.135,0.0,0.0,-0.016364277338711392,-0.017801007389049023,0.08137636150883074,0.0004972544266031859
5.14,0.0,0.0,-0.01644324259895641,-0.015793052049003505,0.08182138669355696,0.0004450251847262221
5.1450000000000005,0.0,0.0,-0.016512568384096222,-0.013865157027962687,0.08221621299478205,0.00039482630122508744
5.15,0.0,0.0,-0.016572648915463027,-0.012016106273361372,0.0825628419204811,0.0003466289256990607
5.155,0.0,0.0,-0.01662387204927972,-0.01024462676333865,0.08286324457731514,0.0003004026568340368
5.16,0.0,0.0,-0.016666619016269674,-0.008549393397990764,0.0831193602463986,0.0002561156690834565
5.165,0.0,0.0,-0.016701264184851246,-0.006929033716314421,0.08333309508134837,0.0002137348349497692
5.17,0.0,0.0,-0.016728174847054734,-0.005382132440697461,0.08350632092425622,0.0001732258429078537
5.175,0.0,0.0,-0.016747711026309633,-0.0039072358509799916,0.08364087423527367,0.0001345533110174435
5.18,0.0,0.0,-0.01676022530626095,-0.002502855990263673,0.08373855513154817,9.768089627450183e-05
5.1850000000000005,0.0,0.0,-0.0167660626797849,-0.0011674747047899974,0.08380112653130475,6.257139975658632e-05
5.19,0.0,0.0,-0.016765560417386603,0.00010045247965928951,0.0838303133989245,2.918686761974043e-05
5.195,0.0,0.0,-0.01675904795417528,0.0013024926422648571,0.08382780208693302,-2.5113119914710325e-06
5.2,0.0,0.0,-0.016746846794625833,0.0024402319098893173,0.0837952397708764,-3.2562316056625185e-05
5.205,0.0,0.0,-0.016729270434349703,0.0035152720552258385,0.08373423397312917,-6.100579774723225e-05
5.21,0.0,0.0,-0.016706624298112222,0.004529227247495984,0.08364635217174851,-8.788180138065427e-05
5.215,0.0,0.0,-0.01667920569334855,0.005483720952734032,0.08353312149056111,-0.00011323068118740398
5.22,0.0,0.0,-0.016647303778445446,0.0063803829806209356,0.08339602846674275,-0.00013709302381835486
5.2250000000000005,0.0,0.0,-0.01661119954507162,0.007220846674765441,0.08323651889222723,-0.0001595095745155206
5.23,0.0,0.0,-0.016571165813855256,0.008006746243272377,0.0830559977253581,-0.00018052116686913255
5.235,0.0,0.0,-0.016527467242723314,0.008739714226388426,0.08285582906927628,-0.00020016865608181444
5.24,0.0,0.0,-0.016480360347233446,0.009421379097973432,0.08263733621361657,-0.00021849285565971044
5.245,0.0,0.0,-0.016430093532245896,0.010053362997510161,0.08240180173616724,-0.00023553447744933953
5.25,0.0,0.0,-0.01637690713429921,0.010637279589337198,0.08215046766122948,-0.0002513340749377563
5.255,0.0,0.0,-0.016321033474070372,0.011174732045767825,0.08188453567149605,-0.00026593198973343113
5.26,0.0,0.0,-0.016262696918316662,0.011667311150742217,0.08160516737035187,-0.0002793683011441811
5.265,0.0,0.0,-0.016202113950713408,0.012116593520650596,0.08131348459158332,-0.0002916827787685511
5.2700000000000005,0.0,0.0,-0.016139493251018603,0.01252413993896097,0.08101056975356705,-0.00030291483801626884
5.275,0.0,0.0,-0.01607503578201217,0.01289149380128636,0.08069746625509301,-0.00031310349847403496
5.28,0.0,0.0,-0.016008934883674508,0.013220179667532805,0.08037517891006085,-0.00032228734503216006
5.285,0.0,0.0,-0.015941376374085606,0.013511701917780507,0.08004467441837254,-0.0003305044916883104
5.29,0.0,0.0,-0.015872538656542777,0.013767543508566217,0.07970688187042803,-0.00033779254794451263
5.295,0.0,0.0,-0.0158025928324115,0.013989164826254785,0.07936269328271389,-0.0003441885877141365
5.3,0.0,0.0,-0.015731702819240443,0.014178002634211801,0.07901296416205751,-0.00034972912065638073
5.305,0.0,0.0,-0.015660025473687857,0.014335469110516877,0.07865851409620221,-0.0003544500658552996
5.3100000000000005,0.0,0.0,-0.015587710718822916,0.014462950972988374,0.07830012736843929,-0.0003583867277629216
5.315,0.0,0.0,-0.015514901675381292,0.014561808688324884,0.07793855359411458,-0.0003615737743247055
5.32,0.0,0.0,-0.01544173479657026,0.01463337576220633,0.07757450837690646,-0.0003640452172081199
5.325,0.0,0.0,-0.01536834000603407,0.014678958107238052,0.0772086739828513,-0.00036583439405515894
5.33,0.0,0.0,-0.01529484083860575,0.014699833485664268,0.07684170003017035,-0.00036697395268095456
5.335,0.0,0.0,-0.015221354583486635,0.01469725102382289,0.07647420419302875,-0.0003674958371416015
5.34,0.0,0.0,-0.015147992429509828,0.014672430795361414,0.07610677291743317,-0.00036743127559557553
5.345,0.0,0.0,-0.01507485961215841,0.014626563470283486,0.07573996214754913,-0.0003668107698840406
5.3500000000000005,0.0,0.0,-0.015002055562023673,0.014560810026947422,0.07537429806079204,-0.0003656640867570893
5.355,0.0,0.0,-0.014929674054402715,0.014476301524191415,0.07501027781011836,-0.0003640202506736828
5.36,0.0,0.0,-0.01485780335974864,0.014374138930815098,0.07464837027201357,-0.0003619075381047915
5.365,0.0,0.0,-0.014786526394700123,0.014255393009703451,0.0742890167987432,-0.00035935347327037404
5.37,0.0,0.0,-0.01471592087343044,0.014121104253936558,0.07393263197350061,-0.00035638482524258386
5.375,0.0,0.0,-0.014646059459069003,0.013972282872287344,0.07357960436715219,-0.0003530276063484217
5.38,0.0,0.0,-0.014577009914961159,0.013809908821568887,0.07323029729534501,-0.00034930707180717835
5.385,0.0,0.0,-0.014508835255544392,0.013634931883353229,0.0728850495748058,-0.0003452477205392185
5.39,0.0,0.0,-0.01444159389663117,0.013448271782644499,0.07254417627772196,-0.0003408732970838352
5.3950000000000005,0.0,0.0,-0.014375339804900416,0.013250818346150666,0.07220796948315585,-0.0003362067945661129
5.4,0.0,0.0,-0.014310122646411115,0.013043431697860038,0.07187669902450208,-0.00033127045865376237
5.405,0.0,0.0,-0.01424598793396266,0.012826942489690797,0.07155061323205558,-0.00032608579244650104
5.41,0.0,0.0,-0.01418297717313744,0.012602152165044187,0.07122993966981331,-0.00032067356224227406
5.415,0.0,0.0,-0.014121128006871668,0.012369833253154288,0.0709148858656872,-0.0003150538041261086
5.42,0.0,0.0,-0.01406047435841072,0.012130729692189767,0.07060564003435835,-0.00030924583132885264
5.425,0.0,0.0,-0.014001046572515094,0.011885557179125147,0.07030237179205359,-0.000303268242304755
5.43,0.0,0.0,-0.013942871554792787,0.011635003544461205,0.07000523286257547,-0.0002971389294781218
5.4350000000000005,0.0,0.0,-0.013885972909043108,0.011379729149935854,0.06971435777396394,-0.0002908750886115308
5.44,0.0,0.0,-0.013830371072505968,0.011120367307428195,0.06942986454521555,-0.000284493228748392
5.445,0.0,0.0,-0.01377608344891937,0.010857524717319383,0.06915185536252984,-0.0002780091826857095
5.45,0.0,0.0,-0.013723124539296198,0.010591781924634319,0.06888041724459686,-0.00027143811793298167
5.455,0.0,0.0,-0.013671506070339458,0.010323693791348022,0.06861562269648099,-0.0002647945481158709
5.46,0.0,0.0,-0.01362123712042296,0.010053789983299737,0.0683575303516973,-0.00025809234478368914
5.465,0.0,0.0,-0.013572324243071879,0.00978257547021625,0.0681061856021148,-0.00025134474958249386
5.47,0.0,0.0,-0.01352477158788486,0.009510531037403706,0.0678616212153594,-0.00024456438675540815
5.4750000000000005,0.0,0.0,-0.01347858101884624,0.009238113807724088,0.0676238579394243,-0.00023776327593509616
5.48,0.0,0.0,-0.013433752229983597,0.008965757772528636,0.06739290509423121,-0.00023095284519308867
5.485,0.0,0.0,-0.013390282858332218,0.008693874330275658,0.06716876114991799,-0.00022414394431322093
5.49,0.0,0.0,-0.013348168594174144,0.00842285283161451,0.06695141429166108,-0.00021734685825690325
5.495,0.0,0.0,-0.013307403288525291,0.008153061129770777,0.06674084297087073,-0.00021057132079035923
5.5,0.0,0.0,-0.013267979057849691,0.007884846135120065,0.06653701644262645,-0.00020382652824427194
5.505,0.0,0.0,-0.013229886385985245,0.00761853437288908,0.06633989528924845,-0.0001971211533779993
5.51,0.0,0.0,-0.01319311422327038,0.007354432542972963,0.06614943192992623,-0.00019046335932222658
5.515,0.0,0.0,-0.013157650082865844,0.0070928280809070265,0.0659655711163519,-0.00018386081357432693
5.5200000000000005,0.0,0.0,-0.013123480134270449,0.006833989719079155,0.06578825041432922,-0.00017732070202268468
5.525,0.0,0.0,-0.013090589294033868,0.006578168047316127,0.06561740067135224,-0.0001708497429769723
5.53,0.0,0.0,-0.013058961313673753,0.006325596072023022,0.06545294647016935,-0.0001644542011828981
5.535,0.0,0.0,-0.013028578864808255,0.006076489773099612,0.06529480656836877,-0.00015813990180058024
5.54,0.0,0.0,-0.01299942362151875,0.005831048657901275,0.06514289432404127,-0.00015191224432749284
5.545,0.0,0.0,-0.012971476339960977,0.005589456311554439,0.06499711810759375,-0.0001457762164475268
5.55,0.0,0.0,-0.012944716935246087,0.005351880942977862,0.06485738169980489,-0.00013973640778885965
5.555,0.0,0.0,-0.012919124555616082,0.005118475926001261,0.06472358467623043,-0.0001337970235744529
5.5600000000000005,0.0,0.0,-0.012894677653941023,0.004889380335011766,0.06459562277808041,-0.00012796189815002246
5.565,0.0,0.0,-0.01287135405656804,0.0046647194745965785,0.06447338826970511,-0.00012223450837529903
5.57,0.0,0.0,-0.012849131029554605,0.004444605402686872,0.0643567702828402,-0.00011661798686490865
5.575,0.0,0.0,-0.012827985342320887,0.004229137446743551,0.06424565514777303,-0.00011111513506717463
5.58,0.0,0.0,-0.012807893328758087,0.004018402712559884,0.06413992671160443,-0.00010572843616860061
5.585,0.0,0.0,-0.012788830945831641,0.0038124765852892936,0.06403946664379044,-0.0001004600678139872
5.59,0.0,0.0,-0.012770773829719948,0.0036114232223387385,0.06394415472915821,-9.531191463223176e-05
5.595,0.0,0.0,-0.012753697349530952,0.003415296037799136,0.06385386914859974,-9.02855805584718e-05
5.6000000000000005,0.0,0.0,-0.01273757665864038,0.0032241381781142023,0.06376848674765476,-8.538240094498051e-05
5.605,0.0,0.0,-0.01272238674369679,0.0030379829887178787,0.06368788329320191,-8.060345445284889e-05
5.61,0.0,0.0,-0.0127081024713398,0.002856854471398288,0.06361193371848395,-7.594957471795949e-05
5.615,0.0,0.0,-0.012694698632678936,0.0026807677321727973,0.063540512356699,-7.142136178495129e-05
5.62,0.0,0.0,-0.012682149985581514,0.0025097294194843856,0.06347349316339468,-6.701919330431849e-05
5.625,0.0,0.0,-0.012670431294818743,0.0023437381525540945,0.06341074992790757,-6.274323548710603e-05
5.63,0.0,0.0,-0.012659517370120004,0.002182784939747886,0.06335215647409372,-5.8593453813857166e-05
5.635,0.0,0.0,-0.01264938310218581,0.002026853586838762,0.06329758685060002,-5.4569623493691544e-05
5.64,0.0,0.0,-0.012640003496710477,0.001875921095066586,0.06324691551092905,-5.0671339670974036e-05
5.6450000000000005,0.0,0.0,-0.012631353706465884,0.0017299580489186109,0.06320001748355239,-4.6898027376660045e-05
5.65,0.0,0.0,-0.012623409061498017,0.001588928993573365,0.06315676853232942,-4.324895122297112e-05
5.655,0.0,0.0,-0.01261614509748817,0.0014527928019692524,0.06311704530749009,-3.9723224839333104e-05
5.66,0.0,0.0,-0.012609537582330785,0.0013215030314770312,0.06308072548744086,-3.6319820049229845e-05
5.665,0.0,0.0,-0.012603562540979924,0.0011950082701722177,0.06304768791165392,-3.303757578693167e-05
5.67,0.0,0.0,-0.012598196278616327,0.0010732524727195194,0.06301781270489962,-2.987520675430677e-05
5.675,0.0,0.0,-0.012593415402186845,0.0009561752858965734,0.06299098139308164,-2.6831311817979153e-05
5.68,0.0,0.0,-0.012589196840367852,0.0008437123637986261,0.06296707701093422,-2.390438214741608e-05
5.6850000000000005,0.0,0.0,-0.012585517862003955,0.000735795672779342,0.06294598420183926,-2.109280909495803e-05
5.69,0.0,0.0,-0.012582356093072978,0.0006323537861956865,0.06292758931001978,-1.8394891819484283e-05
5.695,0.0,0.0,-0.012579689532227793,0.0005333121690368261,0.06291178046536489,-1.580884465489374e-05
5.7,0.0,0.0,-0.012577496564965152,0.00043859345252824993,0.06289844766113896,-1.3332804225926753e-05
5.705,0.0,0.0,-0.012575755976471087,0.0003481176988128361,0.06288748282482576,-1.0964836313201443e-05
5.71,0.0,0.0,-0.012574446963191986,0.00026180265582042243,0.06287877988235543,-8.702942470323327e-06
5.715,0.0,0.0,-0.012573549143179753,0.00017956400244660014,0.06287223481595992,-6.545066395510779e-06
5.72,0.0,0.0,-0.012573042565258903,0.0001013155841699233,0.06286774571589876,-4.4891000611640974e-06
5.7250000000000005,0.0,0.0,-0.012572907717062681,2.6969639244607977e-05,0.06286521282629452,-2.532889604237032e-06
5.73,0.0,0.0,-0.012573125531984617,-4.3562984386994865e-05,0.0628645385853134,-6.742409811161254e-07
5.735,0.0,0.0,-0.012573677395091173,-0.00011037262131119759,0.06286562765992308,1.0890746096753334e-06
5.74,0.0,0.0,-0.012574545148040333,-0.0001735505898320337,0.06286838697545587,2.7593155327854113e-06
5.745,0.0,0.0,-0.012575711093050184,-0.0002331890019700365,0.06287272574020167,4.3387647458009715e-06
5.75,0.0,0.0,-0.0125771579959607,-0.0002893805821032373,0.06287855546525092,5.829725049255607e-06
5.755,0.0,0.0,-0.012578869088431092,-0.00034221849407837775,0.0628857899798035,7.234514552575955e-06
5.76,0.0,0.0,-0.012580828069314173,-0.0003917961766163912,0.06289434544215546,8.5554623519557e-06
5.765,0.0,0.0,-0.012583019105248337,-0.0004382071868326747,0.06290414034657087,9.794904415411088e-06
5.7700000000000005,0.0,0.0,-0.012585426830506785,-0.0004815450516896412,0.06291509552624168,1.0955179670812942e-05
5.775,0.0,0.0,-0.012588036346142768,-0.0005219031271964346,0.06292713415253393,1.2038626292246168e-05
5.78,0.0,0.0,-0.01259083321846861,-0.000559374465168475,0.06294018173071383,1.304757817990887e-05
5.785,0.0,0.0,-0.0125938034769054,-0.0005940516873577271,0.06295416609234306,1.3984361629221231e-05
5.79,0.0,0.0,-0.012596933611239215,-0.0006260268667631539,0.062969017384527,1.485129218393999e-05
5.795,0.0,0.0,-0.012600210568318863,-0.0006553914159297783,0.06298466805619607,1.5650671669073524e-05
5.8,0.0,0.0,-0.012603621748229083,-0.0006822359820440624,0.06300105284159431,1.638478539824073e-05
5.805,0.0,0.0,-0.012607154999972248,-0.0007066503486329387,0.06301810874114541,1.7055899551102205e-05
5.8100000000000005,0.0,0.0,-0.012610798616690616,-0.0007287233436737653,0.06303577499986124,1.7666258715826055e-05
5.815,0.0,0.0,-0.01261454133046023,-0.0007485427539227138,0.06305399308345308,1.8218083591842182e-05
5.82,0.0,0.0,-0.012618372306686578,-0.0007661952452696078,0.06307270665230115,1.8713568848069406e-05
5.825,0.0,0.0,-0.012622281138131217,-0.0007817662889280034,0.0630918615334329,1.915488113174435e-05
5.83,0.0,0.0,-0.01262625783859757,-0.000795340093270359,0.06311140569065608,1.954415722318914e-05
5.835,0.0,0.0,-0.012630292836303167,-0.000806999541119374,0.06313128919298786,1.988350233177172e-05
5.84,0.0,0.0,-0.012634376966964707,-0.0008168261323080859,0.06315146418151583,2.0174988527979498e-05
5.845,0.0,0.0,-0.012638501466621323,-0.000824899931323013,0.06317188483482354,2.0420653307706704e-05
5.8500000000000005,0.0,0.0,-0.012642657964220556,-0.0008312995198465032,0.06319250733310662,2.0622498283079382e-05
5.855,0.0,0.0,-0.012646838473990639,-0.0008361019540165407,0.06321328982110277,2.0782487996154342e-05
5.86,0.0,0.0,-0.01265103538762176,-0.0008393827262245021,0.0632341923699532,2.090254885042664e-05
5.865,0.0,0.0,-0.01265524146627813,-0.0008412157312737303,0.06325517693810881,2.0984568155607564e-05
5.87,0.0,0.0,-0.012659449832461752,-0.0008416732367243832,0.06327620733139065,2.1030393281842863e-05
5.875,0.0,0.0,-0.012663653961748015,-0.0008408258572526387,0.06329724916230876,2.1041830918111515e-05
5.88,0.0,0.0,-0.012667847674412291,-0.0008387425328551854,0.06331826980874007,2.1020646431307854e-05
5.885,0.0,0.0,-0.012672025126965955,-0.0008354905107328134,0.06333923837206146,2.0968563321385747e-05
5.89,0.0,0.0,-0.012676180803619404,-0.000831135330689938,0.06336012563482978,2.0887262768318204e-05
5.8950000000000005,0.0,0.0,-0.012680309507688853,-0.000825740813890016,0.06338090401809703,2.0778383267250344e-05
5.9,0.0,0.0,-0.012684406352962904,-0.0008193690548099744,0.06340154753844426,2.0643520347238264e-05
5.905,0.0,0.0,-0.012688466755044104,-0.0008120804162400532,0.06342203176481452,2.048422637025704e-05
5.91,0.0,0.0,-0.012692486422679998,-0.0008039335271787959,0.06344233377522052,2.030201040599533e-05
5.915,0.0,0.0,-0.012696461349097379,-0.0007949852834762808,0.0634624321134,2.009833817948059e-05
5.92,0.0,0.0,-0.01270038780335279,-0.0007852908510821524,0.0634823067454869,1.987463208689977e-05
5.925,0.0,0.0,-0.012704262321711582,-0.0007749036717584536,0.06350193901676394,1.963227127704803e-05
5.93,0.0,0.0,-0.012708081699067186,-0.0007638754711207842,0.06352131160855791,1.9372591793964666e-05
5.9350000000000005,0.0,0.0,-0.01271184298041156,-0.0007522562688748282,0.06354040849533593,1.9096886778022237e-05
5.94,0.0,0.0,-0.012715543452367155,-0.0007400943911188692,0.0635592149020578,1.8806406721874613e-05
5.945,0.0,0.0,-0.012719180634790087,-0.0007274364845864403,0.06357771726183578,1.8502359777974875e-05
5.95,0.0,0.0,-0.01272275227245362,-0.0007143275327068574,0.06359590317395043,1.8185912114651592e-05
5.955,0.0,0.0,-0.012726256326820446,-0.000700810873364933,0.06361376136226811,1.7858188317676493e-05
5.96,0.0,0.0,-0.01272969096791167,-0.0006869282182447559,0.06363128163410223,1.752027183411775e-05
5.965,0.0,0.0,-0.012733054566279899,-0.0006727196736459631,0.06364845483955835,1.7173205456119667e-05
5.97,0.0,0.0,-0.012736345685093221,-0.000658223762664478,0.0636652728313995,1.681799184115318e-05
5.9750000000000005,0.0,0.0,-0.012739563072336388,-0.0006434774486332127,0.0636817284254661,1.645559406660002e-05
5.98,0.0,0.0,-0.012742705653134996,-0.0006285161597217346,0.06369781536168194,1.6086936215839454e-05
5.985,0.0,0.0,-0.012745772522207982,-0.0006133738145973698,0.06371352826567497,1.5712903993034266e-05
5.99,0.0,0.0,-0.01274876293645325,-0.0005980828490536448,0.06372886261103991,1.533434536493683e-05
5.995,0.0,0.0,-0.012751676307670828,-0.0005826742435153957,0.06374381468226625,1.49520712263429e-05
