time_s,desired_position_rad,desired_velocity_rad_s,position_rad,velocity_rad_s,velocity_command_rad_s,command_change_rad_s
0.0,0.0,0.0,-2e-05,-0.004,0.0,0.0
0.005,1.2453171875000003e-07,7.462546875000001e-05,-5.8750000000000005e-05,-0.00775,0.0008541797746875,0.0008541797746875
0.01,9.925150000000002e-07,0.0002970075,-0.000115078125,-0.011265625,0.00180691644,0.0009527366653125
0.015,3.3371451562499998e-06,0.0006649129687500001,-0.00018788574218749998,-0.0145615234375,0.0028579884553125,0.0010510720153125
0.02,7.880480000000002e-06,0.0011761200000000001,-0.00027614288330078126,-0.01765142822265625,0.004007373151875,0.0011493846965625002
0.025,1.5333496093750004e-05,0.0018284179687500003,-0.00037888395309448246,-0.020548213958740236,0.0052552305908203124,0.0012478574389453122
0.03,2.6396144999999996e-05,0.0026196075000000005,-0.0004952037060260773,-0.02326395058631897,0.006601888451140138,0.0013466578603198252
0.035,4.175740953125002e-05,0.00354750046875,-0.0006239865432198576,-0.025756567438756067,0.008047827883256378,0.0014459394321162406
0.04,6.209536000000002e-05,0.00460992,-0.0007641557917015267,-0.028033849696333813,0.009582459158295238,0.0015346312750388596
0.045,8.807721046875e-05,0.00580470046875,-0.0009146713407608062,-0.03010310981185592,0.011204337042736746,0.0016218778844415086
0.05,0.00012035937500000002,0.0071296875000000015,-0.0010745273638939198,-0.031971204626622736,0.012912087810698903,0.0017077507679621566
0.055,0.00015958752390625,0.00858273796875,-0.0012427501260215826,-0.03364455242553255,0.01470439899396811,0.0017923111832692067
0.06,0.00020639663999999998,0.01016172,-0.001418395875375285,-0.035129149870740506,0.01658000963272535,0.0018756106387572413
0.065,0.0002614110748437501,0.011864512968750001,-0.0016005488191808636,-0.0364305887611157,0.018537701012422504,0.001957691379697153
0.07,0.0003252446050000001,0.013689007500000003,-0.0017883226855116262,-0.037554773266152516,0.020576287872086006,0.002038586859663502
0.075,0.0003985004882812499,0.01563310546875,-0.001980859329870861,-0.038507328871846935,0.022694757215039708,0.0021184693429537015
0.08,0.00048177152000000023,0.01769472,-0.0021773274065168,-0.03929361532918782,0.024892153896157614,0.002197396681117906
0.085,0.00057564008921875,0.019871775468750005,-0.002376921103686753,-0.039918739433990574,0.02716757531804211,0.0022754214218844958
0.09,0.000680678235,0.022162207500000003,-0.002578858941773357,-0.04038756761732083,0.02952016648023882,0.002352591162196712
0.095,0.0007974477026562502,0.024563962968750002,-0.0027823826334131664,-0.04070473832796188,0.031949115372070395,0.002428948891831574
0.1,0.0009265000000000001,0.027075000000000002,-0.002986756004365461,-0.040874674190458885,0.03445364869951214,0.0025045333274417436
0.105,0.0010683764535937498,0.02969328796875,-0.003191263928003537,-0.04090158472761522,0.03703302793641286,0.002579379236900721
0.11,0.001223608265,0.0324168075,-0.003395211308321684,-0.04078947606362942,0.03968654375899196,0.0026535158225790972
0.115,0.00139271656703125,0.03524355046875001,-0.003597922110083059,-0.040542160352274946,0.0424135120279459,0.0027269682689539457
0.12,0.0015762124799999996,0.03817152,-0.003798738434709273,-0.04016326492524284,0.04521327000390784,0.002799757975961936
0.125,0.0017745971679687502,0.04119873046875,-0.003997019640492577,-0.03965624115666076,0.048085172786986846,0.002871902783079007
0.13,0.0019883618950000004,0.0443232075,-0.004192141505695826,-0.03902437304064996,0.05102858997115439,0.002943417184167546
0.135,0.0022179880814062504,0.047542987968750006,-0.004383495433093744,-0.038270785479583534,0.054042902504304456,0.003014312533150064
0.14,0.002463947360000001,0.050856120000000005,-0.004570487695104607,-0.037398452402172565,0.05712749974488751,0.003084597240583055
0.145,0.0027267016323437496,0.05426066296875,-0.0047525387182310586,-0.03641020462529016,0.06028177673145621,0.0031542769865686993
0.15,0.003006703125,0.057754687500000006,-0.004929082405535885,-0.03530873746096529,0.06350513164193858,0.0032233549104823678
0.155,0.0033043944457812504,0.06133627546875001,-0.005099565495888226,-0.03409661807046828,0.06679696343525156,0.00329183179331298
0.16,0.0036202086400000007,0.06500352000000001,-0.00526344695872756,-0.03277629256786686,0.07015666966801365,0.0033597062327620913
0.165,0.00395456924671875,0.06875452546875001,-0.00542019742310684,-0.031350092875856155,0.0735836444792689,0.0034269748112552567
0.17,0.004307890355000001,0.07258740750000002,-0.005569298639792139,-0.029820243337059675,0.07707727673629516,0.003493632257026258
0.17500000000000002,0.0046805766601562505,0.07650029296875001,-0.005710242975206026,-0.028188867082777434,0.08063694833473607,0.0035596715984409083
0.18,0.005073023520000001,0.08049132,-0.005842532936018439,-0.026457992162482683,0.0842620326461361,0.0036250843114000314
0.185,0.005485617011093749,0.08455863796875002,-0.005965680723206561,-0.024629557437624294,0.087951893106295,0.0036898604601589002
0.19,0.0059187339850000015,0.08870040750000001,-0.00607920781442417,-0.022705418243521923,0.09170588193801175,0.003753988831716751
0.195,0.006372742124531251,0.09291480046875003,-0.006182644573540908,-0.020687351823347494,0.09552333900194149,0.003817457063929733
0.2,0.006848000000000002,0.09720000000000002,-0.006275529886232757,-0.01857706253836983,0.09940359076944802,0.0038802517675065318
0.20500000000000002,0.0073448571254687515,0.10155420046875002,-0.00635741082052676,-0.016376186858800712,0.10334594941149061,0.003942358642042593
0.21,0.007863654014999997,0.10597560749999997,-0.006427842311225471,-0.014086298139742161,0.10734971199774467,0.004003762586254053
0.215,0.00840472223890625,0.11046243796875002,-0.006486386867159796,-0.011708911186864839,0.11141415980031891,0.004064447802574242
0.22,0.00896838448,0.11501292000000002,-0.0065326143002425955,-0.009245486616560052,0.11553855769659445,0.004124397896275542
0.225,0.009554954589843753,0.11962529296875,-0.006566101475319614,-0.006697435015403706,0.11972215366587391,0.0041835959692794605
0.23,0.010164737645000001,0.12429780750000002,-0.006586432079838866,-0.004066120903850473,0.12396417837469037,0.004242024708816461
0.23500000000000001,0.010798030003281252,0.12902872546875002,-0.006593196412384574,-0.0013528665091416558,0.1282638448457888,0.004299666471098418
0.24,0.011455119359999998,0.13381632,-0.006585991189146881,0.0014410446475387386,0.13262034820595292,0.004356503360164132
0.245,0.012136284804218748,0.13865887546874997,-0.006564419367423943,0.004314364344587499,0.1370328655080118,0.004412517302058883
0.25,0.012841796875,0.1435546875,-0.006528089985278504,0.007265876429087933,0.1415005556225179,0.004467690114506095
0.255,0.013571917617656255,0.14850206296875,-0.006476618016496569,0.010294393756387056,0.14602255919474774,0.0045220035722298435
0.26,0.014326900640000004,0.15349932,-0.006409624240021413,0.013398755295031014,0.15059799866282977,0.004575439468082032
0.265,0.015106991168593754,0.15854478796875004,-0.006326735123061647,0.016577823391953374,0.15522597833296042,0.00462797967013065
0.27,0.015912426105000002,0.16363680750000004,-0.006227582717097505,0.019830481192828344,0.1599055845078183,0.004679606174857881
0.275,0.016743434082031255,0.16877373046875002,-0.0061118045660348685,0.023155630212527308,0.16463588566443846,0.004730301156620154
0.28,0.017600235520000004,0.17395392000000004,-0.0059790436257816095,0.02655218805065172,0.16941593267795432,0.004780047013515865
0.28500000000000003,0.018483042682968753,0.17917575046875003,-0.005828948194545821,0.030019086247157722,0.17424475908775988,0.004828826409805559
0.29,0.019392059734999998,0.1844376075,-0.005661171853180135,0.03355526827313723,0.17912138140278652,0.004876622315026641
0.295,0.02032748279640625,0.18973788796875002,-0.0054753734149207535,0.037159687651876175,0.1840447994427286,0.00492341803994209
0.3,0.0212895,0.195075,-0.005271216883893891,0.04083130620537256,0.1890139967121868,0.0049691972694581865
0.305,0.02227829154734375,0.20044736296875004,-0.00504837142178607,0.04456909242156418,0.19402794080483377,0.005013944092646966
0.31,0.023294029765,0.20585340750000003,-0.004806511322098127,0.04837201993758856,0.19908558383483488,0.005057643030001113
0.315,0.024336879160781248,0.21129157546875002,-0.004545315991425756,0.052239066134474266,0.20418586289288532,0.005100279058050439
0.32,0.025406996480000013,0.21676032000000003,-0.004264469937232037,0.05616921083874378,0.20932770052434924,0.005141837631463919
0.325,0.02650453076171875,0.22225810546875002,-0.003963662761599572,0.06016143512649283,0.21451000522710584,0.005182304702756602
0.33,0.027629623395000004,0.22778340750000003,-0.0036425891604715786,0.0642147202255987,0.21973167196682877,0.0052216667397229355
0.335,0.028782408175156256,0.23333471296875002,-0.003300948927912574,0.06832804651180088,0.22499158270753422,0.005259910740705448
0.34,0.029963011360000003,0.2389105200000001,-0.0029384469649401217,0.07250039259449051,0.23028860695535133,0.0052970242478171115
0.34500000000000003,0.03117155172609376,0.24450933796875007,-0.0025547932924994206,0.07673073448814019,0.23562160231357004,0.005332995358218712
0.35000000000000003,0.032408140625000005,0.25012968750000003,-0.002149703068172404,0.08101804486540326,0.2409894150471313,0.005367812733561267
0.355,0.03367288203953124,0.25577010046875004,-0.0017228966062323558,0.08536129238800967,0.24639088065482428,0.0054014656076929735
0.36,0.03496587264,0.26142912,-0.0012740994006739264,0.08975944111168586,0.25182482444755244,0.0054339437927281575
0.365,0.03628720184046875,0.26710530046875,-0.0008030421508667944,0.09421144996142639,0.2572900621311276,0.005465237683575153
0.37,0.037636951854999996,0.2727972075,-0.00030946078949906097,0.09871627227354669,0.26278540039214404,0.005495338261016447
0.375,0.03901519775390625,0.27850341796875,0.00020690348750617977,0.10327285540104815,0.26830963748556846,0.005524237093424422
0.38,0.04042200752000001,0.28422252,0.0007463041894008216,0.10788014037892835,0.2738615638227743,0.005551926337205859
0.385,0.04185744210484375,0.28995311296875,0.0013089894976316809,0.11253706164617185,0.27943996255882547,0.005578398736051149
0.39,0.043321555484999996,0.29569380750000007,0.0018952022317379716,0.11724254682125813,0.285043610177899,0.005603647619073504
0.395,0.04481439471828126,0.3014432254687501,0.0025051798143785964,0.12199551652812497,0.29067127707580825,0.005627666897909278
0.4,0.04633600000000001,0.3072000000000001,0.003139154235726727,0.12679488426962615,0.29632172813866603,0.005650451062857775
0.405,0.047886404719218754,0.3129627754687501,0.00379735201745484,0.13163955634562255,0.3019937233167944,0.005671995178128386
0.41000000000000003,0.049465635515,0.3187302075000001,0.004479994176519563,0.13652843181294452,0.30768601819305896,0.0056922948762645476
0.41500000000000004,0.051073712332656264,0.32450096296875003,0.005187296188942373,0.14146040248456207,0.3133973645448652,0.005711346351806257
0.42,0.05271064847999999,0.33027371999999994,0.005919467953769351,0.14643435296539561,0.31912651089912447,0.005729146354259251
0.425,0.05437645068359375,0.33604716796875,0.006676713757380833,0.15144916072229642,0.32487220307955017,0.005745692180425699
0.43,0.056071119144999994,0.34182000749999997,0.0074592322383099305,0.15650369618581952,0.3306331847457016,0.00576098166615141
0.435,0.05779464759703125,0.34759095046875005,0.008267216352717459,0.16159682288150545,0.3364081979232554,0.0057750131775538005
0.44,0.05954702336,0.35335872,0.009100853340659847,0.16672739758847754,0.3421959835250242,0.005787785601768847
0.445,0.06132822739796876,0.35912205046875,0.009960324693276106,0.17189427052325176,0.3479952818623025,0.005799298337278269
0.45,0.06313823437500002,0.3648796875,0.010845806121009825,0.1770962855467438,0.3538048331461581,0.00580955128385563
0.455,0.06497701271140625,0.3706303879687501,0.011757467522972546,0.1823322803925442,0.35962337797833965,0.005818544832181527
0.46,0.06684452464,0.3763729200000001,0.012695472957545629,0.18760108691461655,0.3654496578315068,0.005826279853167138
0.465,0.06874072626234376,0.38210606296875005,0.013659980614308911,0.19290153135265647,0.3712824155185328,0.005832757687026013
0.47000000000000003,0.07066556760500002,0.38782860750000014,0.014651142787376059,0.19823243461342946,0.3771203956506685,0.005837980132135712
0.47500000000000003,0.07261899267578127,0.3935393554687501,0.01566910585020848,0.20359261256648403,0.38296234508438903,0.005841949433720517
0.48,0.07460093951999999,0.39923712000000006,0.016714010231972047,0.20898087635271367,0.38880701335678197,0.005844668272392939
0.485,0.07661134027671876,0.4049207254687501,0.017785990395493622,0.2143960327043153,0.3946531531093668,0.005846139752584856
0.49,0.07865012123499998,0.4105890075,0.018885174816867446,0.21983688427476475,0.40049952050026133,0.005846367390894502
0.495,0.08071720289015626,0.41624081296875004,0.020011685966754948,0.22530222997750024,0.4063448756046502,0.005845355104388883
0.5,0.08281250000000001,0.421875,0.021165640293415316,0.23079086533207327,0.4121879828035203,0.005843107198870101
0.505,0.08493592164109376,0.42749043796874997,0.02234714820749828,0.236301582816593,0.41802761116067244,0.005839628357152127
0.51,0.08708737126500005,0.4330860075,0.023556314068625052,0.2418331722253548,0.4238625347880238,0.005834923627351385
0.515,0.08926674675453125,0.43866060046875,0.02479323617377808,0.24738442103060557,0.42969153319924835,0.0058289984112245286
0.52,0.09147394048000002,0.44421311999999996,0.026058006747515374,0.25295411474745905,0.4355133916518227,0.0058218584525743244
0.525,0.09370883935546877,0.44974248046875004,0.02735071193402054,0.2585410373010335,0.4413269014775527,0.005813509825730034
0.53,0.095971324895,0.45524760750000015,0.028671431790995235,0.26414397139493895,0.44713086040169076,0.005803958924138042
0.535,0.09826127326890627,0.46072743796875,0.03002024028539672,0.2697616988802973,0.45292407285075215,0.005793212449061391
0.54,0.10057855536000003,0.46618092000000005,0.03139720529101937,0.2753930011245302,0.45870535024916637,0.00578127739841422
0.545,0.10292303681984377,0.47160701296875013,0.03280238858791537,0.2810366593792001,0.46447351130490594,0.0057681610557395735
0.55,0.10529457812500005,0.47700468749999997,0.034235845863646565,0.286691455146239,0.47022738228425204,0.0057538709793460985
0.555,0.10769303463328127,0.48237292546875016,0.0356976267163563,0.2923561705419461,0.4759657972758602,0.005738414991608154
0.56,0.11011825664000002,0.48771072000000004,0.0371877746596472,0.2980295886581802,0.4816875984443121,0.00572180116845189
0.5650000000000001,0.11257008943421878,0.4930170754687502,0.03870632712924828,0.30371049392021593,0.4873916362733321,0.0057040378290200144
0.5700000000000001,0.11504837335500002,0.49829100750000005,0.040253315491452155,0.3093976724407753,0.4930767697988716,0.00568513352553951
0.5750000000000001,0.11755294384765627,0.50353154296875,0.04182876505330107,0.31508991236978345,0.49874186683226013,0.005665097033388522
0.58,0.12008363151999997,0.50873772,0.043432695074498255,0.32078600423943776,0.5043858041736324,0.005643937341372307
0.585,0.12264026219859375,0.5139085879687499,0.04506511878101933,0.3264847413042142,0.5100074678158492,0.005621663642216723
0.59,0.125222656985,0.5190432075,0.04672604338039668,0.3321849198754703,0.5156057531391256,0.005598285323276442
0.595,0.12783063231203126,0.5241406504687499,0.04841547007864837,0.3378853396503366,0.5211795650965978,0.005573811957472197
0.6,0.13046399999999997,0.5292,0.05013339409882147,0.34358480403462005,0.5267278183910491,0.0055482532944513
0.605,0.13312256731296873,0.53422035046875,0.05187980470111883,0.34928212045947254,0.5322494376430269,0.005521619251977805
0.61,0.135806137015,0.5392008075,0.05365468520457687,0.35497610069160757,0.537743357550582,0.0054939199075551
0.615,0.13851450742640622,0.54414048796875,0.05545801301026124,0.36066556113687265,0.5432085230408619,0.005465165490279866
0.62,0.14124747248,0.5490385200000001,0.057289759625946304,0.36634932313701346,0.5486438894137955,0.0054353663729336255
0.625,0.14400482177734375,0.55389404296875,0.059149890692243745,0.3720262132594875,0.5540484224780973,0.005404533064301775
0.63,0.14678634064499999,0.5587062075,0.0610383660101448,0.3776950635802101,0.5594210986798297,0.005372676201732429
0.635,0.1495918101907813,0.5634741754687499,0.06295513956994048,0.3833547119591362,0.5647609052237562,0.0053398065439265174
0.64,0.15242100736000008,0.56819712,0.06490015958148349,0.38900400230860155,0.5700668401877131,0.005305934963956926
0.645,0.15527370499171878,0.57287422546875,0.06687336850575533,0.3946417848543678,0.5753379126302385,0.0052710724425253375
0.65,0.15814967187499995,0.5775046875000002,0.068874703087702,0.40026691638933204,0.5805731426916816,0.005235230061443108
0.655,0.16104867280515625,0.5820877129687502,0.07090409439030139,0.40587826051987985,0.5857715616890208,0.005198418997339194
0.66,0.16397046864,0.58662252,0.07296146782982578,0.41147468790487673,0.5909322122046133,0.0051606505155925575
0.665,0.16691481635609381,0.5911083379687501,0.07504674321226232,0.4170550764873067,0.5960541481691054,0.005121935964492064
0.67,0.16988146910500004,0.5955444075000002,0.07715983477085522,0.4226183117185821,0.6011364349387112,0.005082286769605759
0.675,0.17287017626953127,0.59992998046875,0.07930065120473302,0.42816328677556065,0.6061781493670865,0.00504171442837531
0.68,0.17588068352,0.6042643200000003,0.08146909571858461,0.4336889027703182,0.611178379872001,0.0050002305049144935
0.685,0.1789127328704688,0.6085467004687501,0.0836650660633483,0.4391940689527371,0.6161362264970228,0.004957846625021856
0.6900000000000001,0.1819660627350001,0.6127764075000002,0.08588845457787819,0.44467770290597936,0.6210508009684181,0.0049145744713953166
0.6950000000000001,0.1850404079839063,0.61695273796875,0.08813914823155282,0.4501387307349247,0.6259212267474674,0.004870425779049281
0.7000000000000001,0.1881355,0.6210750000000002,0.09041702866779112,0.45557608724766135,0.6307466390783968,0.004825412330929368
0.705,0.1912510667348438,0.62514251296875,0.09272197224844175,0.46098871613012543,0.635526185032112,0.004779545953715214
0.71,0.19438683276499993,0.6291546075000002,0.09505385009901171,0.46637557011399267,0.6402590235459265,0.004732838513814452
0.715,0.19754251934828124,0.6331106254687501,0.09741252815470137,0.47173561113793205,0.6449443254594734,0.004685301913546991
0.72,0.20071784448000002,0.6370099200000001,0.09979786720721306,0.47706781050233743,0.649581273546964,0.0046369480874906
0.725,0.20391252294921874,0.6408518554687501,0.10220972295230135,0.48237114901765804,0.6541690625459884,0.004587788999024345
0.73,0.20712626639499998,0.6446358074999999,0.10464794603803362,0.48764461714645424,0.6587068991830133,0.004537836637024895
0.735,0.21035878336265626,0.64836116296875,0.10711238211373016,0.49288721513930783,0.6631940021957491,0.004487103012735805
0.74,0.21360977936,0.6520273200000001,0.10960287187955377,0.4980979531647215,0.6676296023525436,0.004435600156794561
0.745,0.2168789569135938,0.65563368796875,0.11211925113671949,0.5032758514331435,0.6720129424689654,0.004383340116421719
0.75,0.22016601562500002,0.6591796875,0.11466135083829578,0.5084199403152573,0.6763432774217173,0.004330334952751924
0.755,0.22347065222703125,0.6626647504687503,0.11722899714056917,0.513529260454678,0.6806198741600415,0.0042765967383242565
0.76,0.22679256064000008,0.66608832,0.11982201145494516,0.5186028628751989,0.6848420117147435,0.00422213755470191
0.765,0.23013143202796874,0.6694498504687502,0.12244021050035882,0.5236398090827332,0.6890089812049808,0.0041669694902373156
0.77,0.233486954855,0.6727488075,0.1250834063561693,0.5286391711620964,0.6931200858429553,0.004111104637974483
0.775,0.2368588149414063,0.6759846679687499,0.12775140651551317,0.5336000318687757,0.6971746409366196,0.004054555093664369
0.78,0.24024669551999997,0.6791569200000003,0.13044401393909236,0.5385214847158345,0.7011719738905412,0.003997332953921573
0.785,0.24365027729234373,0.68226506296875,0.13316102710937283,0.5434026340560975,0.7051114242050331,0.0039394503144919435
0.79,0.24706923848500006,0.6853086075000002,0.13590224008517165,0.5482425951597628,0.7089923434736659,0.0038809192686327654
0.795,0.2505032549057813,0.6882870754687499,0.1386674425566096,0.553040494287589,0.7128140953792755,0.003821751905609627
0.8,0.25395200000000007,0.6912000000000001,0.14145641990040858,0.5577954687597994,0.7165760556885767,0.0037619603093012044
0.805,0.25741514490671885,0.6940469254687498,0.14426895323551284,0.5625066670208506,0.7202776122454727,0.0037015565568959685
0.81,0.260892358515,0.6968274075000003,0.14710481947901388,0.5671732487002062,0.7239181649631699,0.003640552717697143
0.8150000000000001,0.26438330752015626,0.6995410129687502,0.14996379140236016,0.5717943846692579,0.7274971258151922,0.0035789608520223615
0.8200000000000001,0.26788765647999996,0.7021873200000004,0.15284563768783282,0.5763692570945335,0.7310139188253725,0.0035167930101802636
0.8250000000000001,0.27140506787109386,0.7047659179687499,0.15575012298526947,0.5808970594873298,0.7344679800569252,0.003454061231552674
0.8300000000000001,0.2749352021450001,0.7072764074999999,0.158677007969019,0.5853769967499077,0.7378587576006644,0.0033907775437392873
0.835,0.2784777177845312,0.7097184004687502,0.1616260493951109,0.5898082852183806,0.7411857115624646,0.003326953961800161
0.84,0.2820322713599999,0.7120915199999998,0.16459700015862305,0.5941901527024299,0.7444483140500254,0.0032626024875608284
0.845,0.2855985175854688,0.7143954004687498,0.16758960935123293,0.5985218385219776,0.747646049159012,0.003197735108986577
0.85,0.289176109375,0.7166296874999999,0.17060362231893764,0.6028025935409398,0.7507784129586464,0.003132363799634441
0.855,0.29276469789890625,0.7187940379687497,0.17363878071992858,0.6070316801981889,0.7538449134768175,0.0030665005181710336
0.86,0.29636393264,0.72088812,0.1766948225826078,0.6112083725358436,0.7568450706847545,0.0030001572079370042
0.865,0.29997346144984377,0.7229116129687504,0.17977148236373283,0.6153319562250074,0.759778416481339,0.002933345796584552
0.87,0.30359293060500003,0.7248642075000001,0.18286849100667818,0.6194017285890709,0.7626444946771019,0.0028660781957629
0.875,0.3072219848632813,0.72674560546875,0.18598557599980164,0.6234169986246922,0.7654428609779609,0.0027983663008589454
0.88,0.31086026751999996,0.72855552,0.18912246143490447,0.6273770870205644,0.7681730829687453,0.0027302219907844316
0.885,0.31450742046421876,0.73029367546875,0.19227886806577488,0.6312813261740802,0.7708347400965592,0.0026616571278138546
0.89,0.31816308423500006,0.7319598075,0.19545451336680486,0.6351290602059974,0.7734274236540166,0.0025926835574574536
0.895,0.3218268980776563,0.7335536629687498,0.1986491115916709,0.6389196449732062,0.7759507367624041,0.0025233131083874927
0.9,0.32549850000000013,0.7350749999999997,0.2018623738320694,0.6426524480796997,0.7784042943547982,0.0024535575923940733
0.905,0.32917752682859386,0.73652358796875,0.2050940080764986,0.646326848885841,0.7807877231591758,0.0023834288043775853
0.91,0.33286361426500005,0.7378992075000004,0.20834371926907871,0.6499422385160225,0.7831006616815575,0.00231293852238168
0.915,0.3365563969420313,0.7392016504687503,0.21161120936840275,0.653498019864806,0.7853427601892066,0.002242098507649115
0.92,0.34025550847999997,0.7404307200000004,0.2148961774064109,0.6569936076016317,0.7875136806939182,0.002170920504711682
0.925,0.3439605815429688,0.7415862304687502,0.2181983195472818,0.66042842817418,0.7896130969354288,0.0020994162415105544
0.93,0.347671247895,0.7426680075000001,0.22151732914633415,0.6638019198104687,0.7916406943649567,0.00202759742952785
0.935,0.35138713845640646,0.7436758879687498,0.22485289680893297,0.6671135325197628,0.7935961701289245,0.0019554757639678177
0.9400000000000001,0.3551078833600001,0.7446097200000005,0.22820471044939486,0.670362728092375,0.7954792330528455,0.0018830629239210417
0.9450000000000001,0.3588331120073439,0.7454693629687501,0.231572455349887,0.6735489800984269,0.7972896036254418,0.0018103705725962538
0.9500000000000001,0.3625624531250002,0.7462546875,0.23495581421931522,0.6766717738856451,0.7990270139829623,0.001737410357520508
0.9550000000000001,0.36629553482078125,0.74696557546875,0.2383544672521965,0.6797306065762566,0.8006912078937551,0.001664193910792866
0.96,0.37003198464,0.7476019200000004,0.24176809218751175,0.6827249870630504,0.8022819407430948,0.0015907328493396378
0.965,0.3737714296217188,0.7481636254687505,0.24519636436753509,0.6856544360046676,0.8037989795182683,0.001517038775173507
0.97,0.37751349635500003,0.7486506075000001,0.24863895679663597,0.6885184858201787,0.8052421027939495,0.0014431232756811907
0.975,0.3812578110351562,0.7490627929687498,0.25209554020005104,0.6913166806830077,0.8066111007178641,0.00136899792391465
0.98,0.3850039995199999,0.7494001199999998,0.2555657830826223,0.6940485765142548,0.8079057749967519,0.001294674278887742
0.985,0.38875168738609367,0.7496625379687507,0.25904935178749966,0.6967137409754736,0.8091259388826375,0.001220163885885639
0.99,0.39250049998500003,0.7498500075,0.2625459105548044,0.6993117534609499,0.810271417159417,0.0011454782767794658
0.995,0.39625006249953143,0.7499625004687503,0.2660551215802521,0.7018422050895323,0.8113420461297661,0.0010706289703491523
1.0,0.4,0.75,0.26957664507373236,0.7043046986960584,0.8123376736023719,0.0009956274726057313
1.0050000000000001,0.4037499375004687,0.74996250046875,0.27311013931784445,0.7066988488224213,0.8132581588795027,0.0009204852771308447
1.01,0.40749950001500007,0.7498500074999997,0.276655260726386,0.709024281708317,0.8141033727448979,0.0008452138653951558
1.0150000000000001,0.4112483126139064,0.7496625379687498,0.28021166390279456,0.711280635281712,0.814873197452,0.0007698247071021846
1.02,0.41499600048000024,0.7494001199999997,0.2837790016985399,0.7134675591490686,0.8155675267125259,0.0006943292605258167
1.025,0.4187421889648437,0.7490627929687506,0.2873569252714667,0.7155847145853622,0.8161862656853656,0.0006187389728397052
1.03,0.4224865036449999,0.7486506075,0.2909450841440864,0.7176317745239253,0.8167293309658339,0.0005430652804683245
1.035,0.4262285703782812,0.7481636254687505,0.2945431262618171,0.719608423546149,0.8171966505752376,0.00046731960940371575
1.04,0.42996801536000007,0.7476019199999997,0.29815069805117245,0.7215143578710708,0.8175881639507908,0.00039151337555320964
1.045,0.43370446517921873,0.7469655754687494,0.30176744447789683,0.7233492853448789,0.8179038219358599,0.00031565798506905107
1.05,0.43743754687500014,0.7462546875,0.30539300910504863,0.7251129254303568,0.8181435867705417,0.00023976483468179932
1.055,0.4411668879926561,0.7454693629687505,0.3090270341510301,0.7268050091962949,0.8183074320825555,0.000163845312013855
1.06,0.44489211664,0.7446097200000008,0.31266916054756455,0.728425279306891,0.8183953428784864,8.791079593084561e-05
1.065,0.4486128615435936,0.7436758879687497,0.31631902799762035,0.7299734900111627,0.8184073155353088,1.1972656822401007e-05
1.07,0.45232875210500006,0.7426680074999998,0.3199762750332823,0.7314494071323895,0.818343357792269,-6.395774303979973e-05
1.075,0.4560394184570313,0.7415862304687502,0.3236405390735703,0.7328528080576063,0.8182034887430388,-0.00013986904923013466
1.08,0.4597444915200002,0.7404307200000002,0.32731145648220616,0.7341834817271647,0.8179877388282101,-0.0002157499148287556
1.085,0.46344360305796856,0.7392016504687503,0.33098866262532806,0.7354412286243767,0.8176961498280597,-0.0002915890001503607
1.09,0.4671363857349999,0.7378992075000005,0.33467179192915436,0.7366258607652585,0.8173287748556433,-0.00036737497241645656
1.095,0.47082247317140635,0.7365235879687502,0.33836047793759627,0.7377372016883866,0.8168856783501405,-0.00044309650550278246
1.1,0.47450150000000024,0.7350749999999993,0.34205435336982065,0.7387750864448793,0.8163669360705141,-0.0005187422796263386
1.105,0.4781731019223438,0.7335536629687498,0.3457530501777632,0.7397393615885143,0.8157726350894355,-0.0005943009810785993
1.11,0.48183691576500004,0.7319598075000002,0.3494561996035932,0.7406298851659953,0.8151028737874885,-0.0006697613019470694
1.115,0.4854925795357814,0.7302936754687498,0.3531634322371301,0.7414465267073743,0.814357761847625,-0.0007451119398634853
1.12,0.4891397324799999,0.7285555200000001,0.3568743780732133,0.7421891672166411,0.8135374202498916,-0.000820341597733365
1.125,0.49277801513671876,0.72674560546875,0.3605886665690257,0.7428576991624848,0.8126419812664123,-0.0008954389834793242
1.1300000000000001,0.4964070693950001,0.7248642075000001,0.3643059267013719,0.7434520264692366,0.8116715884565991,-0.0009703928098131476
1.135,0.5000265385501564,0.7229116129687491,0.3680257870239119,0.743972064507999,0.8106263966626195,-0.0010451917939796607
1.1400000000000001,0.5036360673599999,0.7208881199999999,0.37174787572435175,0.7444177400879671,0.8095065720050879,-0.0011198246575315762
1.145,0.5072353021010937,0.7187940379687501,0.37547182068159146,0.7447889914479457,0.8083122918789926,-0.0011942801260953484
1.1500000000000001,0.510823890625,0.7166296874999998,0.3791972495228318,0.7450857682480674,0.8070437449498209,-0.0012685469291716656
1.155,0.5144014824145314,0.7143954004687496,0.38292378968064034,0.745308031561714,0.8057011311499206,-0.0013426137999003052
1.16,0.5179677286399998,0.7120915200000003,0.38665106844997854,0.7454557538676443,0.8042846616750486,-0.0014164694748719509
1.165,0.5215222822154688,0.7097184004687502,0.3903787130451902,0.7455289190423302,0.8027945589811407,-0.0014901026939079243
1.17,0.5250647978549999,0.7072764074999999,0.3941063506569527,0.7455275223525025,0.8012310567812391,-0.0015635021999016452
1.175,0.5285949321289062,0.7047659179687504,0.39783360850919225,0.7454515704479081,0.7995944000426455,-0.0016366567385935893
1.18,0.5321123435200001,0.7021873199999997,0.40156011391596363,0.7453010813542776,0.7978848449842239,-0.0017095550584216301
1.185,0.535616692479844,0.6995410129687493,0.40528549433829614,0.7450760844665053,0.7961026590738871,-0.0017821859103367421
1.19,0.5391076414849998,0.6968274074999998,0.40900937744100635,0.7447766205420393,0.794248121026251,-0.001854538047636134
1.195,0.5425848550932811,0.6940469254687497,0.41273139114947877,0.7444027416944832,0.7923215208004566,-0.0019266002257943837
1.2,0.5460479999999998,0.6912000000000007,0.4164511637064158,0.7439545113874054,0.790323159598119,-0.0019983612023375397
1.205,0.5494967450942188,0.6882870754687502,0.42016832372855756,0.7434320044283579,0.7882533498614599,-0.002069809736659156
1.21,0.5529307615149998,0.6853086075000001,0.42388250026337304,0.7428353069630995,0.7861124152715488,-0.0021409345899110477
1.215,0.5563497227076564,0.6822650629687499,0.42759332284572316,0.7421645164700238,0.7839006907467171,-0.0022117245248317596
1.22,0.55975330448,0.6791569199999998,0.4313004215544971,0.741419741754788,0.781618522441057,-0.0022821683056600817
1.225,0.5631411850585938,0.6759846679687507,0.4350034270692228,0.7406011029451423,0.7792662677430934,-0.0023522546979636294
1.23,0.5665130451449997,0.6727488075000004,0.43870197072665257,0.7397087314859533,0.7768442952745358,-0.002421972468557576
1.235,0.5698685679720311,0.6694498504687506,0.4423956845773247,0.7387427701344225,0.7743529848891748,-0.0024913103853609897
1.24,0.5732074393600002,0.6660883200000005,0.44608420144210215,0.7377033729554928,0.7717927276718569,-0.002560257217317896
1.245,0.5765293477729688,0.6626647504687497,0.44976715496868935,0.7365907053174443,0.7691639259375863,-0.0026288017342706027
1.25,0.579833984375,0.6591796875,0.4534441796881277,0.7354049438876701,0.7664669932307239,-0.0026969327068624427
1.2550000000000001,0.5831210430864066,0.65563368796875,0.4571149110712709,0.7341462766286341,0.7637023543242674,-0.002764638906456507
1.26,0.5863902206399999,0.6520273199999995,0.4607789855852409,0.732814902794003,0.7608704452192199,-0.002831909105047492
1.2650000000000001,0.5896412166373436,0.6483611629687499,0.46443604074986566,0.7314110329249512,0.7579717131440706,-0.002898732075149235
1.27,0.5928737336050003,0.6446358074999996,0.4680857151940988,0.7299348888466328,0.7550066165543164,-0.0029650965897541903
1.2750000000000001,0.5960874770507812,0.6408518554687505,0.4717276487124229,0.7283867036648174,0.7519756251320758,-0.0030309914222406142
1.28,0.5992821555200007,0.6370099199999992,0.4753614823212363,0.7267667217626865,0.7488792197857999,-0.0030964053462759766
1.285,0.6024574806517187,0.6331106254687505,0.47898685831522525,0.7250751987977854,0.7457178926499857,-0.003161327135814185
1.29,0.605613167235,0.6291546075,0.4826034203237209,0.723312401699125,0.7424921470850473,-0.003225745564938376
1.295,0.6087489332651563,0.6251425129687498,0.4862108133670431,0.7214786086644341,0.7392024976771451,-0.0032896494079022176
1.3,0.6118644999999995,0.6210750000000012,0.48980868391283083,0.7195741091575518,0.7358494702381404,-0.0033530274390046744
1.305,0.6149595920160937,0.6169527379687502,0.49339667993236064,0.7175992039059595,0.7324336018055931,-0.0034158684325472644
1.31,0.6180339372649998,0.6127764075000013,0.4969744509568529,0.7155542048984496,0.7289554406427623,-0.0034781611628308395
1.315,0.621087267129531,0.6085467004687501,0.5005416481337674,0.7134394353829205,0.7254155462387227,-0.0035398944040395675
1.32,0.6241193164800001,0.6042643200000001,0.504097924283089,0.7112552298643035,0.72181448930847,-0.0036010569302526996
1.325,0.6271298237304687,0.5999299804687507,0.507642933953602,0.709001934102606,0.7181528517930786,-0.0036616375153913916
1.33,0.6301185308950004,0.5955444074999999,0.5111763334791575,0.7066799051110769,0.7144312268599208,-0.0037216249331578632
1.335,0.6330851836439066,0.5911083379687491,0.5146977810349299,0.7042895111544842,0.710650218902876,-0.003781007957044724
1.34,0.6360295313600002,0.5866225199999999,0.5182069366936675,0.7018311317475017,0.7068104435426145,-0.003839775360261588
1.345,0.6389513271948438,0.58208771296875,0.5217034624819334,0.699305157653203,0.7029125276268828,-0.003897915915731631
1.35,0.6418503281249999,0.5775046874999997,0.5251870224363417,0.6967119908816571,0.698957109230822,-0.003955418396060839
1.355,0.6447262950082815,0.57287422546875,0.5286572826597848,0.694052044688621,0.6949448376573152,-0.004012271573506809
1.36,0.6475789926399995,0.5681971200000014,0.5321139113776565,0.6913257435743273,0.6908763734373365,-0.00406846421997864
1.365,0.6504081898092186,0.5634741754687497,0.5355565789940683,0.6885335232823616,0.6867523883303682,-0.00412398510696832
1.37,0.6532136593550002,0.5587062074999999,0.5389849581480615,0.6856758307986274,0.6825735653247664,-0.004178823005601795
1.375,0.6559951782226563,0.55389404296875,0.5423987237698135,0.6827531243503934,0.6783405986381911,-0.004232966686575357
1.3800000000000001,0.6587525275200006,0.5490385199999999,0.5457975531368405,0.6797658734054202,0.6740541937180519,-0.0042864049201392085
1.385,0.6614854925735936,0.5441404879687511,0.5491811259301963,0.6767145586711636,0.6697150672419179,-0.004339126476133992
1.3900000000000001,0.6641938629850002,0.5392008074999997,0.5525491242906665,0.6735996720940494,0.6653239471180137,-0.004391120123904191
1.395,0.6668774326870314,0.5342203504687507,0.5559012328749606,0.6704217168588192,0.6608815724856355,-0.0044423746323781765
1.4000000000000001,0.6695359999999998,0.5292000000000002,0.5592371389119003,0.667181207387941,0.6563886937156476,-0.00449287876998794
1.405,0.6721693676879689,0.5241406504687497,0.5625565322586057,0.6638786693410816,0.6518460724109569,-0.0045426213046906305
1.41,0.6747773430150004,0.5190432074999997,0.565859105456679,0.6605146396146423,0.6472544814069733,-0.004591591003983653
1.415,0.6773597378014066,0.5139085879687496,0.5691445537883857,0.657089666341347,0.642614704772105,-0.004639776634868253
1.42,0.6799163684799997,0.5087377200000006,0.5724125753328352,0.6536043088898887,0.6379275378082417,-0.004687166963863287
1.425,0.6824470561523436,0.5035315429687508,0.5756628710221583,0.6500591378646229,0.6331937870512455,-0.0047337507569962245
1.43,0.684951626645,0.49829100750000066,0.5788951446976849,0.6464547351053119,0.628414270271418,-0.004779516779827464
1.435,0.6874299105657813,0.4930170754687492,0.5821091031661194,0.6427916936869147,0.6235898164739971,-0.004824453797420913
1.44,0.6898817433600004,0.4877107200000005,0.5853044562557165,0.6390706179194183,0.6187212658996414,-0.004868550574355757
1.445,0.6923069653667183,0.48237292546874927,0.5884809168724551,0.6352921233477112,0.6138094700248906,-0.004911795874750768
1.45,0.694705421875,0.4770046875000006,0.5916382010562126,0.6314568367514944,0.6088552915626814,-0.004954178462209247
1.455,0.6970769631801563,0.4716070129687502,0.5947760280369387,0.6275653961452289,0.6038596044627687,-0.004995687099912716
1.46,0.6994214446400001,0.46618092000000005,0.5978941202908293,0.6236184507781157,0.598823293912227,-0.005036310550541656
1.465,0.7017387267310933,0.4607274379687503,0.6009922035964999,0.6196166611341083,0.5937472563358979,-0.005076037576329129
1.47,0.7040286751050001,0.45524760750000015,0.6040700070911597,0.6155606989319541,0.5886323993968621,-0.0051148569390357945
1.475,0.7062911606445317,0.4497424804687491,0.607127263326786,0.6114512471252627,0.5834796419968552,-0.005152757400006869
1.48,0.70852605952,0.4442131199999999,0.6101637083262991,0.6072889999026013,0.5782899142767368,-0.005189727720118387
1.485,0.7107332532454689,0.4386606004687515,0.6131790816397371,0.6030746626876118,0.5730641576169259,-0.005225756659810954
1.49,0.7129126287350005,0.4330860074999997,0.6161731264004329,0.5988089521391502,0.5678033246378101,-0.005260832979115726
1.495,0.7150640783589064,0.4274904379687506,0.6191455893811901,0.5944925961514469,0.5625083792001693,-0.005294945437640863
1.5,0.7171875000000001,0.421875,0.6220962210504616,0.5901263338542854,0.5571802964055993,-0.005328082794569977
1.5050000000000001,0.7192827971098436,0.41624081296874993,0.6250247756285275,0.585710915613196,0.5518200625968954,-0.005360233808703874
1.51,0.721349878765,0.4105890075000012,0.6279310111436759,0.5812471030296673,0.5464286753584597,-0.005391387238435685
1.5150000000000001,0.7233886597232818,0.4049207254687488,0.6308146894883827,0.576735668941371,0.5410071435166702,-0.005421531841789506
1.52,0.7253990604800006,0.3992371199999994,0.6336755764754947,0.5721773974223984,0.5355564871402604,-0.005450656376409846
1.5250000000000001,0.7273810073242184,0.3935393554687508,0.6365134418944122,0.567573083783509,0.5300777375406859,-0.005478749599574506
1.53,0.729334432395,0.3878286075000006,0.6393280595672741,0.5629235345723896,0.5245719372724952,-0.005505800268190697
1.5350000000000001,0.7312592737376566,0.38210606296874805,0.6421192074051437,0.5582295675739213,0.5190401401336396,-0.005531797138855543
1.54,0.7331554753599999,0.37637292000000006,0.644886667464196,0.5534920118104549,0.5134834111658314,-0.005556728967808233
1.545,0.7350229872885934,0.37063038796875036,0.6476302260019065,0.5487117075420934,0.5079028266548776,-0.005580584510953779
1.55,0.7368617656250003,0.36487968749999883,0.6503496735332414,0.5438895062669789,0.502299474130986,-0.005603352523891658
1.555,0.7386717726020312,0.3591220504687499,0.6530448048868492,0.5390262707215855,0.4966744523690579,-0.005625021761928084
1.56,0.7404529766399993,0.3533587200000014,0.6557154192612543,0.5341228748810174,0.4910288713890153,-0.005645580980042586
1.565,0.7422053524029691,0.3475909504687493,0.6583613202810509,0.5291802039593063,0.4853638524560807,-0.005665018932934585
1.57,0.7439288808549996,0.3418200075000002,0.6609823160530994,0.5241991544097141,0.47968052808101747,-0.005683324375063248
1.575,0.7456235493164063,0.33604716796875,0.6635782192227246,0.5191806339250368,0.4739800420204676,-0.0057004860605498475
1.58,0.7472893515200003,0.330273720000001,0.6661488470299142,0.5141255614379086,0.4682635492771476,-0.005716492743320034
1.585,0.748926287667344,0.32450096296874875,0.6686940213655197,0.5090348671211053,0.46253221610013046,-0.005731333177017128
1.59,0.7505343644850003,0.31873020749999914,0.671213568827459,0.5039094923878498,0.45678721998508465,-0.005744996115045808
1.595,0.7521135952807815,0.3129627754687505,0.6737073207769195,0.4987503898921142,0.45102974967449716,-0.005757470310587487
1.6,0.7536640000000004,0.3071999999999996,0.6761751133945642,0.49355852352892066,0.4452610051579049,-0.005768744516592261
1.605,0.7551856052817186,0.30144322546875063,0.6786167877367374,0.48833486843464236,0.4394821976720963,-0.0057788074858086125
1.61,0.7566784445150007,0.29569380749999896,0.6810321897916739,0.4830804109872989,0.4336945497013438,-0.005787647970752485
1.615,0.758142557895156,0.2899531129687496,0.6834211705357082,0.4777961488068509,0.427899294977554,-0.005795254723789778
1.62,0.7595779924799996,0.2842225200000016,0.6857835859894856,0.4724830907554905,0.4220976784805156,-0.00580161649703842
1.625,0.7609848022460938,0.27850341796875,0.6881192972741753,0.46714225693792844,0.41629095643803554,-0.005806722042480061
1.6300000000000001,0.7623630481449997,0.2727972075000011,0.6904281706676837,0.461774678701677,0.4104803963261192,-0.00581056011191633
1.635,0.763712798159531,0.26710530046874864,0.6927100776608703,0.4563813986373282,0.40466727686915654,-0.005813119456962668
1.6400000000000001,0.7650341273599992,0.2614291200000018,0.6949648950137645,0.4509634705788292,0.3988528880400545,-0.0058143888291020684
1.645,0.7663271179604685,0.2557701004687495,0.6971925048117832,0.44552195960374946,0.3930385310604098,-0.005814356979644664
1.6500000000000001,0.7675918593750002,0.2501296874999987,0.6993927945219509,0.44005794203354737,0.38722551840062686,-0.005813012659782957
1.655,0.7688284482739057,0.24450933796875135,0.70156565704912,0.43457250543382786,0.3814151737800656,-0.005810344620561236
1.6600000000000001,0.7700369886400005,0.2389105199999989,0.703710990792193,0.4290667486145961,0.37560883216719365,-0.005806341612871968
1.665,0.7712175918248442,0.23333471296874964,0.7058286997003456,0.4235417816305061,0.3698078397796546,-0.005800992387539061
1.67,0.7723703766049997,0.22778340750000084,0.7079186933292511,0.41799872578110286,0.36401355408443414,-0.005794285695220447
1.675,0.7734954692382807,0.22225810546874955,0.7099808868973063,0.41243871361105955,0.3582273437979544,-0.005786210286479743
1.68,0.7745930035199994,0.2167603199999995,0.7120152013418584,0.4068628889104075,0.35245058888616754,-0.005776754911786863
1.685,0.7756631208392183,0.21129157546875066,0.7140215633754322,0.40127240671476117,0.34668468056466134,-0.005765908321506197
1.69,0.7767059702350004,0.2058534074999983,0.7159999055419599,0.3956684333055382,0.340931021298752,-0.005753659265909317
1.695,0.7777217084526566,0.20044736296874888,0.7179501662730108,0.3900521462101705,0.33519102480355834,-0.005739996495193689
1.7,0.7787105000000004,0.19507499999999922,0.7198722899440223,0.38442473420231194,0.32946611604410697,-0.005724908759451364
1.705,0.7796725172035942,0.18973788796875157,0.7217662269305325,0.3787873973020396,0.32375773123539053,-0.005708384808716438
1.71,0.7806079402649999,0.18443760749999855,0.7236319336644127,0.3731413467760476,0.31806731784243714,-0.005690413392953397
1.715,0.7815169573170316,0.1791757504687496,0.7254693726901019,0.36748780513783597,0.3123963345804,-0.0056709832620371325
1.72,0.7823997644800003,0.1739539199999996,0.7272785127208414,0.36182800614789323,0.3067462514145795,-0.005650083165820496
1.725,0.7832565659179693,0.1687737304687488,0.7290593286949107,0.3561631948138723,0.30111854956052136,-0.0056277018540581425
1.73,0.7840875738950001,0.16363680750000215,0.7308118018318646,0.350494627390762,0.29551472148403923,-0.005603828076482131
1.735,0.7848930088314057,0.1585447879687507,0.7325359196887699,0.34482357138105124,0.2899362709012846,-0.005578450582754635
1.74,0.7856730993600003,0.15349932000000024,0.7342316762164443,0.33915130553488787,0.28438471277879346,-0.00555155812249114
1.745,0.7864280823823435,0.14850206296874974,0.7358990718156954,0.3334791198502324,0.27886157333349076,-0.005523139445302694
1.75,0.7871582031250001,0.1435546875,0.7375381133935603,0.32780831557300405,0.2733683900327864,-0.005493183300704363
1.7550000000000001,0.7878637151957822,0.13865887546874944,0.7391488144195465,0.32214020519722386,0.2679067115945656,-0.005461678438220818
1.76,0.7885448806399993,0.13381631999999968,0.7407311949818722,0.31647611246514984,0.26247809798721633,-0.005428613607349253
1.7650000000000001,0.7892019699967193,0.12902872546874988,0.7422852818437092,0.31081737236740825,0.25708412042973056,-0.005393977557485774
1.77,0.7898352623549993,0.12429780749999964,0.7438111084994248,0.30516533114311983,0.25172636139160715,-0.005357759038123411
1.7750000000000001,0.7904450454101565,0.11962529296875175,0.7453087152308249,0.29952134628001803,0.24640641459300394,-0.005319946798603203
1.78,0.7910316155200008,0.1150129199999995,0.7467781491633977,0.29388678651456607,0.24112588500465215,-0.00528052958835179
1.7850000000000001,0.7915952777610937,0.11046243796874933,0.748219464322558,0.28826303183206603,0.23588638884792926,-0.005239496156722895
1.79,0.7921363459849999,0.10597560749999815,0.7496327216898918,0.28265147346676295,0.23068955359487917,-0.005196835253050092
1.795,0.7926551428745321,0.10155420046875037,0.7510179892594016,0.27705351390194843,0.22553701796819942,-0.0051525356266797495
1.8,0.7931520000000014,0.09719999999999658,0.7523753420937518,0.2714705668700521,0.2204304319412478,-0.005106586026951604
1.805,0.793627257875469,0.09291480046875052,0.7537048623805155,0.2659040573527366,0.21537145673806868,-0.0050589752031791335
1.81,0.794081266015001,0.0887004074999993,0.7550066394884204,0.2603554215809813,0.21036176483342012,-0.005009691904648561
1.815,0.7945143829889063,0.08455863796874895,0.7562807700235962,0.25482610703516556,0.20540303995271367,-0.00495872488070645
1.82,0.7949269764800001,0.08049132000000157,0.7575273578858219,0.24931757244514766,0.20049697707209407,-0.004906062880619594
1.825,0.7953194233398438,0.07650029296874977,0.7587465143247736,0.24383128779033839,0.1956452824183799,-0.004851694653714184
1.83,0.7956921096450007,0.07258740750000073,0.7599383579962724,0.23836873429977024,0.19084967346910195,-0.004795608949277941
1.835,0.7960454307532814,0.06875452546875209,0.7611030150185333,0.2329314044521639,0.18611187895247058,-0.004737794516631366
1.84,0.7963797913599997,0.06500352000000191,0.7622406190284132,0.22752080197599242,0.18143363884740937,-0.00467824010506121
1.845,0.7966956055542177,0.06133627546875147,0.7633513112376609,0.2221384418495375,0.17681670438352348,-0.004616934463885891
1.85,0.7969932968750002,0.05775468750000101,0.7644352404891656,0.21678585030094727,0.17226283804111944,-0.004553866342404039
1.855,0.7972732983676573,0.05426066296874837,0.765492563313207,0.21146456480828682,0.1677738135511544,-0.004489024489965049
1.86,0.7975360526399996,0.05085612000000026,0.766523443983705,0.20617613409958777,0.16335141589526386,-0.004422397655890531
1.865,0.7977820119185943,0.04754298796875105,0.7675280545744695,0.20092211815289293,0.15899744130578547,-0.004353974589478393
1.87,0.7980116381050011,0.044323207499998324,0.7685065750154509,0.1957040881963002,0.15471369726566858,-0.004283744040116888
1.875,0.7982254028320312,0.04119873046875,0.7694591931489909,0.19052362670800166,0.1505020025085228,-0.004211694757145779
1.8800000000000001,0.7984237875200009,0.03817152000000164,0.7703861047860725,0.18538232741632152,0.14636418701861972,-0.0041378154899030795
1.885,0.798607283432969,0.03524355046874916,0.7712875137625712,0.18028179529974858,0.14230209203081629,-0.0040620949878034385
1.8900000000000001,0.7987763917350009,0.03241680750000029,0.7721636319955061,0.1752236465869683,0.1383175700306236,-0.003984522000192697
1.895,0.7989316235464067,0.029693287968748906,0.7730146795392906,0.17020950875689436,0.13441248475412407,-0.0039050852764995203
1.9000000000000001,0.7990735000000015,0.027074999999999252,0.7738408846419841,0.16524102053869275,0.1305887111880246,-0.0038237735660994754
1.905,0.7992025522973428,0.024563962968748854,0.7746424838015431,0.16031983191180713,0.12684813556956256,-0.0037405756184620276
1.9100000000000001,0.7993193217649996,0.02216220749999991,0.775419721822073,0.1554476041059829,0.12319265538661398,-0.0036554801829485895
1.915,0.7994243599107804,0.019871775468749322,0.7761728518700794,0.150626009601285,0.11962417937754267,-0.0035684760090713002
1.92,0.7995182284800002,0.017694720000001496,0.7769021355307201,0.14585673212811867,0.1161446275312935,-0.0034795518462491792
1.925,0.7996014995117187,0.01563310546875272,0.7776078428640563,0.141141466667244,0.11275593108730565,-0.003388696443987843
1.93,0.7996747553950002,0.013689007500002504,0.7782902524613052,0.1364819194497928,0.10946003253556023,-0.0032958985517454187
1.935,0.7997385889251561,0.011864512968749352,0.7789496515010916,0.1318798079572784,0.10625888561651767,-0.003201146919042566
1.94,0.7997936033599999,0.010161720000000686,0.7795863358056997,0.1273368609216119,0.10315445532113984,-0.0031044302953778247
1.945,0.7998404124760953,0.008582737968748689,0.7802006098973252,0.12285481832510757,0.10014871789085811,-0.0030057374302817352
1.95,0.7998796406249995,0.007129687499998739,0.7807927870543276,0.11843543140049419,0.09724366081752618,-0.0029050570733319264
1.955,0.7999119227895307,0.005804700468749502,0.7813631893674823,0.11408046263091991,0.0944412828435044,-0.0028023779740217747
1.96,0.7999379046399995,0.004609919999998624,0.7819121477962321,0.10979168574995993,0.09174359396153733,-0.0026976888819670725
1.965,0.7999582425904692,0.0035475004687498314,0.7824400022249401,0.10557088574161978,0.08915261541480499,-0.0025909785467323476
1.97,0.7999736038549984,0.0026196075000044063,0.7829471015191418,0.10141985884033979,0.08667037969685866,-0.0024822357179463267
1.975,0.7999846665039044,0.0018284179687512393,0.7834338035817968,0.09734041253099718,0.08429893055168972,-0.002371449145168944
1.98,0.7999921195200003,0.0011761199999995144,0.7839004754095413,0.09333436554890524,0.08204032297364111,-0.002258607578048605
1.985,0.7999966628548443,0.0006649129687502864,0.7843474931489404,0.08940354787981769,0.07989662320738977,-0.002143699766251339
1.99,0.7999990074850019,0.0002970075000007455,0.78477524215274,0.08554980075992517,0.07786990874800188,-0.0020267144593878877
1.995,0.7999998754682814,7.462546875132149e-05,0.7851841170361192,0.08177497667585516,0.07596226834083752,-0.00190764040716436
2.0,0.8,0.0,0.7855745217329426,0.07808093936466788,0.07417580198163094,-0.0017864663592065816
2.005,0.8,0.0,0.7859468695520119,0.07446956381385675,0.07249830051670432,-0.0016775014649266229
2.0100000000000002,0.8,0.0,0.7863015832333186,0.07094273626134327,0.07091426120143482,-0.0015840393152695004
2.015,0.8,0.0,0.786639095004296,0.06750235419547118,0.06942080807304714,-0.0014934531283876812
2.02,0.8,0.0,0.786959846636071,0.06415032635500435,0.06801500621903968,-0.0014058018540074602
2.025,0.8,0.0,0.7872642894997166,0.06088857272911893,0.06669386143967353,-0.0013211447793661513
2.0300000000000002,0.8,0.0,0.7875528846225036,0.057719024557400925,0.06545431991045922,-0.001239541529214308
2.035,0.8,0.0,0.7878260982690279,0.05464272930485738,0.06429326784464642,-0.0011610520658127954
2.04,0.8,0.0,0.7880843967692699,0.05165970004839347,0.0632077191109583,-0.0010855487336881298
2.045,0.8,0.0,0.7883282456157695,0.048769769299934325,0.0621948733756701,-0.0010128457352881967
2.05,0.8,0.0,0.7885581085988064,0.04597259660737841,0.061251967831394916,-0.0009429055442751813
2.055,0.8,0.0,0.7887744469771033,0.043267675659396855,0.06037628101783391,-0.0008756868135610038
2.06,0.8,0.0,0.7889777186817287,0.04065434092508825,0.059565136518689,-0.0008111444991449127
2.065,0.8,0.0,0.7891683775510165,0.03813177385756064,0.05881590654311204,-0.0007492299755769566
2.07,0.8,0.0,0.789346872653196,0.035699020435897996,0.0581260153995401,-0.000689891143571944
2.075,0.8,0.0,0.7895136477094192,0.033355011244633755,0.05749294040236245,-0.0006330749971776503
2.08,0.8,0.0,0.7896691405645757,0.031098571031306328,0.05691421171945081,-0.0005787286829116375
2.085,0.8,0.0,0.7898137827041031,0.0289284279054643,0.056387413826910864,-0.0005267978925399472
2.09,0.8,0.0,0.789947998815072,0.026843222193790844,0.055910186752398255,-0.0004772270745126081
2.095,0.8,0.0,0.7900722063899002,0.02484151496562342,0.055480227114685615,-0.00042995963771264023
2.1,0.8,0.0,0.7901868153711139,0.022921796242743212,0.05509528896678705,-0.0003849381478985628
2.105,0.8,0.0,0.7902922278348775,0.021082492752719416,0.054753184449623064,-0.00034210451716398804
2.11,0.8,0.0,0.7903888377108182,0.019321975188140127,0.054451784295245685,-0.0003014001543773792
2.115,0.8,0.0,0.7904770305363336,0.017638565103063296,0.054189018201225556,-0.00026276609402012957
2.12,0.8,0.0,0.7905571832436142,0.01603054145614673,0.053962875063447525,-0.00022614313777803013
2.125,0.8,0.0,0.7906296639776632,0.01449614680980541,0.05377140307620844,-0.0001914719872390877
2.13,0.8,0.0,0.7906948319436363,0.013033593194616763,0.05361270970825603,-0.00015869336795240607
2.1350000000000002,0.8,0.0,0.7907530372818766,0.011641067648054657,0.053484961563151315,-0.00012774814510471688
2.14,0.8,0.0,0.7908046209690691,0.010316737438504095,0.05338638413209068,-9.85774310606341e-05
2.145,0.8,0.0,0.790849914744,0.009058754986174186,0.053315261446654834,-7.112268543584682e-05
2.15,0.8,0.0,0.7908892410564551,0.00786526249100377,0.05326993563848882,-4.5325808166012116e-05
2.1550000000000002,0.8,0.0,0.790922913037843,0.006734396277579061,0.05324880641288909,-2.1129225599735013e-05
2.16,0.8,0.0,0.790951234492178,0.005664290866996372,0.053250330442977965,1.5240300888785807e-06
2.165,0.8,0.0,0.7909744999061055,0.004653082785506055,0.05327302069087311,2.2690247895147675e-05
2.17,0.8,0.0,0.7909929944767038,0.0036989141196675946,0.05331544566197638,4.2424971103266484e-05
2.1750000000000003,0.8,0.0,0.7910069941558419,0.0027999358276042966,0.053376228598237346,6.078293626096687e-05
2.18,0.8,0.0,0.7910167657099207,0.0019543108157845795,0.05345404661598034,7.78180177429949e-05
2.185,0.8,0.0,0.7910225667938737,0.001160216790603611,0.05354762979363458,9.358317765423979e-05
2.19,0.8,0.0,0.7910246460383431,0.0004158488938770077,0.053655760214449254,0.00010813042081467272
2.195,0.8,0.0,0.7910232431489991,-0.0002805778688107364,0.05377727096904378,0.00012151075459452404
2.2,0.8,0.0,0.7910185890170084,-0.0009308263981365418,0.05391104512239173,0.00013377415334795556
2.205,0.8,0.0,0.7910109058397041,-0.001536635460863174,0.05405601464961451,0.00014496952722277412
2.21,0.8,0.0,0.7910004072505489,-0.0020997178310604545,0.054211159344730885,0.00015514469511637707
2.215,0.8,0.0,0.7909872984575262,-0.0026217586045170146,0.05437550570629789,0.00016434636156700821
2.22,0.8,0.0,0.7909717763891346,-0.003104413678331623,0.05454812580365586,0.00017262009735796724
2.225,0.8,0.0,0.7909540298471953,-0.0035493083878706607,0.05472813612729219,0.00018001032363632735
2.23,0.8,0.0,0.790934239665728,-0.003958036293479262,0.054914696426645086,0.00018656029935289892
2.235,0.8,0.0,0.7909125788751803,-0.004332158109535902,0.0551070085384588,0.0001923121118137111
2.24,0.8,0.0,0.7908892128713371,-0.004673200768644228,0.05530431520863496,0.00019730667017616582
2.245,0.8,0.0,0.7908642995882673,-0.0049826566139603455,0.05550589891033383,0.00020158370169886392
2.25,0.8,0.0,0.790837989674703,-0.005261982712859333,0.055711080660909226,0.00020518175057539917
2.255,0.8,0.0,0.7908104266732763,-0.005512600285349864,0.055919218840097075,0.00020813817918784866
2.2600000000000002,0.8,0.0,0.7907817472020721,-0.00573589424085018,0.05612970801170557,0.0002104891716084925
2.265,0.8,0.0,0.7907520811379863,-0.00593321281714337,0.05634197775092094,0.0002122697392153705
2.27,0.8,0.0,0.7907215518014087,-0.0061058673155322245,0.05655549147916803,0.00021351372824709308
2.275,0.8,0.0,0.7906902761417766,-0.006255131926415596,0.056769745308343965,0.00021425382917593383
2.2800000000000002,0.8,0.0,0.790658364923578,-0.006382243639707795,0.05698426689609571,0.00021452158775174535
2.285,0.8,0.0,0.7906259229124044,-0.006488402234719991,0.0571986143136797,0.00021434741758399184
2.29,0.8,0.0,0.7905930490606828,-0.006574770344318394,0.057412374927823404,0.0002137606141437015
2.295,0.8,0.0,0.790559836692741,-0.006642473588365935,0.05762516429788054,0.00021278937005713566
2.3000000000000003,0.8,0.0,0.7905263736888828,-0.006692600771645063,0.057836625089460185,0.0002114607915796457
2.305,0.8,0.0,0.7904927426681746,-0.006726204141645749,0.058046426005599644,0.000209800916139459
2.31,0.8,0.0,0.7904590211696657,-0.006744299701786909,0.05825426073644892,0.00020783473084927395
2.315,0.8,0.0,0.7904252818317866,-0.006747867575820245,0.058459846928327654,0.00020558619187873578
2.32,0.8,0.0,0.7903915925696899,-0.006737852419342517,0.0586629251729282,0.00020307824460054358
2.325,0.8,0.0,0.7903580167503174,-0.006715163874516076,0.05886325801734229,0.00020033284441409172
2.33,0.8,0.0,0.790324613364996,-0.00668067706426756,0.059060628995509,0.00019737097816670962
2.335,0.8,0.0,0.790291437199384,-0.006635233122400861,0.059254841681592174,0.00019421268608317555
2.34,0.8,0.0,0.7902585390006028,-0.00657963975622275,0.059445718765728454,0.0001908770841362803
2.345,0.8,0.0,0.7902259656414107,-0.00651467183843835,0.059633101152503365,0.00018738238677491054
2.35,0.8,0.0,0.7901937602812845,-0.00644107202522794,0.059816847082455105,0.00018374592995173966
2.355,0.8,0.0,0.7901619625242967,-0.006359551397567301,0.05999683127683419,0.00017998419437908336
2.36,0.8,0.0,0.7901306085736817,-0.006270790123000033,0.060172944105782104,0.00017611282894791636
2.365,0.8,0.0,0.7900997313830056,-0.00617543813521302,0.06034509078005025,0.00017214667426814628
2.37,0.8,0.0,0.790069360803861,-0.006074115828904178,0.06051319056630502,0.00016809978625476757
2.375,0.8,0.0,0.7900395237300232,-0.005967414767566207,0.06067717602603683,0.00016398545973181355
2.38,0.8,0.0,0.7900102442380135,-0.005855898401939875,0.06083699227802314,0.00015981625198630695
2.3850000000000002,0.8,0.0,0.7899815437240284,-0.005740102797016496,0.06099259628426862,0.00015560400624548
2.39,0.8,0.0,0.7899534410372004,-0.005620537365591583,0.06114395615929283,0.00015135987502420956
2.395,0.8,0.0,0.789925952609168,-0.005497685606488969,0.06129105050260409,0.00014709434331126175
2.4,0.8,0.0,0.7898990925799395,-0.005372005845689345,0.0614338677541604,0.00014281725155630698
2.4050000000000002,0.8,0.0,0.7898728729200459,-0.005243931978706459,0.06157240557258729,0.00013853781842688984
2.41,0.8,0.0,0.7898473035489826,-0.005113874212660859,0.06170667023589184,0.00013426466330455217
2.415,0.8,0.0,0.7898223924499496,-0.004982219806602767,0.06183667606438373,0.00013000582849188869
2.42,0.8,0.0,0.7897981457809059,-0.004849333808734292,0.06196244486549139,0.00012576880110766464
2.4250000000000003,0.8,0.0,0.7897745679819596,-0.004715559789275643,0.062084005400137025,0.00012156053464563304
2.43,0.8,0.0,0.7897516618791205,-0.004581220567810891,0.062201392870312566,0.00011738747017554091
2.435,0.8,0.0,0.7897294287844503,-0.004446618934036005,0.06231464842748327,0.00011325555717070501
2.44,0.8,0.0,0.7897078685926457,-0.004312038360915515,0.062423818701424987,0.00010917027394171525
2.445,0.8,0.0,0.7896869798740991,-0.004177743709334313,0.06252895534909059,0.00010513664766560044
2.45,0.8,0.0,0.789666759964482,-0.0040439819234077065,0.06263011462308594,0.00010115927399535762
2.455,0.8,0.0,0.7896472050509036,-0.003910982715686161,0.06272735695932172,9.724233623577272e-05
2.46,0.8,0.0,0.7896283102546958,-0.0037789592415612408,0.06282074658340231,9.338962408059204e-05
2.465,0.8,0.0,0.7896100697108845,-0.0036481087622459592,0.06291035113530637,8.960455190405725e-05
2.47,0.8,0.0,0.7895924766444057,-0.0035186132957665253,0.06299624131189728,8.589017659091369e-05
2.475,0.8,0.0,0.7895755234431283,-0.003390640255462956,0.06307849052680414,8.224921490686266e-05
2.48,0.8,0.0,0.7895592017277505,-0.00326434307555365,0.06315717458721372,7.868406040957565e-05
2.485,0.8,0.0,0.7895435024186337,-0.00313986182337394,0.06323237138709684,7.519679988311767e-05
2.49,0.8,0.0,0.789528415799644,-0.003017323797950424,0.06330416061640542,7.178922930858866e-05
2.495,0.8,0.0,0.7895139315790708,-0.002896844114621875,0.06337262348576767,6.846286936224022e-05
2.5,0.8,0.0,0.7895000389476935,-0.002778526275464428,0.06343784246620744,6.521898043977681e-05
2.505,0.8,0.0,0.7894867266340668,-0.0026624627253226426,0.0634999010434229,6.205857721545971e-05
2.5100000000000002,0.8,0.0,0.7894739829571004,-0.0025487353932891208,0.06355888348615739,5.898244273448705e-05
2.515,0.8,0.0,0.7894617958760027,-0.0024374162195149986,0.06361487462819014,5.5991142032751906e-05
2.52,0.8,0.0,0.7894501530376664,-0.0023285676672699725,0.06366795966349655,5.308503530640496e-05
2.525,0.8,0.0,0.7894390418215654,-0.0022222432202051202,0.06371822395411038,5.026429061383286e-05
2.5300000000000002,0.8,0.0,0.7894284493822414,-0.0021184878648043354,0.06376575285024458,4.752889613419964e-05
2.535,0.8,0.0,0.7894183626894512,-0.0020173385580401332,0.06381063152221643,4.487867197185136e-05
2.54,0.8,0.0,0.7894087685660498,-0.001918824680277788,0.06385294480374028,4.2313281523848056e-05
2.545,0.8,0.0,0.7893996537236823,-0.0018229684734985424,0.06389277704615146,3.9832242411178e-05
2.5500000000000003,0.8,0.0,0.7893910047963576,-0.0017297854649363498,0.06393021198313645,3.743493698499245e-05
2.555,0.8,0.0,0.7893828083719764,-0.0016392848762459295,0.06396533260554323,3.512062240677849e-05
2.56,0.8,0.0,0.7893750510218847,-0.001551470018340273,0.06399822104586622,3.2888440322995094e-05
2.565,0.8,0.0,0.7893677193285243,-0.0014663386720554794,0.06402895847199358,3.0737426127358525e-05
2.57,0.8,0.0,0.7893607999112503,-0.001383883454818245,0.0640576249898242,2.866651783062224e-05
2.575,0.8,0.0,0.7893542794503827,-0.0013040921735076394,0.06408429955436576,2.66745645415567e-05
2.58,0.8,0.0,0.7893481447095642,-0.001226948163717384,0.0641090598889353,2.4760334569537412e-05
2.585,0.8,0.0,0.7893423825564859,-0.0011524306156385966,0.06413198241208444,2.292252314914367e-05
2.59,0.8,0.0,0.789336979982052,-0.0010805148867945463,0.06415314217189969,2.1159759815245205e-05
2.595,0.8,0.0,0.7893319241180426,-0.0010111728018702888,0.06417261278731134,1.947061541165973e-05
2.6,0.8,0.0,0.7893272022533432,-0.0009443729398893836,0.06419046639608102,1.785360876967179e-05
2.605,0.8,0.0,0.7893228018487982,-0.0008800809089984375,0.06420677360912125,1.6307213040231416e-05
2.61,0.8,0.0,0.7893187105507525,-0.0008182596091275796,0.06422160347083068,1.48298617094339e-05
2.615,0.8,0.0,0.7893149162033385,-0.0007588694828018284,0.06423502342512803,1.34199542973501e-05
2.62,0.8,0.0,0.7893114068595666,-0.0007018687543829844,0.06424709928687365,1.2075861745619587e-05
2.625,0.8,0.0,0.7893081707912765,-0.0006472136580270893,0.06425789521838973,1.0795931516080493e-05
2.63,0.8,0.0,0.7893051964980032,-0.0005948586546453333,0.06426747371078635,9.578492396619676e-06
2.6350000000000002,0.8,0.0,0.7893024727148125,-0.0005447566381599228,0.06427589556981701,8.421859030660617e-06
2.64,0.8,0.0,0.7892999884191557,-0.0004968591313480103,0.06428321990599427,7.324336177255697e-06
2.645,0.8,0.0,0.7892977328367978,-0.000451116471568258,0.0642895041287086,6.28422271432838e-06
2.65,0.8,0.0,0.7892956954468645,-0.0004074779866656391,0.06429480394409559,5.299815386994311e-06
2.6550000000000002,0.8,0.0,0.7892938659860578,-0.00036589216134967845,0.06429917335641303,4.3694123174342625e-06
2.66,0.8,0.0,0.7892922344520861,-0.00032630679434117677,0.06430266467269656,3.491316283535384e-06
2.665,0.8,0.0,0.7892907911063531,-0.0002886691465812901,0.06430532851046525,2.663837768687727e-06
2.67,0.8,0.0,0.7892895264759492,-0.0002529260807953176,0.06430721380826605,1.8852978008049304e-06
2.6750000000000003,0.8,0.0,0.7892884313549857,-0.0002190241927013236,0.0643083678388483,1.1540305822482777e-06
2.68,0.8,0.0,0.789287496805315,-0.00018690993415151674,0.06430883622477218,4.6838592387965505e-07
2.685,0.8,0.0,0.7892867141566725,-0.00015652972849123308,0.06430866295625778,-1.7326851439736224e-07
2.69,0.8,0.0,0.7892860750062805,-0.0001278300784169966,0.06430789041109364,-7.725451641460435e-07
2.695,0.8,0.0,0.7892855712179474,-0.00010075766661185697,0.06430655937643262,-1.3310346610173607e-06
2.7,0.8,0.0,0.7892851949207003,-7.525944943198797e-05,0.064304709072306,-1.850304126624347e-06
2.705,0.8,0.0,0.7892849385069807,-5.128274391447023e-05,0.06430237717669646,-2.3318956095391696e-06
2.71,0.8,0.0,0.7892847946304388,-2.8775308371554662e-05,0.06429959985202084,-2.7773246756152004e-06
2.715,0.8,0.0,0.7892847562033546,-7.685416832220946e-06,0.06429641177287454,-3.1880791463018143e-06
2.72,0.8,0.0,0.7892848163937166,1.2038072413144764e-05,0.06429284615490255,-3.565617971990065e-06
2.725,0.8,0.0,0.7892849686219862,3.0445653914361116e-05,0.06428893478466621,-3.91137023633692e-06
2.73,0.8,0.0,0.789285206557574,4.7587117563838225e-05,0.06428470805037872,-4.226734287487988e-06
2.735,0.8,0.0,0.7892855241150553,6.351149625962678e-05,0.06428019497339509,-4.513076983639341e-06
2.74,0.8,0.0,0.7892859154501477,7.826701849470215e-05,0.06427542324034198,-4.771733053104965e-06
2.745,0.8,0.0,0.7892863749554759,9.190106564344165e-05,0.06427041923578501,-5.004004556968811e-06
2.75,0.8,0.0,0.7892868972561445,0.00010446013372213577,0.06426520807532884,-5.211160456167208e-06
2.755,0.8,0.0,0.7892874772051416,0.00011598979940614048,0.06425981363906305,-5.394436265793168e-06
2.7600000000000002,0.8,0.0,0.789288109878592,0.00012653469009192683,0.06425425860525764,-5.555033805407228e-06
2.765,0.8,0.0,0.789288790570881,0.00013613845779837384,0.06424856448423176,-5.694121025884291e-06
2.77,0.8,0.0,0.7892895147896645,0.0001448437567073486,0.06424275165231073,-5.812831921025996e-06
2.775,0.8,0.0,0.7892902782507852,0.00015269222414970206,0.06423683938580613,-5.912266504606856e-06
2.7800000000000002,0.8,0.0,0.7892910768731095,0.00015972446484839763,0.0642308458949419,-5.993490864233952e-06
2.785,0.8,0.0,0.7892919067733007,0.00016598003823681327,0.0642247883576705,-6.057537271397795e-06
2.79,0.8,0.0,0.7892927642605442,0.000171497448675615,0.06421868295331318,-6.1054043573177674e-06
2.795,0.8,0.0,0.7892936458312362,0.00017631413839787346,0.0642125448959736,-6.138057339580283e-06
2.8000000000000003,0.8,0.0,0.7892945481636513,0.00018046648301742695,0.06420638846767157,-6.156428302026007e-06
2.805,0.8,0.0,0.7892954681125985,0.00018398978944172094,0.06420022705114933,-6.161416522237895e-06
2.81,0.8,0.0,0.7892964027040787,0.00018691829603548158,0.0641940731623095,-6.153888839829924e-06
2.815,0.8,0.0,0.7892973491299532,0.0001892851748876696,0.0641879384822414,-6.134680068103915e-06
2.82,0.8,0.0,0.7892983047426334,0.0001911225360392633,0.0641818338888013,-6.104593440095507e-06
2.825,0.8,0.0,0.7892992670498011,0.0001924614335351594,0.06417576948771277,-6.064401088537452e-06
2.83,0.8,0.0,0.789300233709167,0.00019333187316868512,0.06416975464315713,-6.014844555632393e-06
2.835,0.8,0.0,0.789301202523276,0.00019376282179247534,0.06416379800782777,-5.956635329359972e-06
2.84,0.8,0.0,0.7893021714343663,0.00019378221807478898,0.06415790755242187,-5.89045540590194e-06
2.845,0.8,0.0,0.7893031385192892,0.0001934169845852019,0.0641520905945489,-5.81695787296721e-06
2.85,0.8,0.0,0.7893041019844947,0.00019269304109870774,0.0641463538270395,-5.736767509409435e-06
2.855,0.8,0.0,0.7893050601610898,0.00019163531901208626,0.06414070334563404,-5.6504814054531005e-06
2.86,0.8,0.0,0.7893060114999737,0.00019026777677115143,0.06413514467603923,-5.558669594812882e-06
2.865,0.8,0.0,0.7893069545670548,0.00018861341621219003,0.06412968280033925,-5.461875699983021e-06
2.87,0.8,0.0,0.7893078880385535,0.00018669429972529468,0.0641243221827533,-5.360617585950522e-06
2.875,0.8,0.0,0.7893088106963942,0.0001845315681517696,0.06411906679472901,-5.255388024288932e-06
2.88,0.8,0.0,0.7893097214236909,0.00018214545933225253,0.06411392013936747,-5.146655361540353e-06
2.8850000000000002,0.8,0.0,0.7893106192003271,0.00017955532722611418,0.06410888527517485,-5.0348641926212245e-06
2.89,0.8,0.0,0.7893115030986347,0.00017677966152693353,0.06410396483913709,-4.920436037753051e-06
2.895,0.8,0.0,0.7893123722791733,0.00017383610770270292,0.06409916106911699,-4.803770020100906e-06
2.9,0.8,0.0,0.7893132259866102,0.00017074148739336443,0.06409447582557411,-4.685243542884576e-06
2.9050000000000002,0.8,0.0,0.7893140635457058,0.0001675118191018416,0.06408991061260799,-4.5652129661150065e-06
2.91,0.8,0.0,0.7893148843574014,0.0001641623391184433,0.06408546659832733,-4.444014280666209e-06
2.915,0.8,0.0,0.7893156878950145,0.00016070752262196847,0.06408114463455067,-4.321963776657278e-06
2.92,0.8,0.0,0.789316473700539,0.0001571611049041633,0.06407694527584135,-4.1993587093225315e-06
2.9250000000000003,0.8,0.0,0.7893172413810524,0.00015353610266746536,0.0640728687978833,-4.0764779580398924e-06
2.93,0.8,0.0,0.7893179906052291,0.00014984483534913,0.06406891521520564,-3.953582677670986e-06
2.935,0.8,0.0,0.7893187210999613,0.00014609894642780846,0.06406508429826274,-3.830916942892948e-06
2.94,0.8,0.0,0.7893194326470846,0.0001423094246715279,0.06406137558987568,-3.708708387062387e-06
2.945,0.8,0.0,0.789320125080211,0.00013848662528897387,0.06405778842105182,-3.587168823857012e-06
2.95,0.8,0.0,0.7893207982816657,0.00013464029094849622,0.06405432192618232,-3.466494869500125e-06
2.955,0.8,0.0,0.7893214521795289,0.0001307795726319217,0.06405097505763545,-3.346868546874604e-06
2.96,0.8,0.0,0.7893220867447803,0.0001269130502927785,0.06404774659975329,-3.2284578821567544e-06
2.965,0.8,0.0,0.7893227019885468,0.00012304875329090088,0.06404463518226561,-3.111417487683399e-06
2.97,0.8,0.0,0.7893232979594497,0.00011919418057744942,0.064041639293127,-2.995889138601715e-06
2.975,0.8,0.0,0.7893238747410527,0.00011535632060709796,0.06403875729079833,-2.8820023286746377e-06
2.98,0.8,0.0,0.7893244324494075,0.00011154167095554952,0.06403598741597478,-2.7698748235466253e-06
2.985,0.8,0.0,0.7893249712306957,0.00010775625762304294,0.06403332780278308,-2.6596131917078214e-06
2.99,0.8,0.0,0.7893254912589657,0.00010400565400618297,0.06403077648945409,-2.551313328991167e-06
2.995,0.8,0.0,0.7893259927339633,0.00010029499952239626,0.06402833142848512,-2.445060968969681e-06
3.0,0.8,-0.0,0.7893264758790527,9.662901787268426e-05,0.06402599049630638,-2.340932178740429e-06
3.005,0.7999998754682813,-7.462546874999684e-05,0.7893269409392274,9.30120349305364e-05,0.06400957172777974,-1.6418768526635374e-05
3.0100000000000002,0.7999990074850001,-0.0002970075000000136,0.7893273881792087,8.944799624580176e-05,0.0639621957583486,-4.737596943113487e-05
3.015,0.7999966628548438,-0.0006649129687500109,0.7893278178816294,8.594048415438101e-05,0.06387986308011175,-8.233267823685997e-05
3.02,0.79999211952,-0.001176120000000002,0.7893282303453019,8.249273448561253e-05,0.06375863894307594,-0.00012122413703580248
3.025,0.7999846665039063,-0.0018284179687499875,0.7893286258835661,7.910765286058116e-05,0.06359465302504431,-0.00016398591803162832
3.0300000000000002,0.799973603855,-0.002619607500000043,0.789329004822719,7.578783057594305e-05,0.06338409910108869,-0.00021055392395562256
3.035,0.7999582425904688,-0.0035475004687500287,0.7893293630693397,7.164932415117962e-05,0.06312323471262025,-0.0002608643884684375
3.04,0.79993790464,-0.004609920000000008,0.7893296871117211,6.480847628851825e-05,0.06280856694561505,-0.00031466776700520005
3.045,0.7999119227895313,-0.005804700468749984,0.7893299533586663,5.324938902746943e-05,0.06243690245675389,-0.00037166448886116754
3.0500000000000003,0.799879640625,-0.0071296875000000735,0.7893301275398471,3.4836236155498887e-05,0.06200519495797762,-0.00043170749877626674
3.055,0.7998404124760938,-0.008582737968750049,0.7893301641637744,7.324785461049839e-06,0.06151054626059737,-0.0004946486973802511
3.06,0.79979360336,-0.01016172000000002,0.7893300060296754,-3.162681981222262e-05,0.06095020711597067,-0.0005603391446266995
3.065,0.7997385889251563,-0.011864512968749982,0.7893295837898052,-8.44479740351927e-05,0.06032157786607634,-0.000628629249894333
3.0700000000000003,0.799674755395,-0.013689007500000107,0.7893288156170974,-0.00015363454155705272,0.05962220891649493,-0.0006993689495814054
3.075,0.7996014995117188,-0.01563310546875007,0.7893276069872016,-0.00024172597916261965,0.05884979860083321,-0.0007724103156617201
3.08,0.7995182284800001,-0.017694720000000032,0.7893258505200986,-0.0003512934205913553,0.05800219003304014,-0.0008476085677930692
3.085,0.7994243599107813,-0.01987177546874998,0.7893234258778961,-0.00048492844051706,0.05707736957542756,-0.0009248204576125796
3.09,0.7993193217650001,-0.02216220749999994,0.7893201997155549,-0.0006452324682365773,0.05607346509191728,-0.0010039044835102803
3.095,0.7992025522973438,-0.024563962968750096,0.7893160256814432,-0.0008348068223420207,0.05498874400064117,-0.0010847210912761154
3.1,0.7990735,-0.02707500000000005,0.7893107444647499,-0.0010562433386647112,0.053821611139362235,-0.0011671328612789314
3.105,0.7989316235464063,-0.029693287968749996,0.7893041838861626,-0.0013121157174460912,0.052570606456523235,-0.0012510046828390006
3.11,0.798776391735,-0.03241680749999993,0.7892961590281224,-0.0016049716080407017,0.0512344025721647,-0.001336203884358532
3.115,0.7986072834329688,-0.03524355046875013,0.789286472401702,-0.0019373252840739353,0.0498118022341506,-0.0014226003380141058
3.12,0.7984237875200001,-0.03817152000000006,0.7892749141472741,-0.0023116508855744846,0.04830173566092173,-0.0015100665732288646
3.125,0.7982254028320312,-0.04119873046875,0.7892612622662482,-0.0027303762051860067,0.04670325778357112,-0.0015984778773506098
3.13,0.7980116381050001,-0.044323207499999934,0.7892452828812674,-0.0031958769961517417,0.04501554539944509,-0.0016877123841260305
3.1350000000000002,0.7977820119185938,-0.047542987968750165,0.7892267305223656,-0.0037104717803595555,0.043237894248890595,-0.0017776511505544976
3.14,0.79753605264,-0.05085612000000009,0.789205348436699,-0.00427641713332679,0.0413697160262715,-0.0018681782226190949
3.145,0.7972732983676563,-0.05426066296875001,0.7891808689195847,-0.004895903422859453,0.039410535335367466,-0.0019591806909040332
3.15,0.7969932968750001,-0.05775468749999995,0.7891530136646842,-0.0055710509801231295,0.037359986598606926,-0.0020505487367605407
3.1550000000000002,0.7966956055542188,-0.061336275468750194,0.7891214941312722,-0.006303906682392239,0.035217810929255064,-0.0021421756693518618
3.16,0.79637979136,-0.0650035200000001,0.7890860119266359,-0.007096440927277406,0.03298385297519762,-0.002233957954057446
3.165,0.7960454307532813,-0.06875452546875004,0.789046259201742,-0.007950544978766906,0.03065805774240741,-0.0023257952327902093
3.17,0.795692109645,-0.07258740749999995,0.7890019190584122,-0.008868028665952007,0.028240467405726354,-0.0024175903366810553
3.1750000000000003,0.7953194233398437,-0.07650029296875022,0.7889526659663328,-0.00985061841586954,0.025731218114085432,-0.0025092492916409213
3.18,0.79492697648,-0.08049132000000014,0.7888981661883205,-0.010899955602464761,0.023130536796859374,-0.0026006813172260584
3.185,0.7945143829889063,-0.08455863796875004,0.7888380782123494,-0.012017595194232273,0.020438737977583277,-0.002691798819276097
3.19,0.7940812660150001,-0.08870040749999995,0.7887720531889312,-0.013205004683642906,0.017656220600865722,-0.0027825173767175547
3.1950000000000003,0.7936272578754687,-0.09291480046875027,0.7886997353725211,-0.014463563282014761,0.01478346487790598,-0.002872755722959742
3.2,0.7931520000000001,-0.09720000000000016,0.788620762565701,-0.015794561364030943,0.011821029155636275,-0.0029624357222697052
3.205,0.7926551428745313,-0.10155420046875006,0.7885347665649678,-0.01719920014664867,0.008769546814132351,-0.0030514823415039236
3.21,0.792136345985,-0.10597560749999997,0.7884413736070294,-0.018678591587679417,0.005629723196590282,-0.0031398236175420695
3.215,0.7915952777610938,-0.11046243796874987,0.7883402048145801,-0.020233758489850498,0.002402332575794131,-0.0032273906207961507
3.22,0.79103161552,-0.11501292000000019,0.7882308766405967,-0.021865634796680734,-0.0009117848393075771,-0.0033141174151017083
3.225,0.7904450454101563,-0.11962529296875007,0.7881130013102615,-0.023575066067019063,-0.004311725853614886,-0.003399941014307309
3.23,0.789835262355,-0.1242978075,0.7879861872596835,-0.025362810115603103,-0.007796527189505607,-0.0034848013358907207
3.235,0.7892019699967188,-0.12902872546874988,0.787850039570646,-0.02722953780749464,-0.011365168341354832,-0.003568641151849225
3.24,0.7885448806400001,-0.1338163200000002,0.7877041604006724,-0.02917583399473933,-0.015016574378526857,-0.0036514060371720253
3.245,0.7878637151957812,-0.1386588754687501,0.787548149407752,-0.03120219858408099,-0.018749618694668697,-0.0037330443161418397
3.25,0.7871582031250001,-0.1435546875,0.7873816041691268,-0.03330904772503265,-0.022563125701376866,-0.0038135070067081694
3.255,0.7864280823823439,-0.1485020629687499,0.7872041205935865,-0.035496715108069045,-0.026455873464567015,-0.0038927477631901485
3.2600000000000002,0.78567309936,-0.15349932000000022,0.7870152933267707,-0.03776545336315883,-0.03042659628206664,-0.0039707228174996265
3.265,0.7848930088314062,-0.15854478796875016,0.7868147161490242,-0.04011543554929608,-0.034473987201193115,-0.004047390919126474
3.27,0.7840875738950001,-0.16363680750000004,0.7866019823653936,-0.042546756726123,-0.03859670047527161,-0.004122713274078496
3.275,0.7832565659179688,-0.16877373046874994,0.7863766851873978,-0.04505943559915711,-0.0427933539582217,-0.004196653482950091
3.2800000000000002,0.78239976448,-0.17395392000000023,0.7861384181062451,-0.04765341623054584,-0.04706253143653824,-0.004269177478316538
3.285,0.7815169573170313,-0.17917575046875012,0.7858867752572067,-0.05032856980767217,-0.0514027848981594,-0.00434025346162116
3.29,0.780607940265,-0.18443760750000004,0.7856213517748951,-0.05308469646232182,-0.055812636737859314,-0.004409851839699913
3.295,0.7796725172035938,-0.18973788796875,0.7853417441392276,-0.05592152713350128,-0.06029058189896519,-0.004477945161105876
3.3000000000000003,0.7787105,-0.19507500000000033,0.7850475505118908,-0.05883872546736192,-0.06483508995133581,-0.004544508052370624
3.305,0.7777217084526562,-0.20044736296875018,0.7847383710631506,-0.061835889748040655,-0.06944460710565742,-0.004609517154321605
3.31,0.776705970235,-0.20585340750000003,0.7844138082888827,-0.06491255485357175,-0.07411755816425628,-0.0046729510585988565
3.315,0.7756631208392188,-0.21129157546875,0.784073467317726,-0.06806819423135849,-0.07885234840871547,-0.004734790244459192
3.3200000000000003,0.7745930035199999,-0.2167603200000003,0.7837169562082859,-0.07130222188801479,-0.08364736542471181,-0.004795017015996342
3.325,0.7734954692382813,-0.22225810546875022,0.7833438862363423,-0.07461399438869919,-0.08850098086455985,-0.0048536154398480386
3.33,0.7723703766050001,-0.2277834075000001,0.7829538721720355,-0.07800281286136397,-0.09341155214808765,-0.004910571283527801
3.335,0.7712175918248438,-0.23333471296874997,0.7825465325470273,-0.08146792500163232,-0.09837742410247939,-0.004965871954391743
3.34,0.77003698864,-0.23891051999999982,0.7821214899116559,-0.08500852707429632,-0.10339693054186994,-0.005019506439390545
3.345,0.7688284482739063,-0.24450933796875018,0.7816783710821174,-0.08862376590769752,-0.10846839578749917,-0.005071465245629236
3.35,0.7675918593750001,-0.2501296875000001,0.7812168073777298,-0.09231274087751092,-0.11359013612931812,-0.005121740341818948
3.355,0.7663271179604688,-0.25577010046875004,0.7807364348483463,-0.09607450587670148,-0.11876046122998897,-0.00517032510067085
3.36,0.7650341273600001,-0.26142911999999985,0.780236894492003,-0.09990807126866312,-0.12397767547227105,-0.005217214242282081
3.365,0.7637127981595312,-0.26710530046875025,0.779717832462899,-0.10381240582077664,-0.12924007925084624,-0.005262403778575189
3.37,0.762363048145,-0.2727972075000001,0.7791789002698198,-0.10778643861584497,-0.13454597020965453,-0.00530589095880829
3.375,0.7609848022460938,-0.27850341796875,0.7786197549651245,-0.11182906093907335,-0.13989364442587932,-0.005347674216224785
3.38,0.75957799248,-0.28422251999999987,0.7780400593244322,-0.11593912813846366,-0.14528139754171351,-0.0053877531158341985
3.3850000000000002,0.7581425578951562,-0.28995311296875037,0.7774394820171487,-0.12011546145668399,-0.15070752584510788,-0.0054261283033943675
3.39,0.756678444515,-0.2956938075000002,0.7768176977679855,-0.12435684983265818,-0.15617032730068942,-0.005462801455581534
3.395,0.7551856052817187,-0.3014432254687501,0.776174387509629,-0.12866205167129494,-0.16166810253209699,-0.00549777523140757
3.4,0.7536640000000001,-0.3071999999999998,0.7755092385267293,-0.1330297965799424,-0.16719915575694003,-0.005531053224843041
3.4050000000000002,0.7521135952807813,-0.31296277546875034,0.7748219445913777,-0.13745878707031345,-0.17276179567567346,-0.005562639918733431
3.41,0.750534364485,-0.31873020750000025,0.7741122060902538,-0.14194770022477596,-0.1783543363156096,-0.005592540639936139
3.415,0.7489262876673438,-0.32450096296875003,0.7733797301436235,-0.14649518932604672,-0.18397509783137508,-0.005620761515765488
3.42,0.7472893515200001,-0.33027371999999994,0.7726242307163762,-0.15109988544946187,-0.189622407263052,-0.005647309431676906
3.4250000000000003,0.7456235493164062,-0.3360471679687504,0.7718454287212906,-0.15576039901712657,-0.1952945992532921,-0.005672191990240105
3.43,0.743928880855,-0.3418200075000002,0.7710430521147238,-0.16047532131336492,-0.2009900167246609,-0.005695417471368813
3.435,0.7422053524029688,-0.3475909504687501,0.7702168359849187,-0.1652432259610092,-0.20670701151849924,-0.005716994793838331
3.44,0.7404529766400001,-0.35335871999999996,0.7693665226331279,-0.17006267035817174,-0.21244394499653024,-0.005736933478031003
3.4450000000000003,0.7386717726020312,-0.35912205046875034,0.7684918616477516,-0.17493219707524696,-0.21819918860648418,-0.005755243609953942
3.45,0.7368617656249999,-0.3648796875000002,0.7675926099716917,-0.17985033521198476,-0.22397112441296568,-0.0057719358064814985
3.455,0.7350229872885938,-0.3706303879687501,0.7666685319631188,-0.18481560171456646,-0.22975814559480467,-0.005787021181838992
3.46,0.73315547536,-0.37637291999999994,0.7657193994498553,-0.18982650265269735,-0.2355586569100906,-0.005800511315285917
3.465,0.7312592737376564,-0.3821060629687499,0.7647449917775713,-0.19488153445680997,-0.24137107513008296,-0.005812418219992371
3.47,0.729334432395,-0.38782860750000026,0.7637450958519936,-0.1999791851155425,-0.24719382944320215,-0.005822754313119183
3.475,0.7273810073242187,-0.39353935546875013,0.7627195061753249,-0.20511793533372635,-0.2530253618302264,-0.005831532387024246
3.48,0.72539906048,-0.39923712000000006,0.761668024877069,-0.21029625965117882,-0.2588641274118786,-0.005838765581652194
3.485,0.7233886597232814,-0.4049207254687499,0.7605904617394557,-0.21551262752265543,-0.2647085947698884,-0.005844467358009808
3.49,0.7213498787649999,-0.41058900750000027,0.7594866342176588,-0.22076550435937012,-0.27055724624265665,-0.0058486514727682515
3.495,0.7192827971098438,-0.4162408129687502,0.7583563674549961,-0.22605335253253966,-0.2764085781965787,-0.005851331953922068
3.5,0.7171875000000001,-0.421875,0.7571994942932988,-0.23137463233945607,-0.2822611012741191,-0.005852523077540361
3.505,0.7150640783589064,-0.42749043796874997,0.7560158552786357,-0.2367278029326292,-0.28811334061962734,-0.00585223934550827
3.5100000000000002,0.7129126287349999,-0.43308600750000015,0.7548052986625727,-0.2421113232125823,-0.2939638360839412,-0.005850495464313876
3.515,0.7107332532454688,-0.43866060046875016,0.7535676803991481,-0.24752365268491394,-0.299811142408734,-0.0058473063247928
3.52,0.70852605952,-0.44421311999999996,0.7523028641377367,-0.25296325228227284,-0.305653829391604,-0.0058426869828699934
3.525,0.7062911606445313,-0.4497424804687499,0.7510107212119771,-0.25842858515191697,-0.31149048203279817,-0.005836652641194151
3.5300000000000002,0.704028675105,-0.4552476075000003,0.7496911306249293,-0.2639181174095546,-0.31731970066451753,-0.005829218631719368
3.535,0.7017387267310937,-0.46072743796875026,0.7483439790306284,-0.26943031886018415,-0.32314010106366875,-0.005820400399151215
3.54,0.69942144464,-0.46618092000000005,0.7469691607121951,-0.27496366368666897,-0.3289503145489375,-0.005810213485268723
3.545,0.6970769631801563,-0.47160701296875,0.7455665775566611,-0.28051663110679803,-0.33474898806300724,-0.005798673514069763
3.5500000000000003,0.694705421875,-0.47700468750000025,0.7441361390266631,-0.28608770599959843,-0.34053478424074335,-0.005785796177736113
3.555,0.6923069653667187,-0.48237292546875027,0.7426777621291547,-0.29167537950167344,-0.34630638146411397,-0.005771597223370617
3.56,0.68988174336,-0.48771072000000004,0.741191371381283,-0.29727814957435117,-0.35206247390462725,-0.005756092440513283
3.565,0.6874299105657813,-0.4930170754687498,0.7396768987735708,-0.3028945215424335,-0.357801771554002,-0.005739297649374753
3.5700000000000003,0.6849516266449999,-0.4982910075000002,0.7381342837305441,-0.30852300860534,-0.36352300024378753,-0.005721228689785529
3.575,0.6824470561523437,-0.5035315429687502,0.7365634730689369,-0.3141621323214442,-0.36922490165461647,-0.005701901410828936
3.58,0.67991636848,-0.5087377200000001,0.7349644209536049,-0.3198104230664004,-0.3749062333157611,-0.005681331661144651
3.585,0.6773597378014062,-0.5139085879687499,0.7333370888512737,-0.3254664204662575,-0.38056576859561503,-0.005659535279853911
3.59,0.6747773430150001,-0.5190432075000001,0.7316814454822429,-0.3311286738061556,-0.386202296683715,-0.005636528088099946
3.595,0.6721693676879686,-0.5241406504687504,0.729997466770166,-0.336795742415396,-0.39181462256491256,-0.0056123258811975885
3.6,0.6695359999999999,-0.5292,0.7282851357900176,-0.3424661960296705,-0.3974015669862251,-0.005586944421312523
3.605,0.6668774326870313,-0.53422035046875,0.7265444427143615,-0.3481386151312296,-0.4029619664169526,-0.005560399430727503
3.61,0.6641938629850002,-0.5392008075000001,0.7247753847580226,-0.35381159126776285,-0.40849467300254655,-0.0055327065855939606
3.615,0.6614854925735937,-0.5441404879687503,0.7229779661212689,-0.3594837273507536,-0.4139985545127513,-0.005503881510204756
3.62,0.6587525275199999,-0.5490385200000001,0.7211521979315986,-0.3651536379340637,-0.419472494284478,-0.005473939771726721
3.625,0.6559951782226563,-0.55389404296875,0.7192980981842311,-0.37081994947349173,-0.4249153911598972,-0.0054428968754191565
3.63,0.6532136593550001,-0.5587062075000001,0.7174156916813909,-0.3764813005680376,-0.4303261594201574,-0.0054107682602602125
3.6350000000000002,0.6504081898092187,-0.5634741754687503,0.7155050099704728,-0.38213634218359477,-0.43570372871516144,-0.005377569295004048
3.64,0.64757899264,-0.5681971200000002,0.713566091281174,-0.38778373785977927,-0.4410470439897902,-0.005343315274628779
3.645,0.6447262950082813,-0.57287422546875,0.711598980461671,-0.39342216390059004,-0.446355065406971,-0.005308021417180786
3.65,0.6418503281250001,-0.5775046875000001,0.7096037289139231,-0.39905030954958304,-0.4516267682679194,-0.005271702860948413
3.6550000000000002,0.6389513271948436,-0.5820877129687502,0.707580394528172,-0.40466687715022764,-0.4568611429299271,-0.005234374662007657
3.66,0.63602953136,-0.5866225200000001,0.7055290416167115,-0.41027058229209823,-0.46205719472199136,-0.005196051792064282
3.665,0.6330851836439062,-0.5911083379687501,0.7034497408469937,-0.4158601539435397,-0.467213943858629,-0.005156749136637662
3.67,0.6301185308950001,-0.5955444074999999,0.7013425691741366,-0.42143433457143037,-0.47233042535212444,-0.005116481493495417
3.6750000000000003,0.6271298237304687,-0.5999299804687501,0.6992076097728933,-0.42699188024865165,-0.4774056889235253,-0.005075263571400868
3.68,0.62411931648,-0.6042643200000001,0.6970449519691441,-0.4325315607498559,-0.48243879891260283,-0.005033109989077522
3.685,0.6210872671295312,-0.6085467004687501,0.6948546911709635,-0.4380521596361103,-0.48742883418707805,-0.004990035274475224
3.69,0.618033937265,-0.6127764075000001,0.6926369287993187,-0.4435524743289779,-0.49237488805128143,-0.004946053864203381
3.6950000000000003,0.6149595920160936,-0.6169527379687503,0.6903917722184458,-0.4490313161745811,-0.49727606815450953,-0.004901180103228098
3.7,0.6118644999999999,-0.6210750000000003,0.688119334665955,-0.45448751049817754,-0.5021314963992509,-0.004855428244741389
3.705,0.6087489332651563,-0.6251425129687502,0.6858197351827062,-0.4599198966497618,-0.506940308849495,-0.004808812450244115
3.71,0.6056131672350001,-0.6291546075000002,0.6834930985425003,-0.46532732804118937,-0.5117016556392794,-0.004761346789784349
3.715,0.6024574806517189,-0.63311062546875,0.6811395551816237,-0.47070867217530743,-0.5164147008816493,-0.004713045242369929
3.72,0.59928215552,-0.6370099200000002,0.6787592411282859,-0.4760628106675558,-0.5210786225781873,-0.004663921696537954
3.725,0.5960874770507812,-0.6408518554687501,0.6763522979319835,-0.4813886392604904,-0.5256926125292429,-0.004613989951055664
3.73,0.5928737336050001,-0.6446358074999999,0.6739188725928251,-0.48668506783166293,-0.5302558762450122,-0.004563263715769317
3.735,0.5896412166373439,-0.6483611629687501,0.6714591174908487,-0.49195102039527744,-0.5347676328575629,-0.004511756612550655
3.74,0.5863902206399999,-0.6520273200000001,0.6689731903153586,-0.49718543509802754,-0.5392271150339432,-0.004459482176380258
3.745,0.5831210430864062,-0.6556336879687501,0.6664612539943111,-0.5023872642095039,-0.5436335688904445,-0.004406453856501291
3.75,0.579833984375,-0.6591796875,0.6639234766237734,-0.5075554741075465,-0.5479862539081559,-0.004352685017711466
3.755,0.5765293477729688,-0.6626647504687503,0.6613600313974789,-0.5126890452589026,-0.552284442849844,-0.004298188941688097
3.7600000000000002,0.5732074393599998,-0.6660883200000001,0.6587710965365012,-0.5177869721955344,-0.5565274216782718,-0.004242978828427835
3.765,0.5698685679720312,-0.6694498504687505,0.6561568552190666,-0.5228482634869112,-0.5607144894759989,-0.00418706779772704
3.77,0.566513045145,-0.6727488075,0.6535174955105236,-0.5278719417086006,-0.5648449583667557,-0.004130468890756855
3.775,0.5631411850585938,-0.6759846679687501,0.6508532102934863,-0.5328570434074659,-0.568918153438406,-0.004073195071650271
3.7800000000000002,0.5597533044799998,-0.6791569200000002,0.6481641971981675,-0.537802619063759,-0.572933412667575,-0.00401525922916901
3.785,0.5563497227076563,-0.6822650629687503,0.6454506585329156,-0.5427077330503893,-0.5768900868459661,-0.003956674178391073
3.79,0.552930761515,-0.6853086075000002,0.6427128012149674,-0.5475714635896319,-0.5807875395084238,-0.0038974526624576677
3.795,0.5494967450942188,-0.6882870754687496,0.6399508367014298,-0.5523929027075298,-0.5846251468627333,-0.0038376073543094913
3.8000000000000003,0.5460479999999999,-0.6912000000000001,0.6371649809204987,-0.5571711561862315,-0.5884022977212244,-0.003777150858491174
3.805,0.542584855093281,-0.69404692546875,0.6343554542029262,-0.5619053435144924,-0.5921183934341592,-0.0037160957129347416
3.81,0.539107641485,-0.6968274075000003,0.6315224812137433,-0.5665945978365601,-0.5957728478249483,-0.0036544543907891525
3.815,0.5356166924798438,-0.6995410129687504,0.6286662908842451,-0.571238065899648,-0.5993650871271915,-0.003592239302243172
3.8200000000000003,0.5321123435199999,-0.7021873200000004,0.6257871163442441,-0.5758349080001964,-0.6028945499235344,-0.0035294627963429193
3.825,0.5285949321289061,-0.7047659179687497,0.6228851948545986,-0.580384297929105,-0.6063606870863678,-0.0034661371628333937
3.83,0.5250647978549999,-0.7072764074999999,0.6199607677400181,-0.5848854229161125,-0.609762961720353,-0.003402274633985236
3.835,0.5215222822154688,-0.7097184004687502,0.6170140803221507,-0.5893374835734904,-0.6131008491067703,-0.003337887386417271
3.84,0.5179677286400002,-0.71209152,0.6140453818529547,-0.5937396938392064,-0.6163738366496746,-0.003272987542904282
3.845,0.5144014824145311,-0.7143954004687502,0.6110549254483562,-0.5980912809197055,-0.6195814238238592,-0.0032075871741845674
3.85,0.510823890625,-0.7166296875000001,0.6080429680221939,-0.6023914852324448,-0.6227231221245899,-0.003141698300730744
3.855,0.5072353021010938,-0.7187940379687497,0.6050097702204523,-0.606639560348315,-0.6257984550191357,-0.003075332894545757
3.86,0.50363606736,-0.7208881200000001,0.601955596355782,-0.6108347729340674,-0.6288069579000173,-0.003008502880881614
3.865,0.5000265385501561,-0.7229116129687502,0.5988807143423077,-0.6149764026948613,-0.6317481780399983,-0.0029412201399809934
3.87,0.49640706939499984,-0.7248642075,0.5957853956307225,-0.6190637423170371,-0.6346216745487722,-0.0028734965087738873
3.875,0.49277801513671876,-0.72674560546875,0.5926699151436664,-0.6230960974112135,-0.6374270183313309,-0.0028053437825587
3.88,0.48913973248000003,-0.72855552,0.5895345512113874,-0.6270727864557996,-0.6401637920479798,-0.0027367737166489325
3.8850000000000002,0.4854925795357812,-0.7302936754687505,0.5863795855076824,-0.6309931407410081,-0.6428315900759687,-0.002667798027988888
3.89,0.4818369157649999,-0.7319598075000002,0.5832053029861152,-0.6348565043134462,-0.645430018472714,-0.0025984283967452892
3.895,0.47817310192234375,-0.7335536629687498,0.5800119918165084,-0.6386622339213557,-0.6479586949405832,-0.002528676467869251
3.9,0.47450150000000013,-0.7350749999999998,0.5767999433217056,-0.6424096989605692,-0.6504172487932057,-0.0024585538526225026
3.9050000000000002,0.470822473171406,-0.7365235879687502,0.5735694519145994,-0.6460982814212418,-0.65280532092327,-0.0023880721300643115
3.91,0.46713638573499994,-0.7378992075000003,0.5703208150354223,-0.649727375835413,-0.6551225637717734,-0.0023172428485033203
3.915,0.4634436030579687,-0.7392016504687503,0.5670543330892951,-0.6532963892254476,-0.6573686412987223,-0.002246077526948942
3.92,0.45974449151999996,-0.7404307199999998,0.5637703093840281,-0.6568047410534018,-0.6595432289551901,-0.00217458765646783
3.9250000000000003,0.4560394184570311,-0.7415862304687504,0.5604690500681713,-0.6602518631713507,-0.6616460136567445,-0.002102784701554339
3.93,0.4523287521049999,-0.7426680075,0.5571508640693077,-0.6636371997727166,-0.663676693758185,-0.002030680101440585
3.935,0.4486128615435936,-0.7436758879687498,0.5538160630325846,-0.6669602073446262,-0.6656349790295706,-0.001958285271385529
3.94,0.4448921166400001,-0.7446097200000001,0.550464961259478,-0.6702203546213229,-0.667520590633474,-0.0018856116039034365
3.9450000000000003,0.4411668879926561,-0.7454693629687503,0.5470978756467847,-0.6734171225386604,-0.6693332611034682,-0.0018126704699942264
3.95,0.43743754687499997,-0.7462546875000003,0.5437151256258362,-0.6765500041896935,-0.6710727343237495,-0.001739473220281229
3.955,0.4337044651792188,-0.74696557546875,0.5403170331019294,-0.6796185047813842,-0.6727387655099348,-0.0016660311861853572
3.96,0.42996801536000007,-0.7476019200000004,0.5369039223939672,-0.6826221415924343,-0.6743311211909266,-0.0015923556809918082
3.9650000000000003,0.42622857037828105,-0.7481636254687499,0.5334761201743059,-0.6855604439322553,-0.6758495791918538,-0.001518458000927203
3.97,0.42248650364499984,-0.7486506075,0.5300339554088005,-0.6884329531010815,-0.6772939286180304,-0.00144434942617655
3.975,0.41874218896484366,-0.7490627929687497,0.5265777592970443,-0.6912392223512307,-0.6786639698399213,-0.001370041221890883
3.98,0.4149960004800001,-0.7494001199999998,0.5231078652127967,-0.6939788168495131,-0.6799595144790436,-0.0012955446391222925
3.985,0.4112483126139063,-0.7496625379687499,0.5196246086445928,-0.6966513136407895,-0.6811803853948051,-0.0012208709157615072
3.99,0.40749950001499996,-0.7498500075000002,0.5161283271365295,-0.699256301612673,-0.682326416672215,-0.0011460312774099757
3.995,0.4037499375004687,-0.74996250046875,0.5126193602292226,-0.7017933814613718,-0.6833974536104582,-0.001071036938243175
4.0,0.4,-0.75,0.5090980494009293,-0.704262165658663,-0.6843933527122886,-0.0009958991018303998
4.005,0.3962500624995315,-0.74996250046875,0.5055647380088293,-0.7066622784199916,-0.6853139816742024,-0.0009206289619138053
4.01,0.39250049998500014,-0.7498500075000005,0.5020197712304608,-0.7089933556736824,-0.6861592193773765,-0.0008452377031740177
4.015,0.3887516873860943,-0.7496625379687503,0.49846349600530454,-0.7112550450312526,-0.6869289558793115,-0.0007697365019350144
4.0200000000000005,0.38500399951999964,-0.7494001199999993,0.49489626097651046,-0.7134470057588127,-0.6876230924062038,-0.0006941365268923194
4.025,0.38125781103515605,-0.7490627929687501,0.49131841643276275,-0.7155689087495406,-0.6882415413459152,-0.0006184489397114135
4.03,0.37751349635499976,-0.7486506075,0.4877303142502767,-0.7176204364972123,-0.6887842262416607,-0.0005426848957454933
4.035,0.37377142962171883,-0.7481636254687498,0.48413230783492284,-0.7196012830707742,-0.6892510817862239,-0.0004668555445631606
4.04,0.37003198464,-0.7476019199999997,0.48052475206447315,-0.7215111540899368,-0.6896420538167978,-0.0003909720305739217
4.045,0.3662955348207813,-0.7469655754687494,0.4769080032309643,-0.7233497667017728,-0.6899570993103373,-0.00031504549353955635
4.05,0.362562453125,-0.7462546874999998,0.47328241898317275,-0.7251168495582997,-0.6901961863794664,-0.00023908706912911803
4.055,0.35883311200734386,-0.7454693629687497,0.4696483582691976,-0.7268121427950257,-0.6903592942688543,-0.00016310788938789234
4.0600000000000005,0.3551078833599999,-0.7446097200000003,0.4660061812791454,-0.7284353980104404,-0.6904464133520818,-8.711908322744932e-05
4.065,0.351387138456406,-0.7436758879687505,0.46235624938791325,-0.7299863782464269,-0.6904575451289321,-1.1131776850303865e-05
4.07,0.3476712478949997,-0.7426680075000001,0.45869892509806537,-0.731464857969575,-0.6903927022231244,6.48429058076605e-05
4.075,0.3439605815429685,-0.7415862304687502,0.4550345719827985,-0.7328706230533727,-0.6902519083804328,0.0001407938426916111
4.08,0.34025550847999986,-0.7404307200000002,0.45136355462899225,-0.7342034707612536,-0.6900351984671849,0.00021670991324795885
4.085,0.3365563969420315,-0.7392016504687503,0.44768623858033985,-0.7354632097304786,-0.689742618469114,0.0002925799980708632
4.09,0.332863614265,-0.7378992075000002,0.4440029902805557,-0.7366496599568289,-0.6893742254905529,0.0003683929785610607
4.095,0.32917752682859397,-0.7365235879687507,0.44031417701665526,-0.7377626527800853,-0.6889300877539162,0.0004441377366367627
4.1,0.3254985000000004,-0.7350750000000006,0.43662016686230387,-0.7388020308702753,-0.6884102845995138,0.0005198031544023651
4.105,0.32182689807765597,-0.7335536629687502,0.43292132862123056,-0.7397676482146601,-0.6878149064856129,0.0005953781139008685
4.11,0.3181630842349999,-0.7319598075000006,0.42921803177070333,-0.7406593701054429,-0.6871440549887453,0.0006708514968676305
4.115,0.31450742046421887,-0.7302936754687508,0.4255106464050625,-0.7414770731281723,-0.6863978428043023,0.0007462121844430403
4.12,0.3108602675200001,-0.7285555200000001,0.42179954317930834,-0.7422206451508211,-0.6855763937473032,0.0008214490569991018
4.125,0.3072219848632813,-0.72674560546875,0.4180850932527408,-0.7428899853135146,-0.6846798427533896,0.000896550993913614
4.13,0.3035929306050001,-0.7248642074999992,0.41436766823264637,-0.7434850040188895,-0.6837083358800115,0.0009715068733781029
4.135,0.29997346144984405,-0.7229116129687498,0.41064764011803107,-0.7440056229230597,-0.6826620303077888,0.0010463055722226278
4.14,0.29636393264000027,-0.7208881200000001,0.4069253812433952,-0.7444517749271651,-0.681541094342034,0.001120935965754799
4.1450000000000005,0.29276469789890613,-0.7187940379687501,0.4032012642225478,-0.7448234041694861,-0.6803457074144198,0.0011953869276142282
4.15,0.28917610937499993,-0.7166296875000001,0.3994756618924573,-0.7451204660180997,-0.6790760600847798,0.0012696473296399668
4.155,0.2855985175854686,-0.7143954004687502,0.39574894725713705,-0.7453429270640552,-0.6777323540430493,0.001343706041730508
4.16,0.28203227136,-0.71209152,0.3920214934315618,-0.7454907651150525,-0.6763148021112925,0.0014175519317568552
4.165,0.27847771778453123,-0.7097184004687502,0.3882936735856138,-0.7455639691895986,-0.674823628245849,0.001491173865443507
4.17,0.2749352021450001,-0.7072764074999999,0.38456586088805567,-0.7455625395116258,-0.6732590675395542,0.0015645607062947375
4.175,0.27140506787109386,-0.70476591796875,0.3808384284505279,-0.7454864875055504,-0.6716213662240532,0.0016377013155010056
4.18,0.26788765648000046,-0.702187320000001,0.37711174927156915,-0.7453358357917522,-0.6699107816721658,0.0017105845518874396
4.1850000000000005,0.2643833075201558,-0.69954101296875,0.3733861961806569,-0.7451106181824583,-0.6681275824003396,0.0017831992718261302
4.19,0.2608923585149997,-0.6968274075000004,0.3696621417822668,-0.7448108796780104,-0.6662720480711006,0.001855534329239017
4.195,0.2574151449067186,-0.69404692546875,0.3659399583999493,-0.7444366764635003,-0.6643444694956225,0.001927578575478095
4.2,0.25395199999999984,-0.6911999999999994,0.36222001802042053,-0.7439880759057537,-0.6623451486362666,0.0019993208593559464
4.205,0.2505032549057813,-0.6882870754687502,0.3585026922376673,-0.7434651565506474,-0.6602743986091748,0.0020707500270917834
4.21,0.2470692384850003,-0.6853086075000001,0.35478835219706356,-0.7428680081207423,-0.6581325436868855,0.0021418549222893546
4.215,0.243650277292344,-0.6822650629687502,0.3510773685394975,-0.7421967315132171,-0.6559199193009587,0.0022126243859267314
4.22,0.24024669552000055,-0.6791569200000013,0.3473701113455071,-0.7414514387980848,-0.6536368720446029,0.0022830472563558635
4.225,0.23685881494140637,-0.6759846679687502,0.3436669500794237,-0.7406322532166809,-0.6512837596753241,0.0023531123692787093
4.23,0.23348695485499993,-0.6727488075000001,0.33996825353352167,-0.739739309180405,-0.6488609511175402,0.002422808557783984
4.235,0.2301314320279686,-0.6694498504687503,0.33627438977217317,-0.7387727522697031,-0.6463688264652205,0.002492124652319627
4.24,0.22679256063999975,-0.6660883199999997,0.3325857260760068,-0.737732739233277,-0.6438077769844939,0.0025610494807266626
4.245,0.22347065222703122,-0.6626647504687497,0.32890262888606925,-0.7366194379875071,-0.6411782051162385,0.0026295718682554092
4.25,0.22016601562500004,-0.6591796875,0.3252254637479889,-0.7354330276160755,-0.638480524478664,0.0026976806375744733
4.255,0.21687895691359393,-0.6556336879687503,0.32155459525614,-0.7341736983697785,-0.6357151598698512,0.002765364608812826
4.26,0.21360977936000025,-0.652027320000001,0.3178903869978074,-0.7328416516665136,-0.6328825472702785,0.0028326125995726814
4.265,0.21035878336265668,-0.6483611629687502,0.31423320149735023,-0.7314371000914328,-0.629983133845307,0.0028994134249714643
4.2700000000000005,0.2071262663950003,-0.6446358075000003,0.310583400160364,-0.7299602673972492,-0.6270173779476417,0.0029657558976653453
4.275,0.20391252294921836,-0.6408518554687493,0.30694134321784056,-0.728411388504686,-0.6239857491197439,0.0030316288278977588
4.28,0.20071784447999996,-0.6370099200000002,0.3033073896703253,-0.7267907095030597,-0.6208887280962001,0.003097021023543811
4.285,0.19754251934828138,-0.6331106254687499,0.29968189723207034,-0.7250984876509842,-0.6177268068060876,0.0031619212901125016
4.29,0.19438683276500002,-0.6291546075,0.2960652222751844,-0.72333499137719,-0.6145004883752447,0.003226318430842867
4.295,0.1912510667348437,-0.6251425129687498,0.29245771977377716,-0.7215005002814473,-0.6112102871285249,0.0032902012467198594
4.3,0.1881354999999999,-0.6210750000000008,0.2888597432480992,-0.7195953051355845,-0.6078567285920032,0.003353558536521639
4.305,0.18504040798390609,-0.6169527379687502,0.2852716447086762,-0.7176197078845944,-0.6044403494951286,0.0034163790968746444
4.3100000000000005,0.1819660627349997,-0.6127764074999992,0.2816937746004371,-0.7155740216478198,-0.6009616977728319,0.003478651722296666
4.315,0.1789127328704685,-0.6085467004687501,0.278126481746836,-0.7134585707202116,-0.5974213325675791,0.0035403652052528045
4.32,0.17588068351999975,-0.6042643199999997,0.27457011329396774,-0.7112736905736512,-0.5938198242313795,0.0036015083361996547
4.325,0.17287017626953127,-0.5999299804687489,0.2710250146546761,-0.7090197278583308,-0.5901577543277364,0.0036620699036430393
4.33,0.16988146910499968,-0.5955444074999999,0.2674915294526552,-0.7066970404041854,-0.5864357156335589,0.003722038694177532
4.335,0.1669148163560934,-0.5911083379687491,0.26396999946654337,-0.7043059972223693,-0.5826543121409923,0.003781403492566615
4.34,0.1639704686400001,-0.5866225200000003,0.2604607645740095,-0.7018469785067732,-0.5788141590592333,0.0038401530817590013
4.345,0.16104867280515678,-0.5820877129687514,0.25696416269583167,-0.6993203756355736,-0.5749158828162725,0.0038982762429607964
4.3500000000000005,0.15814967187499973,-0.5775046874999994,0.2534805297399676,-0.6967265911728114,-0.5709601210605882,0.0039557617556842395
4.355,0.15527370499171855,-0.5728742254687497,0.25001019954561765,-0.6940660388699943,-0.5669475226627632,0.0040125983978250845
4.36,0.15242100735999986,-0.5681971199999992,0.24655350382727906,-0.6913391436677171,-0.5628787477171077,0.004068774945655496
4.365,0.14959181019078116,-0.5634741754687503,0.24311077211879256,-0.6885463416972968,-0.5587544675431735,0.0041242801739341806
4.37,0.14678634064499985,-0.5587062074999999,0.23968233171738046,-0.6856880802824178,-0.5545753646872429,0.004179102855930594
4.375,0.14400482177734375,-0.55389404296875,0.23626850762767654,-0.6827648179407837,-0.5503421329237601,0.004233231763482781
4.38,0.1412474724799997,-0.5490385200000002,0.2328696225057477,-0.6797770243857715,-0.5460554772567201,0.004286655667040007
4.385,0.13851450742640625,-0.5441404879687497,0.22948599660310728,-0.6767251805280835,-0.5417161139209846,0.00433936333573548
4.39,0.135806137015,-0.5392008074999997,0.2261179477107203,-0.6736097784773976,-0.5373247703835886,0.004391343537396009
4.3950000000000005,0.13312256731296823,-0.5342203504687483,0.22276579110300027,-0.6704313215440085,-0.5328821853449556,0.00444258503863304
4.4,0.13046399999999958,-0.5291999999999994,0.21942983948179795,-0.6671903242404607,-0.5283891087400825,0.004493076604873081
4.405,0.12783063231203096,-0.5241406504687494,0.2161104029203821,-0.6638873122831669,-0.5238463017396939,0.00454280700038856
4.41,0.12522265698500024,-0.5190432075000008,0.21280778880741205,-0.660522822594014,-0.5192545367513214,0.004591764988372549
4.415,0.12264026219859347,-0.5139085879687496,0.2095223017909023,-0.6570974033019497,-0.514614597420364,0.00463993933095741
4.42,0.12008363152000034,-0.5087377200000006,0.20625424372217954,-0.6536116137445521,-0.5099272786310609,0.004687318789303063
4.425,0.11755294384765591,-0.50353154296875,0.20300391359983166,-0.6500660244695773,-0.5051933865074975,0.004733892123563455
4.43,0.11504837335499973,-0.4982910075,0.19977160751364925,-0.6464612172364839,-0.5004137384144677,0.004779648093029776
4.4350000000000005,0.11257008943421831,-0.49301707546874884,0.19655761858855958,-0.6427977850179345,-0.49558916295839334,0.004824575456074343
4.44,0.11011825664000019,-0.48771071999999976,0.19336223692855323,-0.6390763320012712,-0.4907204999881281,0.004868662970265225
4.445,0.10769303463328195,-0.48237292546875,0.1901857495606034,-0.6352974735899646,-0.4858086005957738,0.004911899392354313
4.45,0.1052945781250001,-0.47700468749999986,0.18702844037857824,-0.6314618364050331,-0.48085432711742626,0.004954273478347537
4.455,0.10292303681984372,-0.4716070129687502,0.18389059008714606,-0.6275700582864371,-0.47585855313387626,0.00499577398355
4.46,0.10057855535999993,-0.46618092000000005,0.18077247614567388,-0.623622788294439,-0.4708221634713181,0.0050363896625581495
4.465,0.0982612732689061,-0.46072743796874893,0.1776743727121192,-0.6196206867109361,-0.46574605420198245,0.00507610926933566
4.47,0.09597132489500093,-0.4552476075000016,0.1745965505869154,-0.6155644250407606,-0.46063113264474137,0.005114921557241081
4.4750000000000005,0.09370883935546837,-0.4497424804687491,0.17153927715685066,-0.611454686012949,-0.4554783173657201,0.005152815279021283
4.48,0.0914739404799999,-0.4442131199999992,0.16850281633894076,-0.6072921635819788,-0.45028853817877357,0.005189779186946519
4.485,0.08926674675453117,-0.4386606004687494,0.1654874285242959,-0.6030775629289724,-0.4450627361460763,0.005225802032697291
4.49,0.08708737126499932,-0.433086007499999,0.16249337052198157,-0.598811600462869,-0.43980186357856427,0.005260872567512009
4.495,0.08493592164109365,-0.4274904379687506,0.15952089550287374,-0.5944950038215635,-0.4345068840363862,0.005294979542178058
4.5,0.08281249999999996,-0.421875,0.15657025294350868,-0.5901285118730121,-0.42917877232936125,0.005328111707024963
4.505,0.08071720289015616,-0.4162408129687485,0.15364168856992716,-0.5857128747163063,-0.4238185145173477,0.005360257812013547
4.51,0.07865012123500004,-0.41058900750000193,0.15073544430151362,-0.5812488536827105,-0.418427107910628,0.0053914066067197175
4.515,0.07661134027671856,-0.4049207254687495,0.14785175819483026,-0.5767372213366708,-0.4130055610702573,0.005421546840370661
4.5200000000000005,0.07460093951999891,-0.399237119999998,0.14499086438744632,-0.5721787614767891,-0.407554893808387,0.005450667261870323
4.525,0.07261899267578131,-0.3935393554687494,0.14215299304176252,-0.567574269136764,-0.4020761371885429,0.005478756619844094
4.53,0.07066556760500087,-0.387828607500002,0.139338370288831,-0.5629245505863013,-0.3965703335259527,0.005505803662590181
4.535,0.0687407262623434,-0.38210606296874805,0.13654721817217105,-0.5582304233319917,-0.39103853638776603,0.005531797138186689
4.54,0.06684452464000012,-0.37637292000000006,0.13377975459158026,-0.5534927161181564,-0.3854818105932671,0.005556725794498951
4.545,0.06497701271140666,-0.37063038796875036,0.13103619324694193,-0.5487122689276628,-0.3799012322141485,0.005580578379118573
4.55,0.06313823437499977,-0.36487968750000094,0.12831674358202838,-0.543889932982708,-0.37429788857467383,0.005603343639474678
4.555,0.06132822739796884,-0.3591220504687499,0.12562161072830053,-0.5390265707455727,-0.3686728782518448,0.005625010322829027
4.5600000000000005,0.05954702335999973,-0.35335871999999857,0.12295099544870379,-0.5341230559193465,-0.36302731107560143,0.005645567176243371
4.565,0.057794647597031124,-0.34759095046875005,0.12030509408146067,-0.5291802734486227,-0.3573623081289286,0.005665002946672826
4.57,0.05607111914500007,-0.34182000750000086,0.11768409848385986,-0.524199119520163,-0.3516790017480117,0.005683306380916908
4.575,0.0543764506835942,-0.33604716796875,0.11508819597604217,-0.519180501563537,-0.3459785355223396,0.005700466225672107
4.58,0.05271064847999973,-0.330273720000001,0.1125175692847835,-0.514125338251733,-0.34026206429481815,0.005716471227521447
4.585,0.05107371233265601,-0.32450096296874875,0.1099723964872748,-0.50903455950174,-0.33453075416182776,0.005731310132990386
4.59,0.049465635514999384,-0.3187302074999977,0.10745285095489927,-0.5039091064751063,-0.3287857824733389,0.005744971688488865
4.595,0.0478864047192189,-0.31296277546874907,0.10495910129700692,-0.49874993157847025,-0.32302833783293794,0.005757444640400955
4.6000000000000005,0.0463359999999996,-0.30719999999999814,0.10249131130468658,-0.4935579984640666,-0.3172596200979189,0.005768717735019024
4.605,0.04481439471828108,-0.30144322546874847,0.10004963989453554,-0.4883342820302087,-0.31148084037927576,0.005778779718643157
4.61,0.04332155548499905,-0.29569380749999824,0.09763424105242681,-0.48307976842174677,-0.3056932210417811,0.005787619337494665
4.615,0.04185744210484332,-0.2899531129687482,0.0952452637772743,-0.4777954550305018,-0.2998979957039612,0.005795225337819898
4.62,0.04042200752000047,-0.2842225200000016,0.0928828520247959,-0.4724823504956791,-0.29409640923815294,0.0058015864658082505
4.625,0.03901519775390627,-0.27850341796875,0.09054714465127461,-0.46714147470425776,-0.28828971777049056,0.005806691467662384
4.63,0.037636951854999934,-0.2727972075000018,0.0882382753573178,-0.46177385879136157,-0.282479188680882,0.0058105290896085515
4.635,0.036287201840469074,-0.2671053004687501,0.08595637263161478,-0.4563805451406062,-0.27666610060302227,0.0058130880778597405
4.64,0.03496587264000017,-0.2614291200000025,0.08370155969469263,-0.4509625873844296,-0.270851743424379,0.005814357178643259
4.6450000000000005,0.033672882039531116,-0.25577010046875087,0.08147395444267062,-0.4455210504044004,-0.26503741828614696,0.005814325138232046
4.65,0.03240814062499986,-0.2501296874999973,0.07927366939101307,-0.4400570103315099,-0.259224437583232,0.005812980702914972
4.655,0.031171551726093538,-0.24450933796874993,0.07710081161828085,-0.4345715545464462,-0.25341412496422044,0.005810312619011548
4.66,0.02996301135999957,-0.2389105199999989,0.0749554827098816,-0.42906578167984843,-0.24760781533132714,0.005806309632893303
4.665,0.02878240817515587,-0.23333471296874964,0.07283777870181887,-0.4235408016125468,-0.24180685484035658,0.005800960490970564
4.67,0.027629623395000302,-0.22778340750000084,0.07074779002443994,-0.41799773547578634,-0.23601260090065315,0.005794253939703425
4.675,0.026504530761718548,-0.22225810546875024,0.06868560144618277,-0.4124377156514339,-0.2302264221750619,0.005786178725591257
4.68,0.025406996480000665,-0.21676032000000023,0.06665129201732191,-0.40686188577217125,-0.22444969857983457,0.005776723595227323
4.6850000000000005,0.024336879160782088,-0.21129157546875066,0.06464493501371353,-0.40127140072167433,-0.21868382128462324,0.00576587729521133
4.69,0.023294029764999613,-0.20585340749999903,0.06266659788053965,-0.3956674266347776,-0.21293019271238195,0.005753628572241293
4.695,0.022278291547343065,-0.20044736296874818,0.06071634217605151,-0.39005114089762627,-0.2071902265392942,0.005739966173087752
4.7,0.021289500000000294,-0.19507499999999994,0.05879422351531244,-0.38442373214781544,-0.20146534769473456,0.005724878844559633
4.705,0.020327482796405838,-0.18973788796875157,0.05690029151393985,-0.3787864002745184,-0.1957569923612081,0.005708355333526455
4.71,0.019392059735000133,-0.18443760749999855,0.05503458973184684,-0.37314035641860066,-0.1900666079742247,0.00569038438698341
4.715,0.018483042682969186,-0.1791757504687496,0.053197155616983204,-0.36748682297272706,-0.18439565322229273,0.005670954751931967
4.72,0.017600235519999452,-0.173953920000001,0.05138802044907593,-0.3618270335814555,-0.1787455980468118,0.0056500551754809225
4.7250000000000005,0.016743434082031383,-0.1687737304687488,0.04960720928336933,-0.35616223314132045,-0.1731179236419801,0.005627674404831723
4.73,0.015912426104999655,-0.16363680749999931,0.04785474089436478,-0.35049367780090884,-0.16751412245478023,0.005603801187199858
4.735,0.015106991168594375,-0.1585447879687507,0.04613062771956015,-0.3448226349609275,-0.161935698184834,0.0055784242699462305
4.74,0.014326900639999307,-0.15349931999999883,0.044434875803188854,-0.3391503832742586,-0.1563841657843979,0.005551532400436099
4.745,0.013571917617656526,-0.14850206296874974,0.0427674847399588,-0.33347821264601074,-0.15086105145820236,0.0055231143261955384
4.75,0.012841796874999978,-0.1435546875,0.041128447618790996,-0.3278074242335608,-0.145367892663471,0.005493158794731362
4.755,0.012136284804218134,-0.13865887546875086,0.03951775096655806,-0.322139330446587,-0.13990623810977137,0.005461654553699624
4.76,0.011455119359999322,-0.13381631999999968,0.037935374691822565,-0.31647525494709905,-0.1344776477589667,0.005428590350804674
4.765,0.010798030003281722,-0.12902872546875274,0.03638129202857528,-0.31081653264945747,-0.12908369282514273,0.005393954933823969
4.7700000000000005,0.010164737645001032,-0.12429780750000248,0.03485546947997332,-0.3051645097203912,-0.12372595577454357,0.005357737050599165
4.775,0.009554954589843567,-0.11962529296874891,0.033357866762078296,-0.29952054357900443,-0.11840603032548291,0.005319925449060653
4.78,0.008968384479999258,-0.1150129199999995,0.03188843674759438,-0.29388600289678357,-0.11312552144825333,0.005280508877229584
4.785,0.008404722238906315,-0.11046243796874933,0.030447125409606406,-0.2882622675975953,-0.10788604536508223,0.005239476083171102
4.79,0.00786365401500011,-0.10597560749999815,0.029033871765318,-0.28265072885768106,-0.10268922955007029,0.00519681581501194
4.795,0.007344857125467952,-0.10155420046875037,0.027648607819789763,-0.2770527891056474,-0.09753671272909278,0.005152516820977504
4.8,0.006848000000000409,-0.09719999999999943,0.026291258509677496,-0.27146986202245343,-0.09243014487971948,0.0051065678493733
4.805,0.006372742124530317,-0.09291480046875052,0.024961741646970532,-0.2659033725413928,-0.08737118723121656,0.005058957648502921
4.8100000000000005,0.005918733984999536,-0.0887004074999993,0.023659967862730173,-0.2603547568480716,-0.08236151226437516,0.005009674966841404
4.815,0.0054856170110948455,-0.08455863796875179,0.022385840550828248,-0.2548254623803847,-0.07740280371153441,0.0049587085528407515
4.82,0.005073023520000719,-0.08049132000000157,0.021139255811685798,-0.24931694782849007,-0.0724967565564962,0.004906047155038201
4.825,0.0046805766601571985,-0.07650029296875119,0.01992010239601191,-0.24383068313477774,-0.0676450770344186,0.004851679522077601
4.83,0.004307890354999344,-0.07258740750000073,0.018728261648542726,-0.23836814949383658,-0.06284948263181553,0.004795594402603076
4.835,0.003954569246718664,-0.06875452546875209,0.01756360745178061,-0.23293083935242284,-0.05811170208642916,0.004737780545386372
4.84,0.003620208639998901,-0.06500351999999765,0.016426006169733512,-0.22752025640941986,-0.05343347538725374,0.0046782266991754196
4.845,0.0033043944457815666,-0.06133627546875005,0.015315316591654502,-0.222137915615802,-0.048816553774391105,0.004616921612862632
4.8500000000000005,0.0030067031249998433,-0.05775468750000101,0.014231389875781524,-0.2167853431745954,-0.04426269973908378,0.004553854035307323
4.855,0.0027267016323448967,-0.054260662968751205,0.013174069493077353,-0.21146407654083435,-0.0397736870235678,0.00448901271551598
4.86,0.0024639473600004402,-0.05085611999999884,0.01214319117096975,-0.2061756644215207,-0.03535130062111109,0.004422386402456714
4.865,0.0022179880814064967,-0.04754298796874963,0.011138582837091862,-0.20092166677557746,-0.030997336775880728,0.00435396384523036
4.87,0.001988361894998958,-0.044323207499998324,0.010160064563022826,-0.19570365481380722,-0.02671360298295318,0.004283733792927548
4.875,0.0017745971679687944,-0.04119873046875,0.009207448508028607,-0.19052321099884373,-0.022501917988213892,0.004211684994739288
4.88,0.001576212480000505,-0.038171520000000216,0.008280538862803064,-0.18538192904510872,-0.018364111788376783,0.0041378061998371095
4.885,0.001392716567031771,-0.03524355046875201,0.0073791317932092515,-0.18028141391876243,-0.014302025630883557,0.004062086157493226
4.89,0.001223608264999121,-0.03241680750000029,0.006503015384020956,-0.17522328183765923,-0.010317512013883597,0.00398451361699996
4.8950000000000005,0.001068376453593367,-0.029693287968751748,0.005651969582664465,-0.17020916027129807,-0.006412434686162191,0.0039050773277214054
4.9,0.0009265000000006074,-0.027075000000002094,0.004825766142960582,-0.1652406879407765,-0.002588668647149874,0.003823766039012317
4.905,0.0007974477026557736,-0.024563962968747435,0.004024168568866875,-0.16031951481874135,0.0011518998531363824,0.0037405685002862565
4.91,0.0006806782350003981,-0.02216220749999991,0.0032469320582201575,-0.15544730212934357,0.004807373314174593,0.0036554734610382104
4.915,0.0005756400892196201,-0.019871775468749322,0.0024938034464792084,-0.15062572234818983,0.008375842984903736,0.0035684696707291436
4.92,0.0004817715199998407,-0.017694720000001496,0.0017645211504677299,-0.1458564592022957,0.011855388863797695,0.003479545878893958
4.925,0.0003985004882813836,-0.015633105468748455,0.001058815112117543,-0.14114120767003735,0.015244079698920424,0.0033886908351227294
4.93,0.0003252446049991642,-0.013689007499999663,0.00037640674221200846,-0.1364816739811069,0.01853997298789651,0.0032958932889760855
4.9350000000000005,0.0002614110748453413,-0.011864512968750775,-0.000282991135870325,-0.13187957561646668,0.021741114978024098,0.0032011419901275887
4.94,0.0002063966399994399,-0.010161719999999264,-0.000919674342411833,-0.1273366413083016,0.024845540666182726,0.0031044256881586282
4.945,0.00015958752390687891,-0.00858273796875153,-0.0015339473976117143,-0.12285461103997627,0.02785127379903128,0.003005733132848555
4.95,0.00012035937499921268,-0.007129687499997317,-0.0021261235778416666,-0.1184352360459904,0.030756326872861776,0.002905053073830495
4.955,8.807721046932837e-05,-0.005804700468749502,-0.002696524971901334,-0.11408027881193349,0.03355870113376933,0.002802374260907556
4.96,6.209536000056914e-05,-0.004609919999998624,-0.0032454825372735547,-0.10979151307444411,0.036256386577559696,0.002697685443790364
4.965,4.175740953082929e-05,-0.0035475004687498314,-0.003773336156379379,-0.10557072382116485,0.03884736194985128,0.002590975372291582
4.97,2.6396144999552007e-05,-0.002619607499998722,-0.004280434692832907,-0.10141970729070562,0.04132959474608349,0.002482232796232213
4.9750000000000005,1.5333496092728716e-05,-0.0018284179687498181,-0.004767136047695892,-0.09734027097259706,0.04370104121150586,0.0023714464654223666
4.98,7.880480000443946e-06,-0.0011761200000009353,-0.005233807215732172,-0.09333423360725589,0.04595964634124532,0.002258605129739459
4.985,3.3371451564345733e-06,-0.0006649129687502864,-0.005680824341661881,-0.08940342518594181,0.04810334388026265,0.0021436975390173307
4.99,9.925150002976224e-07,-0.00029700749999932445,-0.006108572776415496,-0.08554968695072297,0.05013005632344272,0.002026712443180076
4.995,1.245317186038264e-07,-7.462546875132149e-05,-0.006517447133387681,-0.08177487139443708,0.0520376949155595,0.0019076385921167754
5.0,0.0,0.0,-0.006907851344690954,-0.07808084226065454,0.053824159651324754,0.0017864647357652558
5.005,0.0,0.0,-0.007280198717409177,-0.07446947454364451,0.05550165967506354,0.0016775000237387871
5.01,0.0,0.0,-0.007634911989850872,-0.07094265448833889,0.05708569772231108,0.0015840380472475352
5.015,0.0,0.0,-0.007972423387802378,-0.06750227959030129,0.05857914974700623,0.001493452024695155
5.0200000000000005,0.0,0.0,-0.00829317468078084,-0.06415025859569229,0.0599849506530685,0.0014058009060622656
5.025,0.0,0.0,-0.008597617238287036,-0.06088851150123905,0.06130609463190965,0.0013211439788411508
5.03,0.0,0.0,-0.008886212086058056,-0.05771896955420381,0.06254563549994524,0.001239540868035592
5.035,0.0,0.0,-0.009159425487194929,-0.054642680227374604,0.06370668703610502,0.0011610515361597795
5.04,0.0,0.0,-0.009417723770222526,-0.05165965660551925,0.064792235364097,0.0010855483279919864
5.045,0.0,0.0,-0.009661572426264958,-0.048769731208486405,0.06580508081032861,0.0010128454462316056
5.05,0.0,0.0,-0.009891435244225654,-0.04597256359213922,0.06674798617511729,0.0009429053647886793
5.055,0.0,0.0,-0.010107773481491335,-0.04326764745313617,0.06762367291193898,0.0008756867368216875
5.0600000000000005,0.0,0.0,-0.010311045067834179,-0.04065431726856858,0.06843481743051252,0.000811144518573545
5.065,0.0,0.0,-0.01050170384033181,-0.03813175449952648,0.06918404751534742,0.0007492300848348926
5.07,0.0,0.0,-0.01068019886599706,-0.035699005133050014,0.06987393885190563,0.0006898913365582099
5.075,0.0,0.0,-0.010846973864805005,-0.03335499976158885,0.07050701411993136,0.0006330752680257373
5.08,0.0,0.0,-0.011002466680507729,-0.031098563140544717,0.07108574314591602,0.0005787290259846589
5.085,0.0,0.0,-0.011147108797444051,-0.028928423387264486,0.07161254144834442,0.0005267983024283968
5.09,0.0,0.0,-0.011281324901624819,-0.026843220836153422,0.07208976899437192,0.00047722754602749773
5.095,0.0,0.0,-0.011405532484445742,-0.02484151656418462,0.07251972916025654,0.0004299601658846186
5.1000000000000005,0.0,0.0,-0.011520141487449136,-0.022921800600678978,0.07290466788822768,0.00038493872797114304
5.105,0.0,0.0,-0.011625553985852341,-0.021082499680640833,0.07324677303281704,0.0003421051445893636
5.11,0.0,0.0,-0.011722163908372246,-0.01932198450398103,0.07354817385762939,0.00030140082481235064
5.115,0.0,0.0,-0.01181035679153205,-0.01763857663196069,0.07381094066095006,0.0002627668033206715
5.12,0.0,0.0,-0.011890509566683624,-0.016030555030314905,0.07403708454294522,0.00022614388199515556
5.125,0.0,0.0,-0.011962990378025645,-0.014496162268404191,0.07422855730555843,0.00019147276261320678
5.13,0.0,0.0,-0.012028158429943718,-0.0130336103836147,0.07438725147646663,0.00015869417090820515
5.135,0.0,0.0,-0.012086363862044158,-0.011641086420087716,0.07451500044871295,0.0001277489722463221
5.14,0.0,0.0,-0.012137947650307809,-0.010316757652730397,0.07461357872788073,9.857827916777417e-05
5.1450000000000005,0.0,0.0,-0.012183241532848436,-0.00905877650812537,0.07468470227933832,7.112355145759419e-05
5.15,0.0,0.0,-0.012222567958810604,-0.007865285192433458,0.07473002896855319,4.5326689214864047e-05
5.155,0.0,0.0,-0.01225624005899215,-0.006734420036308966,0.07475115908750164,2.11301189484564e-05
5.16,0.0,0.0,-0.012284561636825952,-0.005664315566760492,0.07474963596048852,-1.5231270131255137e-06
5.165,0.0,0.0,-0.01230782717840492,-0.004653108315793402,0.0747269466229726,-2.26893375159104e-05
5.17,0.0,0.0,-0.012326321880282739,-0.003698940375563769,0.07468452256727233,-4.2424055700276964e-05
5.175,0.0,0.0,-0.0123403216938309,-0.002799962709632388,0.0746237405492979,-6.078201797442284e-05
5.18,0.0,0.0,-0.01235009338497963,-0.00195433822974579,0.07454592345071924,-7.781709857866692e-05
5.1850000000000005,0.0,0.0,-0.01235589460821672,-0.0011602446474178257,0.07445234119123201,-9.358225948723209e-05
5.19,0.0,0.0,-0.012357973993763838,-0.00041587710942367893,0.07434421168583552,-0.00010812950539648702
5.195,0.0,0.0,-0.012356571246894583,0.0002805493738510885,0.07422270184227929,-0.00012150984355623062
5.2,0.0,0.0,-0.012351917258402383,0.0009307976984399154,0.0740889285940743,-0.00013377324820498804
5.205,0.0,0.0,-0.01234423422526929,0.0015366066266185399,0.0739439599646951,-0.00014496862937919686
5.21,0.0,0.0,-0.012333735780628666,0.002099688928124833,0.0737888161588244,-0.00015514380587069998
5.215,0.0,0.0,-0.012320627132155822,0.0026217296945690314,0.07362447067670953,-0.0001643454821148721
5.22,0.0,0.0,-0.012305105208060706,0.003104384819023187,0.07345185144791251,-0.00017261922879702185
5.2250000000000005,0.0,0.0,-0.012287358809895822,0.0035492796329766934,0.07327184198094007,-0.0001800094669724417
5.23,0.0,0.0,-0.012267568771430596,0.003958007693045294,0.07308528252543912,-0.00018655945550094533
5.235,0.0,0.0,-0.012245908122880478,0.004332129710023407,0.07289297124383542,-0.00019231128160369926
5.24,0.0,0.0,-0.012222542259815112,0.004673172613073469,0.07269566538947866,-0.00019730585435676073
5.245,0.0,0.0,-0.012197629116104858,0.004982628742050723,0.07249408248853745,-0.00020158290094121623
5.25,0.0,0.0,-0.012171319340299023,0.005261955161167084,0.07228890152306003,-0.00020518096547741949
5.255,0.0,0.0,-0.01214375647486201,0.0055125730874028955,0.07208076411278407,-0.0002081374102759631
5.26,0.0,0.0,-0.012115077137725609,0.00573586742728016,0.07187027569343954,-0.0002104884193445261
5.265,0.0,0.0,-0.012085411205646535,0.0059331864158148635,0.07165800668944322,-0.0002122690039963182
5.2700000000000005,0.0,0.0,-0.01205488199888819,0.006105841351668851,0.07144449367903255,-0.00021351301041067083
5.275,0.0,0.0,-0.012023606466774575,0.006255106422723138,0.07123024055002874,-0.00021425312900380522
5.28,0.0,0.0,-0.011991695373692103,0.006382218616494193,0.07101571964455727,-0.0002145209054714714
5.285,0.0,0.0,-0.011959253485142042,0.0064883777100123085,0.07080137289118367,-0.00021434675337360376
5.29,0.0,0.0,-0.01192637975347216,0.006574746333976511,0.07058761292305005,-0.00021375996813362275
5.295,0.0,0.0,-0.011893167502941195,0.00664245010619318,0.0703748241807172,-0.0002127887423328534
5.3,0.0,0.0,-0.011859704613793718,0.0066925778294956405,0.07016336399853239,-0.00021146018218480556
5.305,0.0,0.0,-0.011826073705046073,0.006726181749528958,0.0699535636734531,-0.00020980032507929292
5.3100000000000005,0.0,0.0,-0.011792352315706233,0.006744277867968228,0.06974572951536123,-0.000207834158091863
5.315,0.0,0.0,-0.011758613084171636,0.006747846306919192,0.06954014387800311,-0.00020558563735811886
5.32,0.0,0.0,-0.0117249239255695,0.006737831720427371,0.06933706616978436,-0.00020307770821875737
5.325,0.0,0.0,-0.011691348206823523,0.006715143749195485,0.06913673384374007,-0.0002003323260442863
5.33,0.0,0.0,-0.011657944919249628,0.006680657514779041,0.06893936336608596,-0.00019737047765411297
5.335,0.0,0.0,-0.011624768848501147,0.006635214149696169,0.06874515116283754,-0.00019421220324841726
5.34,0.0,0.0,-0.011591870741700896,0.006579621360050235,0.06855427454406157,-0.0001908766187759675
5.345,0.0,0.0,-0.011559297471613784,0.00651465401742229,0.06836689260539633,-0.0001873819386652431
5.3500000000000005,0.0,0.0,-0.01152709219772906,0.006441054776944919,0.06818314710654669,-0.0001837454988496412
5.355,0.0,0.0,-0.011495294524135962,0.006359534718619616,0.06800316332652427,-0.00017998378002241633
5.36,0.0,0.0,-0.01146394065409053,0.006270774009086262,0.06782705089546424,-0.00017611243106002705
5.365,0.0,0.0,-0.011433063541184552,0.006175422581195716,0.06765490460290766,-0.0001721462925565881
5.37,0.0,0.0,-0.011402693037040178,0.006074100828874832,0.06748680518249209,-0.00016809942041556836
5.375,0.0,0.0,-0.011372856035465641,0.005967400314907426,0.06732282007304359,-0.0001639851094484973
5.38,0.0,0.0,-0.011343576613018717,0.005855884489384879,0.06716300415611051,-0.00015981591693307873
5.385,0.0,0.0,-0.011314876165935185,0.005740089416706091,0.06700740047002303,-0.00015560368608748265
5.39,0.0,0.0,-0.011286773543389543,0.0056205245091284755,0.06685604090060401,-0.00015135956941901563
5.3950000000000005,0.0,0.0,-0.011259285177064595,0.005497673264989673,0.06670894684869413,-0.00014709405190987956
5.4,0.0,0.0,-0.011232425207015426,0.005371994009833574,0.06656612987468943,-0.00014281697400470028
5.405,0.0,0.0,-0.011206205603821505,0.005243920638784199,0.06642759232032253,-0.00013853755436690762
5.41,0.0,0.0,-0.01118063628702842,0.005113863358617093,0.06629332790794788,-0.00013426441237464337
5.415,0.0,0.0,-0.01115572523988802,0.004982209428079964,0.06616332231761943,-0.00013000559032845527
5.42,0.0,0.0,-0.011131478620412456,0.0048493238951127175,0.06603755374227373,-0.00012576857534569996
5.425,0.0,0.0,-0.011107900868763898,0.004715550329711556,0.06591599342135444,-0.00012156032091928393
5.43,0.0,0.0,-0.011084994811007534,0.0045812115512726724,0.06579860615323531,-0.00011738726811913458
5.4350000000000005,0.0,0.0,-0.011062761759260843,0.004446610349338288,0.06568535078681613,-0.00011325536641917933
5.44,0.0,0.0,-0.011041201608277085,0.0043120301967513874,0.06557618069268417,-0.00010917009413195788
5.445,0.0,0.0,-0.011020312928505558,0.00417773595430564,0.06547104421424726,-0.00010513647843690688
5.45,0.0,0.0,-0.01100009305567529,0.0040439745660536455,0.06536988509925834,-0.0001011591149889246
5.455,0.0,0.0,-0.01098053817695274,0.003910975744509945,0.06527264291216209,-9.724218709625254e-05
5.46,0.0,0.0,-0.010961643413727464,0.0037789526450552795,0.06517925342770464,-9.338948445744566e-05
5.465,0.0,0.0,-0.010943402901082887,0.0036481025289153324,0.06508964900625483,-8.960442144981262e-05
5.47,0.0,0.0,-0.010925809864012133,0.0035186074141508846,0.06500375895129257,-8.58900549622621e-05
5.4750000000000005,0.0,0.0,-0.010908856690441348,0.0033906347141569077,0.06492150984952563,-8.224910176693467e-05
5.48,0.0,0.0,-0.01089253500112522,0.003264337863225747,0.06484282589409984,-7.86839554257901e-05
5.485,0.0,0.0,-0.0108768357164813,0.003139856928784268,0.06476762919137069,-7.519670272915224e-05
5.49,0.0,0.0,-0.010861749120431466,0.003017319209966791,0.06469584005170663,-7.178913966406075e-05
5.495,0.0,0.0,-0.010847264921320291,0.002896839822234793,0.06462737726479477,-6.846278691186036e-05
5.5,0.0,0.0,-0.010833372309981286,0.0027785222678009033,0.06456215835991948,-6.521890487529158e-05
5.505,0.0,0.0,-0.010820060015022993,0.0026624589916586987,0.06450009985168356,-6.205850823591541e-05
5.51,0.0,0.0,-0.010807316355407687,0.0025487319230612696,0.0644411174716394,-5.89823800441619e-05
5.515,0.0,0.0,-0.010795129290396034,0.002437413002330608,0.0643851263862951,-5.59910853443063e-05
5.5200000000000005,0.0,0.0,-0.010783486466931452,0.002328564692916609,0.0643320414019567,-5.308498433839737e-05
5.525,0.0,0.0,-0.010772375264538158,0.002222240478658994,0.06428177715686371,-5.0264245092981885e-05
5.53,0.0,0.0,-0.010761782837806969,0.002118485346237774,0.06423424830107033,-4.7528855793385616e-05
5.535,0.0,0.0,-0.010751696156542829,0.002017336252828136,0.06418936966451902,-4.487863655130986e-05
5.54,0.0,0.0,-0.01074210204364781,0.0019188225790038394,0.06414705641374792,-4.2313250771100486e-05
5.545,0.0,0.0,-0.010732987210813012,0.0018229665669595423,0.06410722419766617,-3.983221608175325e-05
5.55,0.0,0.0,-0.010724338292092277,0.0017297837441468638,0.06406978928282536,-3.743491484080319e-05
5.555,0.0,0.0,-0.010716141875430069,0.0016392833324416667,0.06403466867860722,-3.512060421814733e-05
5.5600000000000005,0.0,0.0,-0.010708384532215164,0.0015514686429809583,0.06400178025274092,-3.288842586629537e-05
5.565,0.0,0.0,-0.010701052844931029,0.0014663374568270866,0.06397104283755442,-3.0737415186499195e-05
5.57,0.0,0.0,-0.010694133432972855,0.0013838823916346383,0.06394237632735729,-2.866651019713118e-05
5.575,0.0,0.0,-0.010687612976700298,0.001304091254511608,0.0639157017673429,-2.6674560014386395e-05
5.58,0.0,0.0,-0.010681478239793893,0.0012269473812812173,0.0638909414343897,-2.4760332953205344e-05
5.585,0.0,0.0,-0.010675716089982072,0.0011524299623640918,0.06386801891013273,-2.2922524256965837e-05
5.59,0.0,0.0,-0.01067031351820451,0.0010805143555126437,0.06384685914666689,-2.115976346583892e-05
5.595,0.0,0.0,-0.010665257656276309,0.0010111723856402546,0.06382738852523479,-1.947062143210776e-05
5.6000000000000005,0.0,0.0,-0.010660535793116321,0.0009443726319975684,0.06380953490824261,-1.78536169921778e-05
5.605,0.0,0.0,-0.010656135389601537,0.0008800807029566518,0.06379322768493836,-1.630722330424328e-05
5.61,0.0,0.0,-0.010652044092108182,0.0008182594986712163,0.06377839781107703,-1.4829873861338383e-05
5.615,0.0,0.0,-0.010648249744798744,0.0007588694618875604,0.06376497784288827,-1.3419968188752018e-05
5.62,0.0,0.0,-0.010644740400712812,0.0007018688171862682,0.06375290196565271,-1.2075877235562249e-05
5.625,0.0,0.0,-0.010641504331718114,0.0006472137989393002,0.06374210601718334,-1.079594846936649e-05
5.63,0.0,0.0,-0.01063853003737676,0.0005948588682707569,0.06373252750649962,-9.578510683727615e-06
5.635,0.0,0.0,-0.010635806252780197,0.0005447569193124826,0.06372410562797182,-8.42187852780063e-06
5.64,0.0,0.0,-0.010633321955404958,0.0004968594750477663,0.06371678127120493,-7.324356766882922e-06
5.6450000000000005,0.0,0.0,-0.010631066371039768,0.0004511168730377975,0.06371049702692115,-6.284244283782936e-06
5.65,0.0,0.0,-0.010629028978833137,0.0004074784413262296,0.0637051971890918,-5.299837829347842e-06
5.655,0.0,0.0,-0.01062719951550905,0.000365892664817299,0.06370082775356009,-4.369435531711985e-06
5.66,0.0,0.0,-0.010625567978796938,0.00032630734242244345,0.06369733641338719,-3.491340172898094e-06
5.665,0.0,0.0,-0.010624124630120592,0.00028866973526927865,0.0636946725511456,-2.6638622415975366e-06
5.67,0.0,0.0,-0.010622859996589266,0.0002529267062652564,0.06369278722837507,-1.8853227705256659e-06
5.675,0.0,0.0,-0.010621764872332734,0.0002190248513062494,0.06369163317240785,-1.15405596722018e-06
5.68,0.0,0.0,-0.010620830319220646,0.00018691062241784641,0.06369116476076128,-4.6841164656752365e-07
5.6850000000000005,0.0,0.0,-0.010620047667005075,0.00015653044311423627,0.06369133800328866,1.7324252737926926e-07
5.69,0.0,0.0,-0.010619408512923794,0.00012783081625629536,0.06369211052226989,7.725189812290978e-07
5.695,0.0,0.0,-0.010618904720800359,0.0001007584246868766,0.06369344153061662,1.3310083467332756e-06
5.7,0.0,0.0,-0.010618528419675772,7.526022491738851e-05,0.0636952918083585,1.8502777418827332e-06
5.705,0.0,0.0,-0.010618272002005094,5.1283534135542345e-05,0.06369762367756951,2.331869211003035e-06
5.71,0.0,0.0,-0.010618128121451095,2.877611079965106e-05,0.06370040097588617,2.7772983166585163e-06
5.715,0.0,0.0,-0.010618089690305694,7.686229080213353e-06,0.06370358902876262,3.188052876454406e-06
5.72,0.0,0.0,-0.01061814987656867,-1.2037252595432506e-05,0.06370715462059973,3.565591837104143e-06
5.7250000000000005,0.0,0.0,-0.010618302100711893,-3.0444828644678874e-05,0.0637110659648792,3.9113442794752595e-06
5.73,0.0,0.0,-0.010618540032156053,-4.758628883197988e-05,0.0637152926734274,4.226708548202285e-06
5.735,0.0,0.0,-0.010618857585485713,-6.351066593188724e-05,0.06371980572492608,4.513051498677978e-06
5.74,0.0,0.0,-0.010619248916427303,-7.826618831825936e-05,0.06372457743278202,4.771707855941165e-06
5.745,0.0,0.0,-0.010619708417613557,-9.190023725070482e-05,0.0637295814124611,5.003979679077397e-06
5.75,0.0,0.0,-0.010620230714156732,-0.00010445930863505302,0.06373479254838646,5.211135925359267e-06
5.755,0.0,0.0,-0.010620810659051934,-0.00011598897904041271,0.0637401869604947,5.394412108242208e-06
5.76,0.0,0.0,-0.01062144332843074,-0.00012653387576117434,0.06374574197053888,5.5550100441781325e-06
5.765,0.0,0.0,-0.010622124016684331,-0.00013613765071822145,0.06375143606822145,5.694097682570898e-06
5.7700000000000005,0.0,0.0,-0.010622848231474328,-0.00014484295799945633,0.06375724887723527,5.8128090138220845e-06
5.775,0.0,0.0,-0.010623611688648556,-0.00015269143484567248,0.06376316112128587,5.912244050595983e-06
5.78,0.0,0.0,-0.010624410307078025,-0.00015972368589366447,0.06376915459016355,5.993468877682484e-06
5.785,0.0,0.0,-0.010625240203430497,-0.0001659792704943923,0.06377521210592901,6.057515765461874e-06
5.79,0.0,0.0,-0.010626097686895146,-0.00017149669292981329,0.06378131748927197,6.105383342960846e-06
5.795,0.0,0.0,-0.010626979253871936,-0.0001763133953578593,0.06378745552609824,6.138036826267013e-06
5.8,0.0,0.0,-0.01062788158263854,-0.0001804657533207892,0.06379361193439603,6.156408297791627e-06
5.805,0.0,0.0,-0.01062880152800683,-0.00018398907365787355,0.06379977333142899,6.161397032952709e-06
5.8100000000000005,0.0,0.0,-0.010629736115980174,-0.00018691759466903535,0.0638059272012994,6.1538698704205474e-06
5.815,0.0,0.0,-0.010630682538422082,-0.0001892844883816579,0.06381206186292147,6.13466162206755e-06
5.82,0.0,0.0,-0.010631638147745974,-0.0001911218647783063,0.0638181664384412,6.104575519721989e-06
5.825,0.0,0.0,-0.010632600451635216,-0.00019246077784852258,0.06382423082213594,6.064383694742714e-06
5.83,0.0,0.0,-0.010633567107801882,-0.00019333123333323813,0.06383024564982404,6.014827688097246e-06
5.835,0.0,0.0,-0.01063453591879206,-0.0001937621980355996,0.06383620226881127,5.956618987237872e-06
5.84,0.0,0.0,-0.010635504826844945,-0.00019378161057716217,0.06384209270839877,5.890439587499796e-06
5.845,0.0,0.0,-0.010636471908812364,-0.00019341639348349751,0.06384790965097356,5.81694257478782e-06
5.8500000000000005,0.0,0.0,-0.010637435371144805,-0.00019269246648820451,0.06385364640370121,5.736752727650285e-06
5.855,0.0,0.0,-0.01063839354494955,-0.00019163476094919576,0.0638592968708367,5.650467135492887e-06
5.86,0.0,0.0,-0.01063934488112593,-0.0001902672352758688,0.06386485552666815,5.558655831447434e-06
5.865,0.0,0.0,-0.010640287945582281,-0.00018861289127042316,0.06387031738910523,5.4618624370783575e-06
5.87,0.0,0.0,-0.010641221414538736,-0.00018669379129109868,0.06387567799392237,5.360604817136738e-06
5.875,0.0,0.0,-0.010642144069919484,-0.0001845310761495577,0.06388093336966481,5.255375742446722e-06
5.88,0.0,0.0,-0.010643054794837778,-0.00018214498365888503,0.06388608001322382,5.146643559009179e-06
5.885,0.0,0.0,-0.010643952569176543,-0.00017955486775291123,0.06389111486608527,5.034852861449113e-06
5.89,0.0,0.0,-0.01064483646526705,-0.0001767792181015953,0.06389603529125477,4.920425169502307e-06
5.8950000000000005,0.0,0.0,-0.010645705643667807,-0.0001738356801511692,0.06390083905086058,4.803759605806479e-06
5.9,0.0,0.0,-0.010646559349045414,-0.00017074107552157377,0.06390552428443405,4.685233573470393e-06
5.905,0.0,0.0,-0.010647396906158901,-0.00016751142269742444,0.06391008948786636,4.565203432310705e-06
5.91,0.0,0.0,-0.010648217715948663,-0.00016416195795234675,0.06391453349303894,4.444005172576926e-06
5.915,0.0,0.0,-0.010649021251730914,-0.00016070715644999565,0.0639188554481234,4.3219550844575405e-06
5.92,0.0,0.0,-0.010649807055498256,-0.0001571607534684477,0.06392305479854647,4.199350423075843e-06
5.925,0.0,0.0,-0.010650574734326745,-0.00015353576569788417,0.06392713126861385,4.076470067379545e-06
5.93,0.0,0.0,-0.010651323956889568,-0.00014984451256463803,0.06393108484378608,3.9535751722302725e-06
5.9350000000000005,0.0,0.0,-0.010652054450077256,-0.000146098637537701,0.06393491575359904,3.830909812957417e-06
5.94,0.0,0.0,-0.01065276599572414,-0.0001423091293766615,0.06393862445522032,3.7087016212800084e-06
5.945,0.0,0.0,-0.010653458427440555,-0.00013848634328290864,0.06394221161763265,3.5871624123329227e-06
5.95,0.0,0.0,-0.010654131627550148,-0.0001346400219185728,0.06394567810643426,3.4664888016039397e-06
5.955,0.0,0.0,-0.01065478552413145,-0.00013077931626029657,0.06394902496924623,3.346862811975937e-06
5.96,0.0,0.0,-0.010655420088162736,-0.0001269128062573982,0.06395225342171557,3.228452469333787e-06
5.965,0.0,0.0,-0.010656035330769068,-0.00012304852126637122,0.06395536483410275,3.111412387180046e-06
5.97,0.0,0.0,-0.010656631300570247,-0.00011919396023595318,0.06395836071844235,2.99588433960718e-06
5.9750000000000005,0.0,0.0,-0.010657208081128343,-0.00011535611161916592,0.06396124271626395,2.881997821599369e-06
5.98,0.0,0.0,-0.010657765788493298,-0.00011154147299082706,0.06396401258686152,2.7698705975659488e-06
5.985,0.0,0.0,-0.010658304568845053,-0.00010775607035101053,0.06396667219609814,2.659609236621563e-06
5.99,0.0,0.0,-0.010658824596230538,-0.0001040054770968496,0.0639692235057335,2.551309635362431e-06
5.995,0.0,0.0,-0.010659326070393773,-0.00010029483264687499,0.06397166856326067,2.4450575271672825e-06
