time_s,desired_position_rad,desired_velocity_rad_s,position_rad,velocity_rad_s,velocity_command_rad_s,command_change_rad_s
0.0,0.0,0.0,-2e-05,-0.004,0.0,0.0
0.005,1.2453171875000003e-07,7.462546875000001e-05,-5.8750000000000005e-05,-0.00775,0.0008343571109445313,0.0008343571109445313
0.01,9.925150000000002e-07,0.0002970075,-0.000115078125,-0.011265625,0.0017483719307007813,0.00091401481975625
0.015,3.3371451562499998e-06,0.0006649129687500001,-0.00018788574218749998,-0.0145615234375,0.002742547419909375,0.000994175489208594
0.02,7.880480000000002e-06,0.0011761200000000001,-0.00027614288330078126,-0.01765142822265625,0.0038175176577734376,0.0010749702378640624
0.025,1.5333496093750004e-05,0.0018284179687500003,-0.00037888395309448246,-0.020548213958740236,0.004974037085202636,0.0011565194274291988
0.03,2.6396144999999996e-05,0.0026196075000000005,-0.0004952037060260773,-0.02326395058631897,0.006212970428293927,0.0012389333430912908
0.035,4.175740953125002e-05,0.00354750046875,-0.0006239927378022773,-0.025757806355240002,0.0075352832596806835,0.0013223128313867563
0.04,6.209536000000002e-05,0.00460992,-0.0007641860888641207,-0.028038670212368704,0.008931339046403253,0.0013960557867225692
0.045,8.807721046875e-05,0.00580470046875,-0.0009147603094158774,-0.030114844110351324,0.01040061498220438,0.0014692759358011266
0.05,0.00012035937500000002,0.0071296875000000015,-0.001074730666915095,-0.03199407149984353,0.011942632670147522,0.0015420176879431431
0.055,0.00015958752390625,0.00858273796875,-0.0012431484904814858,-0.033683564713278144,0.013556949989520778,0.0016143173193732558
0.06,0.00020639663999999998,0.01016172,-0.0014190986468161353,-0.03519003126692989,0.015243153408821935,0.001686203419301157
0.065,0.0002614110748437501,0.011864512968750001,-0.001601697142361219,-0.03651969910901673,0.017000850724571148,0.0017576973157492123
0.07,0.0003252446050000001,0.013689007500000003,-0.0017900921884827338,-0.03767900922430298,0.018829664206488864,0.0018288134819177161
0.075,0.0003985004882812499,0.01563310546875,-0.001983462352039715,-0.03867403271139627,0.020729361198780674,0.0018996969922918105
0.08,0.00048177152000000023,0.01769472,-0.002181014807664964,-0.039510491125049785,0.022699740526541716,0.001970379327761042
0.085,0.00057564008921875,0.019871775468750005,-0.00238198368794191,-0.040193776055389124,0.024740627973047602,0.002040887446505886
0.09,0.000680678235,0.022162207500000003,-0.0025856285277612895,-0.040728967963875935,0.02685187208526879,0.002111244112221189
0.095,0.0007974477026562502,0.024563962968750002,-0.0027912327992405295,-0.04112085429584799,0.029033340294005824,0.0021814682087370335
0.1,0.0009265000000000001,0.027075000000000002,-0.002998102533687789,-0.04137394688945194,0.031284915335489355,0.0022515750414835306
0.105,0.0010683764535937498,0.02969328796875,-0.0032055649843574763,-0.0414924901339374,0.03360649196172733,0.002321576626237977
0.11,0.001223608265,0.0324168075,-0.0034129673629457635,-0.04148047571765746,0.035997972170479765,0.0023914802087524334
0.115,0.00139271656703125,0.03524355046875001,-0.0036196756466307057,-0.04134165673698839,0.03845926197197172,0.0024612898014919546
0.12,0.0015762124799999996,0.03817152,-0.0038250734525586924,-0.041079561185597316,0.040990268376244206,0.002531006404272486
0.125,0.0017745971679687502,0.04119873046875,-0.0040285609767743025,-0.04069750484312212,0.04359089659016041,0.002600628213916205
0.13,0.0019883618950000004,0.0443232075,-0.004229553994684097,-0.040198603581958904,0.046261047413450794,0.0026701508232903834
0.135,0.0022179880814062504,0.047542987968750006,-0.004427482920236489,-0.039585785110478514,0.049000614823537986,0.0027395674100871917
0.14,0.002463947360000001,0.050856120000000005,-0.004621791921638582,-0.03886180028041862,0.051809483739230784,0.0028088689156927985
0.145,0.0027267016323437496,0.05426066296875,-0.004811938091086804,-0.03802923388964422,0.05468752797623394,0.0028780442370031564
0.15,0.003006703125,0.057754687500000006,-0.004997390666076935,-0.037090514998026194,0.05763460837028322,0.002947080394049277
0.155,0.0033043944457812504,0.06133627546875001,-0.005177630299945757,-0.03604792677376453,0.060650571059701744,0.0030159626894185262
0.16,0.0036202086400000007,0.06500352000000001,-0.005352148379381075,-0.034903615887063574,0.06373524591949671,0.003084674859794967
0.165,0.00395456924671875,0.06875452546875001,-0.00552044638671933,-0.03365960146765098,0.06688844513942736,0.0031531992199306524
0.17,0.004307890355000001,0.07258740750000002,-0.005682035304930434,-0.03231778364222087,0.07010996193878141,0.003221516799354049
0.17500000000000002,0.0046805766601562505,0.07650029296875001,-0.005836435063260772,-0.030879951666067443,0.07339956941089205,0.003289607472110642
0.18,0.005073023520000001,0.08049132,-0.005983174021579749,-0.029347791663795527,0.07675701949042879,0.0033574500795367362
0.185,0.005485617011093749,0.08455863796875002,-0.006121788491547634,-0.02772289399357695,0.08018204203694859,0.0034250225465198014
0.19,0.0059187339850000015,0.08870040750000001,-0.006251822292792683,-0.026006760249009844,0.08367434402845314,0.0034923019915045483
0.195,0.006372742124531251,0.09291480046875003,-0.006372826342353846,-0.02420080991223252,0.08723360885894742,0.003559264830494277
0.2,0.006848000000000002,0.09720000000000002,-0.006484358275711566,-0.022306386671544148,0.09085949573423738,0.0036258868752899603
0.20500000000000002,0.0073448571254687515,0.10155420046875002,-0.006585982097793526,-0.020324764416391885,0.09455163916043852,0.0036921434262011388
0.21,0.007863654014999997,0.10597560749999997,-0.006677267862404603,-0.018257152922215594,0.09830964851989403,0.0037580093594555136
0.215,0.00840472223890625,0.11046243796875002,-0.006757791378590942,-0.016104703237267832,0.10213310772942363,0.0038234592095296033
0.22,0.00896838448,0.11501292000000002,-0.006827133942506744,-0.013868512783160272,0.10602157497603734,0.0038884672466137082
0.225,0.009554954589843753,0.11962529296875,-0.006884882093409386,-0.011549630180528542,0.10997458252545601,0.003953007549418672
0.23,0.010164737645000001,0.12429780750000002,-0.006930627392463665,-0.009149059810855672,0.1139916365989779,0.004017054073521889
0.23500000000000001,0.010798030003281252,0.12902872546875002,-0.0069639662230894135,-0.006667766125149785,0.11807221731442559,0.0040805807154476875
0.24,0.011455119359999998,0.13381632,-0.006984499611638586,-0.004106677709834547,0.12221577868709235,0.0041435613726667625
0.245,0.012136284804218748,0.13865887546874997,-0.006991833067237991,-0.0014666911198809108,0.12642174868678807,0.004205969999695719
0.25,0.012841796875,0.1435546875,-0.006985576439682421,0.0012513255111139799,0.13068952934725828,0.004267780660470205
0.255,0.013571917617656255,0.14850206296875,-0.006965343794309869,0.004046529074510356,0.1350184969244177,0.0043289675771594205
0.26,0.014326900640000004,0.15349932,-0.006930753302835922,0.006918098294789577,0.139408002100002,0.004389505175584313
0.265,0.015106991168593754,0.15854478796875004,-0.006881427149168337,0.009865230733516828,0.1438573702273972,0.004449368127395187
0.27,0.015912426105000002,0.16363680750000004,-0.006816991449265261,0.012887139980615298,0.14836590161655713,0.0045085313891599366
0.275,0.016743434082031255,0.16877373046875002,-0.006737076184141506,0.015983053024751094,0.15293287185506474,0.004566970238507606
0.28,0.017600235520000004,0.17395392000000004,-0.006641315145166967,0.019152207794907793,0.15755753216253238,0.004624660307467637
0.28500000000000003,0.018483042682968753,0.17917575046875003,-0.006529345890839457,0.022393850865502163,0.16223910977567224,0.0046815776131398645
0.29,0.019392059734999998,0.1844376075,-0.006400809714251165,0.025707235317658405,0.16697680836149653,0.00473769858582429
0.295,0.02032748279640625,0.18973788796875002,-0.006255351620503579,0.02909161874951708,0.17176980845623308,0.004793000094736544
0.3,0.0212895,0.195075,-0.006092620313360044,0.032546261428707084,0.17661726792766191,0.004847459471428839
0.305,0.02227829154734375,0.20044736296875004,-0.005912268190458272,0.036070424580354435,0.18151832245869431,0.0049010545310324005
0.31,0.023294029765,0.20585340750000003,-0.005713951346437068,0.039663368804240554,0.18647208605012708,0.004953763591432764
0.315,0.024336879160781248,0.21129157546875002,-0.005497329583362293,0.043324352614955035,0.19147765154061108,0.005005565490484004
0.32,0.025406996480000013,0.21676032000000003,-0.005262066427866724,0.047052631099113874,0.1965340911419778,0.00505643960136673
0.325,0.02650453076171875,0.22225810546875002,-0.005007829154447055,0.050847454683933827,0.20164045698816388,0.005106365846186067
0.33,0.027629623395000004,0.22778340750000003,-0.004734288814388721,0.05470806801166683,0.20679578169607093,0.005155324707907055
0.335,0.028782408175156256,0.23333471296875002,-0.00444112026981569,0.05863370891460605,0.21199907893678674,0.005203297240715804
0.34,0.029963011360000003,0.2389105200000001,-0.00412800223238781,0.06262360748557612,0.21724934401568352,0.005250265078896782
0.34500000000000003,0.03117155172609376,0.24450933796875007,-0.003794617306192731,0.0666769852390158,0.22254555445999047,0.005296210444306948
0.35000000000000003,0.032408140625000005,0.25012968750000003,-0.0034406520344029763,0.07079305435795093,0.22788667061252008,0.005341116152529607
0.355,0.03367288203953124,0.25577010046875004,-0.00306579694929128,0.07497101702233924,0.23327163623030317,0.005384965617783094
0.36,0.03496587264,0.26142912,-0.0026697466252190425,0.07921006481444748,0.23869937908696295,0.005427742856659784
0.365,0.03628720184046875,0.26710530046875,-0.002252199734233574,0.08350937819709368,0.24416881157772632,0.005469432490763371
0.37,0.037636951854999996,0.2727972075,-0.0018128591039297962,0.08786812606075554,0.2496788313260424,0.005510019748316081
0.375,0.03901519775390625,0.27850341796875,-0.0013514317772512574,0.09228546533570772,0.2552283217908382,0.005549490464795803
0.38,0.04042200752000001,0.28422252,-0.000867629073923715,0.09676054066550849,0.2608161528735067,0.005587831082668471
0.385,0.04185744210484375,0.28995311296875,-0.0003611666532321742,0.10129248413830816,0.2664411815237801,0.005625028650273423
0.39,0.043321555484999996,0.29569380750000007,0.00016823542213082127,0.10588041507259909,0.2721022523436981,0.005661070819918013
0.395,0.04481439471828126,0.3014432254687501,0.000720852621401669,0.11052343985416954,0.27779819818893436,0.00569594584523625
0.4,0.04633600000000001,0.3072000000000001,0.001296955880507477,0.11522065182116159,0.28352784076679516,0.005729642577860794
0.405,0.047886404719218754,0.3129627754687501,0.0018968115364788088,0.11997113119426638,0.28928999123025695,0.00576215046346179
0.41000000000000003,0.049465635515,0.3187302075000001,0.0025206812617249033,0.12477394504921889,0.29508345076745046,0.005793459537193513
0.41500000000000004,0.051073712332656264,0.32450096296875003,0.0031688219983692983,0.12962814732887895,0.30090701118604885,0.005823560418598384
0.42,0.05271064847999999,0.33027371999999994,0.003841485892830824,0.13453277889230514,0.3067594554920561,0.005852444306007232
0.425,0.05437645068359375,0.33604716796875,0.004538920230822546,0.13948686759834447,0.312639558462537,0.005880102970480916
0.43,0.056071119144999994,0.34182000749999997,0.005261367372929409,0.14448942842137263,0.31854608721186023,0.005906528749323237
0.435,0.05779464759703125,0.34759095046875005,0.006009064690914049,0.1495394635969279,0.32447780175107366,0.0059317145392134285
0.44,0.05954702336,0.35335872,0.006782244504889476,0.15463596279508557,0.33043345554005554,0.005955653788981885
0.445,0.06132822739796876,0.35912205046875,0.00758113402148708,0.15977790331952077,0.336411796032125,0.005978340492069467
0.45,0.06313823437500002,0.3648796875,0.008405955273138602,0.16496425033030424,0.3424115652108226,0.0059997691786976
0.455,0.06497701271140625,0.3706303879687501,0.009256925058581446,0.17019395708856877,0.3484315001186042,0.006019934907781577
0.46,0.06684452464,0.3763729200000001,0.010134254884687818,0.17546596522127447,0.3544703333772174,0.006038833258613208
0.465,0.06874072626234376,0.38210606296875005,0.011038150909709754,0.18077920500438693,0.36052679369955715,0.006056460322339752
0.47000000000000003,0.07066556760500002,0.38782860750000014,0.011968813888024085,0.18613259566286622,0.3665996063928229,0.006072812693265761
0.47500000000000003,0.07261899267578127,0.3935393554687501,0.01292643911645381,0.1915250456859449,0.3726874938528225,0.006087887459999608
0.48,0.07460093951999999,0.39923712000000006,0.013911216382235058,0.19695545315624974,0.3787891760492916,0.00610168219646906
0.485,0.07661134027671876,0.4049207254687501,0.014923329912692043,0.2024227060913969,0.3849033710021166,0.006114194952825003
0.49,0.07865012123499998,0.4105890075,0.015962958326675845,0.20792568279676069,0.39102879524837086,0.006125424246254285
0.495,0.08071720289015626,0.41624081296875004,0.017030274587816772,0.21346325222818546,0.39716416430009505,0.006135369051724182
0.5,0.08281250000000001,0.421875,0.01812544595963415,0.2190342743634753,0.40330819309276034,0.00614402879266529
0.505,0.08493592164109376,0.42749043796874997,0.019248633962541947,0.22463760058155952,0.40945959642438695,0.006151403331626615
0.51,0.08708737126500005,0.4330860075,0.02039999433278341,0.23027207404829278,0.41561708938528613,0.00615749296089918
0.515,0.08926674675453125,0.43866060046875,0.021579676983322943,0.23593653010790677,0.42177938777842405,0.006162298393137922
0.52,0.09147394048000002,0.44421311999999996,0.022787825966718873,0.24162979667918577,0.42794520853041484,0.0061658207519907915
0.525,0.09370883935546877,0.44974248046875004,0.024024579439996335,0.2473506946554926,0.43411327009315503,0.00616806156274019
0.53,0.095971324895,0.45524760750000015,0.025290069631535444,0.25309803830782185,0.44028229283613873,0.006169022742983699
0.535,0.09826127326890627,0.46072743796875,0.02658442280998598,0.25887063569010715,0.4464509994294907,0.006168706593351947
0.54,0.10057855536000003,0.46618092000000005,0.027907759255216262,0.26466728904605585,0.4526181152177708,0.006167115788280109
0.545,0.10292303681984377,0.47160701296875013,0.029260193231300406,0.2704867952168289,0.45878236858461163,0.006164253366840844
0.55,0.10529457812500005,0.47700468749999997,0.030641832961545046,0.276327946048928,0.4649424913082637,0.006160122723652073
0.555,0.10769303463328127,0.48237292546875016,0.032052780605553506,0.28218952880169224,0.47109721890811984,0.006154727599856136
0.56,0.11011825664000002,0.48771072000000004,0.03349313223832273,0.2880703265538451,0.47724529098231544,0.0061480720741955985
0.5650000000000001,0.11257008943421878,0.4930170754687502,0.034962977831365594,0.293969118608573,0.48338545153648904,0.0061401605541736015
0.5700000000000001,0.11504837335500002,0.49829100750000005,0.03646240123584883,0.2998846808966479,0.4895164493038094,0.006130997767320345
0.5750000000000001,0.11755294384765627,0.50353154296875,0.03799148016773456,0.3058157863771456,0.4956370380563731,0.006120588752563716
0.58,0.12008363151999997,0.50873772,0.039550286194911265,0.3117612054353405,0.5017459769080823,0.006108938851709211
0.585,0.12264026219859375,0.5139085879687499,0.04113888472629821,0.3177197062773892,0.5078420306091229,0.006096053701040605
0.59,0.125222656985,0.5190432075,0.04275733500290545,0.3236900553214471,0.5139239698321562,0.006081939223033239
0.595,0.12783063231203126,0.5241406504687499,0.04440569009082988,0.32967101758488726,0.5199905714503578,0.006066601618201606
0.6,0.13046399999999997,0.5292,0.04608399687616648,0.3356613570673199,0.5260406188074224,0.006050047357064603
0.605,0.13312256731296873,0.53422035046875,0.04779229606181216,0.3416598371291357,0.5320729019796724,0.006032283172250019
0.61,0.135806137015,0.5392008075,0.04953062216613876,0.34766522086531987,0.5380862180303964,0.006013316050723971
0.615,0.13851450742640622,0.54414048796875,0.0512990035235103,0.3536762714743076,0.5440793712565604,0.005993153226164005
0.62,0.14124747248,0.5490385200000001,0.053097462286618664,0.35969175262167313,0.550051173428026,0.0059718021714656455
0.625,0.14400482177734375,0.55389404296875,0.054926014430610993,0.36571042879846594,0.5560004440194131,0.005949270591387057
0.63,0.14678634064499999,0.5587062075,0.056784669758981124,0.3717310656740257,0.5619260104347508,0.005925566415337702
0.635,0.1495918101907813,0.5634741754687499,0.05867343191119677,0.3777524304431286,0.5678267082250579,0.005900697790307108
0.64,0.15242100736000008,0.56819712,0.060592298372033435,0.38377329216733286,0.5737013812989921,0.005874673073934189
0.645,0.15527370499171878,0.57287422546875,0.06254126048258549,0.3897924221104096,0.5795488821267157,0.005847500827723673
0.65,0.15814967187499995,0.5775046875000002,0.0645203034529243,0.39580859406776064,0.5853680719371188,0.00581918981040308
0.655,0.16104867280515625,0.5820877129687502,0.06652940637637299,0.4018205846897389,0.5911578209085415,0.0057897489714227035
0.66,0.16397046864,0.58662252,0.068568542245367,0.4078271737988022,0.5969170083531402,0.00575918744459869
0.665,0.16691481635609381,0.5911083379687501,0.07063767796886922,0.4138271447004432,0.6026445228950437,0.005727514541903456
0.67,0.16988146910500004,0.5955444075000002,0.07273677439130848,0.4198192844878525,0.6083392626424353,0.005694739747391653
0.675,0.17287017626953127,0.59992998046875,0.07486578631300989,0.42580238434028145,0.6140001353537098,0.005660872711274467
0.68,0.17588068352,0.6042643200000003,0.0770246625120853,0.4317752398150838,0.619626058597839,0.0056259232441292495
0.685,0.1789127328704688,0.6085467004687501,0.07921334576775242,0.4377366511334249,0.6252159599090923,0.005589901311253254
0.6900000000000001,0.1819660627350001,0.6127764075000002,0.08143177288505071,0.4436854234596571,0.6307687769362456,0.005552817027153267
0.6950000000000001,0.1850404079839063,0.61695273796875,0.08367987472092256,0.44962036717436876,0.6362834575864211,0.005514680650175574
0.7000000000000001,0.1881355,0.6210750000000002,0.08595757621162817,0.4555402981411229,0.6417589601636935,0.005475502577272362
0.705,0.1912510667348438,0.62514251296875,0.08826479640146272,0.4614440379669096,0.6471942535025919,0.0054352933388983615
0.71,0.19438683276499993,0.6291546075000002,0.09060144847274443,0.4673304142563427,0.6525883170966362,0.005394063594044374
0.715,0.19754251934828124,0.6331106254687501,0.09296743977704262,0.47319826085963956,0.6579401412220444,0.005351824125408133
0.72,0.20071784448000002,0.6370099200000001,0.09536267186761477,0.47904641811442744,0.6632487270567232,0.005308585834678858
0.725,0.20391252294921874,0.6408518554687501,0.0977870405330219,0.48487373308142706,0.6685130867946932,0.005264359737970015
0.73,0.20712626639499998,0.6446358074999999,0.10024043583189224,0.4906790597740687,0.6737322437560586,0.005219156961365323
0.735,0.21035878336265626,0.64836116296875,0.10272274212880275,0.4964612593821014,0.6789052324926492,0.005172988736590667
0.74,0.21360977936,0.6520273200000001,0.10523383813124905,0.5022192004892598,0.6840310988894623,0.005125866396813117
0.745,0.2168789569135938,0.65563368796875,0.10777359692767434,0.5079517592850589,0.6891089002620215,0.005077801372559199
0.75,0.22016601562500002,0.6591796875,0.11034188602652828,0.5136578197707878,0.6941377054497674,0.005028805187745844
0.755,0.22347065222703125,0.6626647504687503,0.11293856739632718,0.5193362739597819,0.6991165949056051,0.004978889455837687
0.76,0.22679256064000008,0.66608832,0.11556349750668743,0.5249860220720491,0.7040446607817158,0.004928065876110721
0.765,0.23013143202796874,0.6694498504687502,0.11821652737030411,0.5306059727233366,0.7089210070117441,0.004876346230028306
0.77,0.233486954855,0.6727488075,0.12089750258584771,0.5361950431087195,0.7137447493894806,0.0048237423777365285
0.775,0.2368588149414063,0.6759846679687499,0.12360626338175171,0.5417521591808009,0.7185150156441336,0.004770266254652933
0.78,0.24024669551999997,0.6791569200000003,0.12634264466086476,0.5472762558226113,0.723230945512306,0.004715929868172486
0.785,0.24365027729234373,0.68226506296875,0.12910647604594125,0.5527662770152985,0.727891690806781,0.004660745294474911
0.79,0.24706923848500006,0.6853086075000002,0.13189758192594475,0.5582211760006995,0.7324964154822073,0.004604724675426386
0.795,0.2505032549057813,0.6882870754687499,0.1347157815031392,0.5636399154388898,0.7370442956977963,0.00454788021558894
0.8,0.25395200000000007,0.6912000000000001,0.13756088884094322,0.5690214675608017,0.7415345198771216,0.0044902241793253195
0.805,0.25741514490671885,0.6940469254687498,0.14043271291252327,0.5743648143160099,0.7459662887651128,0.004431768887991239
0.81,0.260892358515,0.6968274075000003,0.14333105765010215,0.5796689475157785,0.750338815482343,0.004372526717230207
0.8150000000000001,0.26438330752015626,0.6995410129687502,0.14625572199495948,0.5849328689714661,0.7546513255766976,0.004312510094354516
0.8200000000000001,0.26788765647999996,0.7021873200000004,0.14920649994810142,0.5901555906283874,0.7589030570725062,0.004251731495808597
0.8250000000000001,0.27140506787109386,0.7047659179687499,0.15218318062157754,0.5953361346952255,0.7630932605172399,0.004190203444733753
0.8300000000000001,0.2749352021450001,0.7072764074999999,0.155185548290423,0.600473533769094,0.7672211990258361,0.004127938508596163
0.835,0.2784777177845312,0.7097184004687502,0.15821338244520472,0.6055668309563451,0.7712861483227544,0.004064949296918363
0.84,0.2820322713599999,0.7120915199999998,0.1612664578451508,0.6106150799892199,0.7752873967818312,0.004001248459076789
0.845,0.2855985175854688,0.7143954004687498,0.164344544571843,0.6156173453384373,0.7792242454640074,0.003936848682176142
0.85,0.289176109375,0.7166296874999999,0.16744740808345207,0.6205727023218166,0.7830960081530158,0.003871762689008462
0.855,0.29276469789890625,0.7187940379687497,0.17057480926949722,0.6254802372090306,0.7869020113891003,0.0038060032360844875
0.86,0.29636393264,0.72088812,0.17372650450611013,0.630339047322581,0.7906415945008272,0.0037395831117268408
0.865,0.29997346144984377,0.7229116129687504,0.1769022457117856,0.6351482411350918,0.7943141096350737,0.00367251513424649
0.87,0.30359293060500003,0.7248642075000001,0.18010178040360064,0.639906938363013,0.7979189217852488,0.003604812150175163
0.875,0.3072219848632813,0.72674560546875,0.18332485175388477,0.6446142700568251,0.8014554088178242,0.003536487032575364
0.88,0.31086026751999996,0.72855552,0.18657119864732397,0.6492693786878371,0.8049229614972274,0.0034675526794032407
0.885,0.31450742046421876,0.73029367546875,0.1898405557384823,0.6538714182316661,0.8083209835091717,0.0033980220119442794
0.89,0.31816308423500006,0.7319598075,0.19313265350972475,0.6584195542484886,0.8116488914824701,0.003327907973298405
0.895,0.3218268980776563,0.7335536629687498,0.1964472183295255,0.6629129639601502,0.814906115009405,0.003257223526934916
0.9,0.32549850000000013,0.7350749999999997,0.1997839725111466,0.6673508363242189,0.8180920966647034,0.0031859816552983755
0.905,0.32917752682859386,0.73652358796875,0.20314263437167196,0.6717323721050692,0.821206292023171,0.0031141953584675752
0.91,0.33286361426500005,0.7378992075000004,0.20652291829138236,0.6760567839420791,0.8242481696760471,0.0030418776528761127
0.915,0.3365563969420313,0.7392016504687503,0.20992453477345746,0.6803232964150224,0.8272172112461242,0.0029690415700771577
0.92,0.34025550847999997,0.7404307200000004,0.21334719050399115,0.6845311461067379,0.8301129114016855,0.002895700155561287
0.925,0.3439605815429688,0.7415862304687502,0.21679058841230692,0.6886795816631546,0.8329347778693121,0.0028218664676266103
0.93,0.347671247895,0.7426680075000001,0.22025442773156068,0.6927678638507514,0.8356823314455993,0.0027475535762871983
0.935,0.35138713845640646,0.7436758879687498,0.2237384040596183,0.6967952656115276,0.8383551060078432,0.002672774562243907
0.9400000000000001,0.3551078833600001,0.7446097200000005,0.2272422094201961,0.70076107211556,0.8409526485237144,0.0025975425158711873
0.9450000000000001,0.3588331120073439,0.7454693629687501,0.2307655323242522,0.7046645808112203,0.8434745190600007,0.0025218705362862748
0.9500000000000001,0.3625624531250002,0.7462546875,0.23430805783161782,0.7085051014731244,0.8459202907904191,0.002445771730418378
0.9550000000000001,0.36629553482078125,0.74696557546875,0.23786946761285724,0.7122819562478861,0.848289550002566,0.0023692592121469236
0.96,0.37003198464,0.7476019200000004,0.24144944001134597,0.7159944796977432,0.8505818961040377,0.002292346101471665
0.965,0.3737714296217188,0.7481636254687505,0.2450476501055566,0.7196420188421244,0.8527969416277442,0.002215045523706549
0.97,0.37751349635500003,0.7486506075000001,0.24866376977154273,0.7232239331972238,0.8549343122364754,0.002137370608731204
0.975,0.3812578110351562,0.7490627929687498,0.25229746774561096,0.7267395948136474,0.856993646726737,0.002059334490261522
0.98,0.3850039995199999,0.7494001199999998,0.2559484096871719,0.7301883883121956,0.8589745970318989,0.001980950305161988
0.985,0.38875168738609367,0.7496625379687507,0.25961625824176116,0.7335697109178437,0.8608768282246831,0.0019022311927842095
0.99,0.39250049998500003,0.7498500075,0.26330067310422106,0.7368829724919809,0.8627000185190256,0.0018231902943424139
0.995,0.39625006249953143,0.7499625004687503,0.2670013110820359,0.740127595562966,0.8644438592713432,0.0017438407523175936
1.0,0.4,0.75,0.2707178261588112,0.7433030153550604,0.866108054981229,0.0016641957098858517
1.0050000000000001,0.4037499375004687,0.74996250046875,0.27444986955789014,0.7464086798157902,0.8676923232916188,0.0015842683103898247
1.01,0.40749950001500007,0.7498500074999997,0.27819708980609914,0.749444049641797,0.8691963949884312,0.0015040716968123258
1.0150000000000001,0.4112483126139064,0.7496625379687498,0.28195913279761525,0.7524085983032274,0.8706200139997285,0.0014236190112973945
1.02,0.41499600048000024,0.7494001199999997,0.2857356418579488,0.7553018120667148,0.8719629373944205,0.0013429233946919972
1.025,0.4187421889648437,0.7490627929687506,0.2895262578080338,0.758123190017004,0.8732249353805209,0.0012619979861003827
1.03,0.4224865036449999,0.7486506075,0.29333061902842017,0.7608722440772681,0.8744057913030041,0.0011808559224831816
1.035,0.4262285703782812,0.7481636254687505,0.297148361523561,0.763548499028165,0.8755053016412545,0.001099510338250398
1.04,0.42996801536000007,0.7476019199999997,0.3009791189861894,0.7661514925256816,0.8765232760061544,0.0010179743648999207
1.045,0.43370446517921873,0.7469655754687494,0.30482252286177847,0.7686807751178095,0.8774595371368233,0.0009362611306689139
1.05,0.43743754687500014,0.7462546875,0.308678202413079,0.7711359102600978,0.8783139208970254,0.0008543837602020821
1.055,0.4411668879926561,0.7454693629687505,0.3125457847847296,0.7735164743301242,0.8790862762712595,0.000772355374234035
1.06,0.44489211664,0.7446097200000008,0.31642489506793425,0.7758220566409292,0.8797764653605753,0.0006901890893158402
1.065,0.4486128615435936,0.7436758879687497,0.3203151563652015,0.7780522594534495,0.8803843633780848,0.0006078980175094895
1.07,0.45232875210500006,0.7426680074999998,0.3242161898551415,0.7802066979879936,0.8809098586442492,0.0005254952661644108
1.075,0.4560394184570313,0.7415862304687502,0.32812761485731545,0.7822850004347954,0.8813528525818908,0.00044299393764157813
1.08,0.4597444915200002,0.7404307200000002,0.3320490488971339,0.7842868079636848,0.8817132597110066,0.00036040712911578066
1.085,0.46344360305796856,0.7392016504687503,0.3359801077707984,0.7862117747329082,0.8819910076433437,0.0002777479323371468
1.09,0.4671363857349999,0.7378992075000005,0.3399204056102841,0.7880595678971374,0.8821860370768055,0.0001950294334618352
1.095,0.47082247317140635,0.7365235879687502,0.3438695549483576,0.7898298676146966,0.8822983017896401,0.0001122647128345422
1.1,0.47450150000000024,0.7350749999999993,0.3478271667836278,0.7915223670540437,0.8823277686344808,2.946684484073092e-05
1.105,0.4781731019223438,0.7335536629687498,0.3517928506456255,0.7931367723995341,0.8822744175322208,-5.335110226001305e-05
1.11,0.48183691576500004,0.7319598075000002,0.355766214659908,0.7946728028565011,0.8821382414657412,-0.00013617606647964298
1.115,0.4854925795357814,0.7302936754687498,0.35974686561318636,0.7961301906556788,0.8819192464734943,-0.00021899499224686814
1.12,0.4891397324799999,0.7285555200000001,0.36373440901847137,0.7975086810569992,0.8816174516429705,-0.00030179483052383826
1.125,0.49277801513671876,0.72674560546875,0.36772844918023534,0.7988080323527893,0.8812328891040505,-0.0003845625389199414
1.1300000000000001,0.4964070693950001,0.7248642075000001,0.3717285892595873,0.8000280158703951,0.8807656040222417,-0.00046728508180882145
1.135,0.5000265385501564,0.7229116129687491,0.3757344313394586,0.8011684159742591,0.8802156545918278,-0.0005499494304138652
1.1400000000000001,0.5036360673599999,0.7208881199999999,0.379745576489796,0.8022290300674768,0.8795831120289263,-0.0006325425629015724
1.145,0.5072353021010937,0.7187940379687501,0.3837616248327603,0.8032096685928529,0.8788680605644735,-0.0007150514644527206
1.1500000000000001,0.510823890625,0.7166296874999998,0.3877821756079277,0.8041101550334853,0.8780705974371248,-0.0007974631273487409
1.155,0.5144014824145314,0.7143954004687496,0.3918068272374922,0.8049303259128956,0.8771908328861049,-0.0008797645510199015
1.16,0.5179677286399998,0.7120915200000003,0.39583517739146584,0.8056700307947298,0.8762288901439933,-0.0009619427421115878
1.165,0.5215222822154688,0.7097184004687502,0.3998668230528761,0.8063291322820484,0.8751849054294748,-0.0010439847145184977
1.17,0.5250647978549999,0.7072764074999999,0.4039013605829572,0.8069075060162283,0.8740590279400188,-0.0011258774894560286
1.175,0.5285949321289062,0.7047659179687504,0.4079383857863347,0.8074050406754936,0.8728514198445562,-0.001207608095462609
1.18,0.5321123435200001,0.7021873199999997,0.41197749397620015,0.8078216379730955,0.8715622562761007,-0.0012891635684554315
1.185,0.535616692479844,0.6995410129687493,0.41601828003947594,0.8081572126551586,0.8701917253243541,-0.0013705309517466624
1.19,0.5391076414849998,0.6968274074999998,0.420060338501967,0.8084116924982108,0.8687400280282905,-0.0014516972960635366
1.195,0.5425848550932811,0.6940469254687497,0.4241032635934991,0.8085850183064147,0.8672073783687373,-0.0015326496595532424
1.2,0.5460479999999998,0.6912000000000007,0.4281466493130417,0.808677143908515,0.865594003260916,-0.0016133751078213354
1.205,0.5494967450942188,0.6882870754687502,0.43219008949381427,0.8086880361545176,0.8639001425470124,-0.0016938607139035389
1.21,0.5529307615149998,0.6853086075000001,0.43623317786837484,0.8086176749121166,0.8621260489887169,-0.0017740935582954975
1.215,0.5563497227076564,0.6822650629687499,0.44027550813368926,0.8084660530628814,0.8602719882597935,-0.0018540607289234678
1.22,0.55975330448,0.6791569199999998,0.44431667401618036,0.8082331764982195,0.8583382389386217,-0.0019337493211717405
1.225,0.5631411850585938,0.6759846679687507,0.448356269336756,0.8079190641151268,0.8563250925007855,-0.002013146437836233
1.23,0.5665130451449997,0.6727488075000004,0.45239388807581465,0.8075237478117386,0.854232853311642,-0.0020922391891434744
1.235,0.5698685679720311,0.6694498504687506,0.45642912443822814,0.8070472724826933,0.8520618386189341,-0.002171014692707862
1.24,0.5732074393600002,0.6660883200000005,0.46046157291829976,0.8064896960143197,0.8498123785453916,-0.002249460073542542
1.245,0.5765293477729688,0.6626647504687497,0.46449082836469807,0.8058510892796619,0.8474848160813788,-0.002327562464012778
1.25,0.579833984375,0.6591796875,0.46851648604536483,0.8051315361333469,0.8450795070775613,-0.002405309003817524
1.2550000000000001,0.5831210430864066,0.65563368796875,0.4725381417123964,0.8043311334063118,0.8425968202375875,-0.002482686839973769
1.26,0.5863902206399999,0.6520273199999995,0.47655539166689836,0.8034499909003949,0.8400371371108019,-0.0025596831267856723
1.2650000000000001,0.5896412166373436,0.6483611629687499,0.4805678328238124,0.8024882313828037,0.8374008520850071,-0.0026362850257947157
1.27,0.5928737336050003,0.6446358074999996,0.4845750627767147,0.8014459905804654,0.8346883723792299,-0.00271247970577726
1.2750000000000001,0.5960874770507812,0.6408518554687505,0.48857667986258607,0.8003234171742725,0.8319001180365301,-0.002788254342699803
1.28,0.5992821555200007,0.6370099199999992,0.4925722832265522,0.7991206727932281,0.8290365219168713,-0.0028635961196588067
1.285,0.6024574806517187,0.6331106254687505,0.49656147288659475,0.7978379320085005,0.826098029689971,-0.0029384922269002356
1.29,0.605613167235,0.6291546075,0.5005438497982317,0.7964753823273943,0.823085099828267,-0.0030129298617039835
1.295,0.6087489332651563,0.6251425129687498,0.5045190159191679,0.7950332241872451,0.8199982035998417,-0.0030868962284253953
1.3,0.6118644999999995,0.6210750000000012,0.5084865742739142,0.7935116709492441,0.816837825061441,-0.0031603785384006766
1.305,0.6149595920160937,0.6169527379687502,0.5124461290183752,0.7919109488921995,0.8136044610515286,-0.003233364009912365
1.31,0.6180339372649998,0.6127764075000013,0.5163972855044063,0.7902312972062415,0.8102986211833465,-0.0033058398681821144
1.315,0.621087267129531,0.6085467004687501,0.5203396503443387,0.7884729679864746,0.806920827838071,-0.003377793345275548
1.32,0.6241193164800001,0.6042643200000001,0.5242728314754717,0.7866362262265866,0.8034716161579724,-0.003449211680098596
1.325,0.6271298237304687,0.5999299804687507,0.5281964382245338,0.784721349812415,0.7999515340396305,-0.003520082118341872
1.33,0.6301185308950004,0.5955444074999999,0.5321100813721111,0.7827286295154792,0.7963611421272111,-0.0035903919124193884
1.335,0.6330851836439066,0.5911083379687491,0.5360133732170436,0.7806583689864822,0.7927010138057559,-0.003660128321455236
1.34,0.6360295313600002,0.5866225199999999,0.5399059276407875,0.7785108847487863,0.7889717351945504,-0.003729278611205422
1.345,0.6389513271948438,0.58208771296875,0.5437873601717468,0.7762865061918666,0.7851739051405201,-0.003797830054030338
1.35,0.6418503281249999,0.5775046874999997,0.5476572880495705,0.7739855755647482,0.7813081352116732,-0.003865769928846907
1.355,0.6447262950082815,0.57287422546875,0.5515153302894176,0.7716084479694284,0.7773750496905999,-0.0039330855210732985
1.36,0.6475789926399995,0.5681971200000014,0.5553611077461891,0.7691554913542898,0.7733752855679961,-0.003999764122603833
1.365,0.6504081898092186,0.5634741754687497,0.5591942431787266,0.7666270865075064,0.7693094925362788,-0.00406579303171728
1.37,0.6532136593550002,0.5587062074999999,0.5630143613139788,0.7640236270504467,0.7651783329831897,-0.00413115955308907
1.375,0.6559951782226563,0.55389404296875,0.5668210889111341,0.7613455194310763,0.7609824819854852,-0.0041958509977044756
1.3800000000000001,0.6587525275200006,0.5490385199999999,0.5706140548257209,0.7585931829173637,0.7567226273026744,-0.004259854682810871
1.385,0.6614854925735936,0.5441404879687511,0.5743928900736743,0.755767049590691,0.7523994693707671,-0.0043231579319072955
1.3900000000000001,0.6641938629850002,0.5392008074999997,0.5781572278953707,0.7528675643392725,0.7480137212961285,-0.00438574807463854
1.395,0.6668774326870314,0.5342203504687507,0.5819067038196286,0.7498951848515854,0.7435661088493082,-0.004447612446820348
1.4000000000000001,0.6695359999999998,0.5292000000000002,0.5856409557276777,0.7468503816098107,0.739057370458975,-0.004508738390333167
1.405,0.6721693676879689,0.5241406504687497,0.5893596239170942,0.7437336378832903,0.7344882572058735,-0.004569113253101498
1.41,0.6747773430150004,0.5190432074999997,0.5930623511657042,0.7405454497220018,0.7298595328168159,-0.004628724389057592
1.415,0.6773597378014066,0.5139085879687496,0.5967487827954544,0.7372863259500496,0.7251719736587395,-0.004687559158076393
1.42,0.6799163684799997,0.5087377200000006,0.6004185667362503,0.7339567881591795,0.7204263687327987,-0.004745604925940783
1.425,0.6824470561523436,0.5035315429687508,0.6040713535897618,0.7305573707023125,0.7156235196685118,-0.0048028490642869626
1.43,0.684951626645,0.49829100750000066,0.6077067966931974,0.7270886206871039,0.7107642407179255,-0.004859278950586243
1.435,0.6874299105657813,0.4930170754687492,0.611324552183045,0.723551097969527,0.7058493587498554,-0.004914881968070106
1.44,0.6898817433600004,0.4877107200000005,0.6149242790587824,0.7199453751474826,0.7008797132441562,-0.004969645505699227
1.445,0.6923069653667183,0.48237292546874927,0.6185056392465547,0.7162720375544361,0.6958561562860206,-0.005023556958135611
1.45,0.694705421875,0.4770046875000006,0.6220682976628201,0.7125316832530838,0.6907795525603679,-0.005076603725652662
1.455,0.6970769631801563,0.4716070129687502,0.6256119222779654,0.7087249230290481,0.685650779346201,-0.005128773214166937
1.46,0.6994214446400001,0.46618092000000005,0.6291361841798884,0.704852380384603,0.6804707265110755,-0.005180052835125459
1.465,0.7017387267310933,0.4607274379687503,0.6326407576375506,0.7009146915324312,0.6752402965055696,-0.005230430005505937
1.47,0.7040286751050001,0.45524760750000015,0.6361253201644976,0.6969125053894141,0.6699604043578203,-0.0052798921477492655
1.475,0.7062911606445317,0.4497424804687491,0.6395895525823498,0.692846483570452,0.6646319776680613,-0.00532842668975908
1.48,0.70852605952,0.4442131199999999,0.6430331390842614,0.6887173003823217,0.6592559566032451,-0.005376021064816161
1.485,0.7107332532454689,0.4386606004687515,0.6464557672983492,0.6845256428175641,0.6538332938916884,-0.0054226627115566695
1.49,0.7129126287350005,0.4330860074999997,0.6498571283510912,0.6802722105484086,0.6483649548177384,-0.005468339073950057
1.495,0.7150640783589064,0.4274904379687506,0.6532369169306949,0.6759577159207312,0.6428519172164981,-0.005513037601240223
1.5,0.7171875000000001,0.421875,0.6565948313504351,0.6715828839480492,0.6372951714685948,-0.005556745747903324
1.5050000000000001,0.7192827971098436,0.41624081296874993,0.6599305736119628,0.66714845230555,0.6316957204949599,-0.005599450973634901
1.51,0.721349878765,0.4105890075000012,0.6632438494685836,0.662655171324156,0.626054579751674,-0.005641140743285922
1.5150000000000001,0.7233886597232818,0.4049207254687488,0.6665343684885068,0.6581038039846268,0.6203727772248251,-0.005681802526848911
1.52,0.7253990604800006,0.3992371199999994,0.6698018441180653,0.6534951259116962,0.6146513534254159,-0.005721423799409209
1.5250000000000001,0.7273810073242184,0.3935393554687508,0.6730459937449066,0.6488299253682464,0.6088913613843073,-0.0057599920411085526
1.53,0.729334432395,0.3878286075000006,0.6762665387611542,0.6441090032495181,0.6030938666472061,-0.0057974947371012275
1.5350000000000001,0.7312592737376566,0.38210606296874805,0.679463204626541,0.6393331730773583,0.5972599472696448,-0.005833919377561281
1.54,0.7331554753599999,0.37637292000000006,0.6826357209315135,0.634503260994503,0.5913906938120431,-0.0058692534576016975
1.545,0.7350229872885934,0.37063038796875036,0.6857838214603079,0.6296201057588982,0.5854872093347931,-0.005903484477249976
1.55,0.7368617656250003,0.36487968749999883,0.6889072442539982,0.6246845587380555,0.5795506093933593,-0.005936599941433807
1.555,0.7386717726020312,0.3591220504687499,0.6920057316735154,0.6196974839034463,0.5735820220334101,-0.005968587359949207
1.56,0.7404529766399993,0.3533587200000014,0.6950790304626401,0.6146597578249312,0.5675825877860168,-0.005999434247393354
1.565,0.7422053524029691,0.3475909504687493,0.6981268918109662,0.6095722696652258,0.5615534596628549,-0.00602912812316192
1.57,0.7439288808549996,0.3418200075000002,0.7011490714168382,0.6044359211744019,0.5554958031514093,-0.006057656511445519
1.575,0.7456235493164063,0.33604716796875,0.7041453295502603,0.5992516266844263,0.5494107962102992,-0.006085006941110138
1.58,0.7472893515200003,0.330273720000001,0.707115431115779,0.5940203131037346,0.5432996292645257,-0.006111166945773516
1.585,0.748926287667344,0.32450096296874875,0.7100591457153382,0.5887429199118394,0.5371635052008235,-0.006136124063702231
1.59,0.7505343644850003,0.31873020749999914,0.7129762477111081,0.5834203991539755,0.53100363936302,-0.00615986583780348
1.595,0.7521135952807815,0.3129627754687505,0.715866516288287,0.5780537154357804,0.5248212595474122,-0.006182379815607764
1.6,0.7536640000000004,0.3071999999999996,0.718729735517877,0.5726438459180072,0.5186176059981882,-0.006203653549224031
1.605,0.7551856052817186,0.30144322546875063,0.7215656944194334,0.5671917803112755,0.5123939314028612,-0.006223674595327022
1.61,0.7566784445150007,0.29569380749999896,0.7243741870237876,0.5616985208708536,0.5061515008877592,-0.006242430515101982
1.615,0.758142557895156,0.2899531129687496,0.727155012435745,0.5561650823914767,0.49989159201348665,-0.006259908874272524
1.62,0.7595779924799996,0.2842225200000016,0.729907974896756,0.5505924922021981,0.4936154947704945,-0.006276097242992162
1.625,0.7609848022460938,0.27850341796875,0.7326328838475623,0.544981790161274,0.4873245115745955,-0.0062909831958989915
1.6300000000000001,0.7623630481449997,0.2727972075000011,0.7353295539908177,0.5393340286510812,0.4810199572625463,-0.006304554312049182
1.635,0.763712798159531,0.26710530046874864,0.737997805353683,0.5336502725730674,0.4747031590876659,-0.0063167981748804
1.6400000000000001,0.7650341273599992,0.2614291200000018,0.7406374633503967,0.5279315993427356,0.46837545671544345,-0.006327702372222466
1.645,0.7663271179604685,0.2557701004687495,0.74324835884482,0.5221790988846575,0.4620382022192066,-0.006337254496236844
1.6500000000000001,0.7675918593750002,0.2501296874999987,0.7458303282129576,0.5163938736275223,0.45569276007578036,-0.00634544214342625
1.655,0.7688284482739057,0.24450933796875135,0.7483832134054537,0.5105770384992144,0.4493405071611941,-0.006352252914586243
1.6600000000000001,0.7700369886400005,0.2389105199999989,0.7509068620100633,0.5047297209219227,0.44298283274642564,-0.006357674414768477
1.665,0.7712175918248442,0.23333471296874964,0.7534011273140997,0.49885306080728165,0.43662113849310535,-0.0063616942533202825
1.67,0.7723703766049997,0.22778340750000084,0.7558658683668574,0.49294821055154175,0.4302568384493253,-0.00636430004378008
1.675,0.7734954692382807,0.22225810546874955,0.7583009500420113,0.4870163350307708,0.4238913590454208,-0.006365479403904473
1.68,0.7745930035199994,0.2167603199999995,0.7607062430999917,0.4810586115960839,0.41752613908977854,-0.006365219955642265
1.685,0.7756631208392183,0.21129157546875066,0.7630816242503362,0.47507623006890326,0.41116262976467816,-0.0063635093251003805
1.69,0.7767059702350004,0.2058534074999983,0.7654269762140175,0.4690703927362484,0.40480229462215334,-0.00636033514252482
1.695,0.7777217084526566,0.20044736296874888,0.7677421877857478,0.463042314346052,0.3984466095798608,-0.006355685042292558
1.7,0.7787105000000004,0.19507499999999922,0.7700271538962603,0.45699322210250654,0.3920970629170023,-0.006349546662858474
1.705,0.7796725172035942,0.18973788796875157,0.7722817756745675,0.4509243556614387,0.3857551552702321,-0.0063419076467702284
1.71,0.7806079402649999,0.18443760749999855,0.774505960510196,0.4448369671257099,0.37942239962959795,-0.0063327556406341245
1.715,0.7815169573170316,0.1791757504687496,0.7766996221153992,0.4387323210406454,0.3731003213345226,-0.006322078295075362
1.72,0.7823997644800003,0.1739539199999996,0.7788626805873466,0.43261169438948965,0.3667904580697554,-0.006309863264767179
1.725,0.7832565659179693,0.1687737304687488,0.780995062470291,0.4264763765888879,0.3604943598614059,-0.006296098208349532
1.73,0.7840875738950001,0.16363680750000215,0.783096700817713,0.42032766948439504,0.35421358907294204,-0.006280770788463841
1.735,0.7848930088314057,0.1585447879687507,0.785167535254443,0.41416688734600987,0.3479497204012492,-0.006263868671692818
1.74,0.7856730993600003,0.15349932000000024,0.7872075120387617,0.4079953568637341,0.34170434087268964,-0.00624537952855958
1.745,0.7864280823823435,0.14850206296874974,0.7892165841244775,0.4018144171431584,0.3354790498391507,-0.0062252910335389156
1.75,0.7871582031250001,0.1435546875,0.7911947112229828,0.39562541970107074,0.3292754589741912,-0.0062035908649595295
1.7550000000000001,0.7878637151957822,0.13865887546874944,0.7931418598652883,0.3894297284610917,0.32309519226911815,-0.006180266705073045
1.76,0.7885448806399993,0.13381631999999968,0.795058003464035,0.38322871974933237,0.31693988602911777,-0.00615530624000038
1.7650000000000001,0.7892019699967193,0.12902872546874988,0.7969431223754854,0.37702378229007716,0.31081118886946646,-0.0061286971596513085
1.77,0.7898352623549993,0.12429780749999964,0.7987972039614928,0.37081631720149044,0.3047107617115982,-0.006100427157868238
1.7750000000000001,0.7904450454101565,0.11962529296875175,0.8006202426514495,0.3646077379913442,0.2986402777793977,-0.006070483932200499
1.78,0.7910316155200008,0.1150129199999995,0.8024122400042133,0.35839947055277216,0.292601422595315,-0.006038855184082703
1.7850000000000001,0.7915952777610937,0.11046243796874933,0.8041732047700135,0.3521929531600438,0.2865958939766318,-0.006005528618683198
1.79,0.7921363459849999,0.10597560749999815,0.8059031529523353,0.34598963646436093,0.2806254020317024,-0.005970491944929435
1.795,0.7926551428745321,0.10155420046875037,0.8076021078697837,0.33979098348968,0.27469166915618565,-0.0059337328755167396
1.8,0.7931520000000014,0.09719999999999658,0.8092701002179264,0.3335984696285499,0.2687964300293102,-0.005895239126875451
1.805,0.793627257875469,0.09291480046875052,0.8109071681311163,0.3274135826379779,0.26294143161017647,-0.005854998419133728
1.81,0.794081266015001,0.0887004074999993,0.8125133572442929,0.3212378226353114,0.2571284331340733,-0.0058129984761031706
1.815,0.7945143829889063,0.08455863796874895,0.8140887207547636,0.31507270209414395,0.2513592061087414,-0.005769227025331891
1.82,0.7949269764800001,0.08049132000000157,0.8156333194839648,0.30891974584024134,0.24563553431077093,-0.005723671797970481
1.825,0.7953194233398438,0.07650029296874977,0.8171472219392022,0.3027804910474879,0.23995921378189894,-0.0056763205288719865
1.83,0.7956921096450007,0.07258740750000073,0.8186305043753714,0.2966564872338518,0.23433205282540395,-0.0056271609564949865
1.835,0.7960454307532814,0.06875452546875209,0.8200832508566583,0.2905492962573721,0.2287558720024595,-0.005576180822944449
1.84,0.7963797913599997,0.06500352000000191,0.8215055533182192,0.2844604923121659,0.22323250412855808,-0.005523367873901425
1.845,0.7966956055542177,0.06133627546875147,0.8228975116278414,0.27839166192445186,0.21776379426989584,-0.005468709858662241
1.85,0.7969932968750002,0.05775468750000101,0.8242592336475844,0.2723444039485968,0.21235159973981796,-0.0054121945300778795
1.855,0.7972732983676573,0.05426066296874837,0.8255908352954002,0.2663203295631782,0.2069977900952181,-0.005353809644599861
1.86,0.7975360526399996,0.05085612000000026,0.8268924406067356,0.2603210622670673,0.2017042471330201,-0.005293542962198
1.865,0.7977820119185943,0.04754298796875105,0.8281641817961133,0.2543482378755293,0.19647286488666982,-0.00523138224635028
1.87,0.7980116381050011,0.044323207499998324,0.829406199318695,0.2484035045163436,0.19130554962254992,-0.005167315264119898
1.875,0.7982254028320312,0.04119873046875,0.8306186419318247,0.24248852262594062,0.18620421983652102,-0.005101329786028896
1.8800000000000001,0.7984237875200009,0.03817152000000164,0.8318016667565524,0.23660496494555794,0.1811708062504412,-0.00503341358607981
1.885,0.798607283432969,0.03524355046874916,0.8329554393391395,0.2307545165174117,0.17620725180863298,-0.004963554441808238
1.8900000000000001,0.7987763917350009,0.03241680750000029,0.834080133712544,0.22493887468088722,0.1713155116744864,-0.004891740134146588
1.895,0.7989316235464067,0.029693287968748906,0.8351759324578877,0.21915974906874863,0.16649755322694995,-0.004817958447536436
1.9000000000000001,0.7990735000000015,0.027074999999999252,0.8362430267659045,0.2134188616033612,0.16175535605714747,-0.004742197169802481
1.905,0.7992025522973428,0.024563962968748854,0.8372816164983691,0.2077179464929337,0.15709091196488623,-0.004664444092261244
1.9100000000000001,0.7993193217649996,0.02216220749999991,0.838291910249508,0.20205875022777792,0.15250622495534882,-0.004584687009537403
1.915,0.7994243599107804,0.019871775468749322,0.8392741254073909,0.19644303157658136,0.14800331123558008,-0.004502913719768742
1.92,0.7995182284800002,0.017694720000001496,0.8402284882153044,0.1908725615827004,0.14358419921119453,-0.004419112024385552
1.925,0.7996014995117187,0.01563310546875272,0.8411552338331068,0.185349123560466,0.13925092948293932,-0.004333269728255207
1.93,0.7996747553950002,0.013689007500002504,0.8420546063985643,0.1798745130915086,0.13500555484339077,-0.004245374639548549
1.935,0.7997385889251561,0.011864512968749352,0.8429268590886698,0.1744505380210947,0.13085014027356814,-0.00415541456982263
1.94,0.7997936033599999,0.010161720000000686,0.8437722541809423,0.16907901845448559,0.12678676293962934,-0.0040633773339388
1.945,0.7998404124760953,0.008582737968748689,0.8445910631147088,0.163761786753304,0.12281751218953546,-0.003969250750093883
1.95,0.7998796406249995,0.007129687499998739,0.8453835665523683,0.15850068753192215,0.11894448954971605,-0.0038730226398194095
1.955,0.7999119227895307,0.005804700468749502,0.8461500544406376,0.1532975776538607,0.11516980872185559,-0.0037746808278604632
1.96,0.7999379046399995,0.004609919999998624,0.8468908260717787,0.14815432622820635,0.11149559557951932,-0.0036742131423362634
1.965,0.7999582425904692,0.0035475004687498314,0.8476061901448089,0.14307281460604146,0.10792398816493612,-0.0035716074145832055
1.97,0.7999736038549984,0.0026196075000044063,0.8482964648266933,0.1380549363768907,0.10445713668569931,-0.00346685147923681
1.975,0.7999846665039044,0.0018284179687512393,0.8489619778135192,0.13310259736518099,0.10109720351158717,-0.003359933174112137
1.98,0.7999921195200003,0.0011761199999995144,0.8496030663916528,0.12821771562671444,0.09784636317126633,-0.003250840340320846
1.985,0.7999966628548443,0.0006649129687502864,0.8502200774988786,0.12340222144516076,0.0947068023490653,-0.003139560822201029
1.99,0.7999990074850019,0.0002970075000007455,0.8508133677855214,0.11865805732855818,0.0916807198818209,-0.0030260824672443953
1.995,0.7999998754682814,7.462546875132149e-05,0.8513833036755506,0.1139871780058318,0.08877032675560985,-0.0029103931262110527
2.0,0.8,0.0,0.8519302614276673,0.10939155042332352,0.08597784610263923,-0.002792480652970622
2.005,0.8,0.0,0.852454627196374,0.10487315374134,0.08329131638549239,-0.002686529717146835
2.0100000000000002,0.8,0.0,0.8529567970930275,0.1004339793307104,0.08069597953677013,-0.0025953368487222628
2.015,0.8,0.0,0.8534371772468743,0.09607603076935758,0.07818982949102044,-0.0025061500457496944
2.02,0.8,0.0,0.8538961838660687,0.09180132383888655,0.07577080180412693,-0.0024190276868935046
2.025,0.8,0.0,0.8543342432986746,0.08761188652118175,0.07343677319764874,-0.002334028606478189
2.0300000000000002,0.8,0.0,0.8547517920936497,0.08350975899502285,0.07118556110232607,-0.002251212095322669
2.035,0.8,0.0,0.8551492726253094,0.07949610633192719,0.06901492320075425,-0.0021706379015718202
2.04,0.8,0.0,0.8555271281173455,0.07557109840722988,0.06692273893243349,-0.0020921842683207653
2.045,0.8,0.0,0.8558858019628454,0.07173476909996679,0.06490705597693801,-0.002015682955495479
2.05,0.8,0.0,0.8562257370685652,0.0679870211439768,0.06296593899530357,-0.0019411169816344331
2.055,0.8,0.0,0.8565473752218018,0.0643276306473313,0.06109747204275414,-0.0018684669525494343
2.06,0.8,0.0,0.8568511564783057,0.06075625130076847,0.0592997609376403,-0.0017977111051138417
2.065,0.8,0.0,0.8571375185697783,0.05727241829451758,0.057570935590327624,-0.001728825347312675
2.07,0.8,0.0,0.8574068963864502,0.053875563334387325,0.05590915229554319,-0.001661783294784433
2.075,0.8,0.0,0.8576597215445729,0.050565031624546744,0.05431259365921032,-0.0015965586363328732
2.08,0.8,0.0,0.857896421986249,0.04734008833521904,0.052779467753199305,-0.0015331259060110125
2.085,0.8,0.0,0.8581174216103338,0.04419992481693999,0.05130800900710393,-0.0014714587460953749
2.09,0.8,0.0,0.8583231399332062,0.041143664574483756,0.049896478995815514,-0.0014115300112884158
2.095,0.8,0.0,0.858513991778271,0.038170369012974,0.04854316712609745,-0.0013533118697180643
2.1,0.8,0.0,0.8586903869931117,0.035279042968134576,0.04724639122517092,-0.0012967759009265278
2.105,0.8,0.0,0.8588527301925434,0.03246863988632681,0.046004498034141826,-0.0012418931910290962
2.11,0.8,0.0,0.8590014205256834,0.029738066628006342,0.04481586363882087,-0.0011886343953209574
2.115,0.8,0.0,0.8591368514658169,0.02708618802669994,0.04367889385173318,-0.0011369697870876883
2.12,0.8,0.0,0.8592594106218782,0.024511831212269665,0.04259202452731377,-0.0010868693244194122
2.125,0.8,0.0,0.8593694795704125,0.0220137897068839,0.041553721814276565,-0.0010383027130372036
2.13,0.8,0.0,0.8594674337069215,0.019590827301776838,0.040562482349017936,-0.0009912394652586282
2.1350000000000002,0.8,0.0,0.8595536421155342,0.01724168172254965,0.03961683339378871,-0.0009456489552292294
2.14,0.8,0.0,0.8596284674559957,0.0149650680923166,0.038715332923252965,-0.0009015004705357418
2.145,0.8,0.0,0.8596922658670072,0.012759682202280137,0.037856569662547225,-0.0008587632607057402
2.15,0.8,0.0,0.8597453868849951,0.010624203597594738,0.037039163079691434,-0.0008174065828557911
2.1550000000000002,0.8,0.0,0.8597881733774259,0.008557298486137352,0.03626176333532017,-0.0007773997443712641
2.16,0.8,0.0,0.8598209614898137,0.006557622477567389,0.035523051192567504,-0.0007387121427526663
2.165,0.8,0.0,0.8598440806056128,0.004623823159831221,0.03482173788982377,-0.0007013133027437349
2.17,0.8,0.0,0.8598578533182131,0.0027545425200450795,0.03415656497893655,-0.0006651729108872184
2.1750000000000003,0.8,0.0,0.8598625954142953,0.0009484192164514631,0.033526304131323466,-0.0006302608476130844
2.18,0.8,0.0,0.8598586158678349,-0.0007959092920960388,0.03292975691434461,-0.0005965472169788544
2.185,0.8,0.0,0.8598462168440705,-0.002479804752882526,0.032365754540168004,-0.0005640023741766073
2.19,0.8,0.0,0.859825693712789,-0.004104626256291899,0.03183315758927041,-0.0005325969508975931
2.195,0.8,0.0,0.8597973350703032,-0.00567172849715967,0.03133085571059938,-0.0005023018786710284
2.2,0.8,0.0,0.8597614227695287,-0.007182460154903657,0.030857767300330272,-0.00047308841026911033
2.205,0.8,0.0,0.8597182319575937,-0.008638162387014462,0.030412839161053685,-0.0004449281392765875
2.21,0.8,0.0,0.8596680311204403,-0.01004016743067952,0.029995046143144986,-0.00041779301790869847
2.215,0.8,0.0,0.8596110821339028,-0.01138979730750155,0.029603390769964814,-0.00039165537318017196
2.22,0.8,0.0,0.8595476403207706,-0.012688362626453302,0.029236902848471826,-0.00036648792149298823
2.225,0.8,0.0,0.8594779545133686,-0.01393716148038751,0.028894639066732702,-0.0003422637817391237
2.23,0.8,0.0,0.8594022671212107,-0.015137478431592648,0.028575682579750208,-0.0003189564869824947
2.235,0.8,0.0,0.8593208142033004,-0.01629058358205225,0.02827914258493845,-0.0002965399948117592
2.24,0.8,0.0,0.8592338255446793,-0.017397731724227424,0.028004153888523092,-0.00027498869641535625
2.245,0.8,0.0,0.8591415247368376,-0.01846016156834041,0.027749876464050038,-0.0002542774244730546
2.25,0.8,0.0,0.8590441292616261,-0.019479095042289646,0.027515495004146375,-0.00023438145990366255
2.255,0.8,0.0,0.8589418505783237,-0.02045573666047575,0.02730021846659028,-0.00021527653755609374
2.2600000000000002,0.8,0.0,0.8588348942135339,-0.021391272957961626,0.027103279615700773,-0.00019693885088950883
2.265,0.8,0.0,0.8587234598536012,-0.02228687198653037,0.026923934559994516,-0.00017934505570625647
2.27,0.8,0.0,0.8586077414392546,-0.02314368286933953,0.02676146228699618,-0.00016247227299833605
2.275,0.8,0.0,0.8584879272621996,-0.02396283541100268,0.026615164196046297,-0.0001462980909498826
2.2800000000000002,0.8,0.0,0.8583642000633993,-0.024745439760055866,0.026484363629887552,-0.00013080056615874525
2.285,0.8,0.0,0.8582367371327948,-0.025492586120890483,0.026368405405767504,-0.00011595822412004825
2.29,0.8,0.0,0.858105710410233,-0.02620534451235353,0.026266655346748373,-0.000101750059019131
2.295,0.8,0.0,0.8579712865873813,-0.026884764570331777,0.026178499813867308,-8.815553288106515e-05
2.3000000000000003,0.8,0.0,0.8578336272104226,-0.02753187539174878,0.026103345239751028,-7.515457411627971e-05
2.305,0.8,0.0,0.857692888783335,-0.028147685417511586,0.026040617664243555,-6.272757550747354e-05
2.31,0.8,0.0,0.8575492228715748,-0.02873318235204914,0.02598976227256838,-5.085539167517389e-05
2.315,0.8,0.0,0.8574027762059888,-0.0292893331171856,0.025950242936512994,-3.9519336055386656e-05
2.32,0.8,0.0,0.8572536907867979,-0.029817083838189727,0.0259215417590774,-2.8701177435593028e-05
2.325,0.8,0.0,0.8571021039874982,-0.030317359859936163,0.02590315862301069,-1.838313606671027e-05
2.33,0.8,0.0,0.8569481486585422,-0.030791065791205715,0.025894610743611175,-8.547879399516123e-06
2.335,0.8,0.0,0.856791953230666,-0.031239085575240137,0.025895432226141626,8.214825304511675e-07
2.34,0.8,0.0,0.8566336418177423,-0.03166228258475211,0.025905173628188533,9.741402046906794e-06
2.345,0.8,0.0,0.8564733343190439,-0.03206149973967304,0.025923401527253476,1.8227899064943154e-05
2.35,0.8,0.0,0.856311146520814,-0.03243755964600114,0.025949698093845237,2.629656659176166e-05
2.355,0.8,0.0,0.856147190197043,-0.0327912647541879,0.025983660670321932,3.3962576476694734e-05
2.36,0.8,0.0,0.8559815732093651,-0.03312339753557546,0.02602490135569479,4.1240685372857105e-05
2.365,0.8,0.0,0.8558143996059877,-0.03343472067546814,0.02607304659659365,4.8145240898859326e-05
2.37,0.8,0.0,0.8556457697195803,-0.0337259772814896,0.02612773678457136,5.4690187977712856e-05
2.375,0.8,0.0,0.8554757802640506,-0.03399789110594316,0.026188625859898625,6.088907532726326e-05
2.38,0.8,0.0,0.8553045244301458,-0.03425116678095638,0.026255380921988036,6.675506208941168e-05
2.3850000000000002,0.8,0.0,0.8551320919798195,-0.034486490065251486,0.026327681846561996,7.23009245739599e-05
2.39,0.8,0.0,0.8549585693393124,-0.034704528101442346,0.02640522090966922,7.75390631072223e-05
2.395,0.8,0.0,0.8547840396908983,-0.0349059296828151,0.02648770241862984,8.248150896062248e-05
2.4,0.8,0.0,0.8546085830632553,-0.035091325528603445,0.026574842349983568,8.713993135372675e-05
2.4050000000000002,0.8,0.0,0.8544322764204212,-0.03526132856682206,0.026666367994491944,9.152564450837578e-05
2.41,0.8,0.0,0.8542551937493024,-0.03541653422377143,0.026762017609235383,9.564961474343991e-05
2.415,0.8,0.0,0.8540774061457055,-0.035557520719375596,0.026861540076840863,9.952246760547984e-05
2.42,0.8,0.0,0.8538989818988677,-0.03568484936756029,0.026964694571848413,0.00010315449500754997
2.4250000000000003,0.8,0.0,0.8537199865744631,-0.03579906488092341,0.027071250234227524,0.00010655566237911113
2.43,0.8,0.0,0.8535404830960682,-0.03590069567899172,0.027180985850038808,0.0001097356158112836
2.435,0.8,0.0,0.8533605318250712,-0.03599025419939899,0.027293689539224623,0.00011270368918581478
2.44,0.8,0.0,0.8531801906390144,-0.03606823721135934,0.02740915845050693,0.00011546891128230707
2.445,0.8,0.0,0.8529995150083601,-0.03613512613084683,0.02752719846335859,0.00011804001285166052
2.45,0.8,0.0,0.8528185580716755,-0.03619138733692838,0.02764762389701229,0.00012042543365370015
2.455,0.8,0.0,0.8526373707092318,-0.03623747248873114,0.02777025722645502,0.0001226333294427305
2.46,0.8,0.0,0.8524560016150191,-0.036273818842558016,0.027894928805359303,0.00012467157890428196
2.465,0.8,0.0,0.8522744973671756,-0.0363008495686966,0.028021476595886517,0.0001265477905272143
2.47,0.8,0.0,0.8520929024968381,-0.03631897406749638,0.028149745905301192,0.00012826930941467474
2.475,0.8,0.0,0.8519112595554165,-0.036328588284317946,0.028279589129320208,0.00012984322401901616
2.48,0.8,0.0,0.8517296091803015,-0.036330075022984805,0.028410865502125033,0.00013127637280482482
2.485,0.8,0.0,0.8515479901590145,-0.036323804257394815,0.028543440852955387,0.0001325753508303537
2.49,0.8,0.0,0.8513664394918097,-0.03631013344097268,0.02867718736919895,0.00013374651624356235
2.495,0.8,0.0,0.8511849924527414,-0.03628940781366898,0.02881198336588992,0.0001347959966909694
2.5,0.8,0.0,0.8510036826492102,-0.036261960706233345,0.028947713061525694,0.00013572969563577578
2.505,0.8,0.0,0.8508225420800026,-0.03622811384151125,0.02908426636010489,0.00013655329857919715
2.5100000000000002,0.8,0.0,0.85064160119184,-0.03618817763253398,0.02922153863929286,0.00013727227918796867
2.515,0.8,0.0,0.850460888934454,-0.0361424514771909,0.02935943054461271,0.00013789190531985143
2.52,0.8,0.0,0.8502804328142076,-0.036091224049291534,0.029497847789563762,0.00013841724495105082
2.525,0.8,0.0,0.8501002589462784,-0.03603477358584269,0.029636700961560836,0.00013885317199707412
2.5300000000000002,0.8,0.0,0.8499203921054265,-0.03597336817038217,0.029775905333592066,0.00013920437203122915
2.535,0.8,0.0,0.8497408557753653,-0.035907266012226734,0.029915380681487372,0.00013947534789530633
2.54,0.8,0.0,0.8495616721967577,-0.03583671572150676,0.03005505110669479,0.00013967042520741935
2.545,0.8,0.0,0.8493828624138583,-0.0357619565798743,0.03019484486445175,0.0001397937577569605
2.5500000000000003,0.8,0.0,0.8492044463198244,-0.03568321880678442,0.03033469419724707,0.00013984933279532
2.555,0.8,0.0,0.849026442700718,-0.03560072382126284,0.030474535173463057,0.00013984097621598524
2.56,0.8,0.0,0.8488488692782226,-0.03551468449908441,0.030614307531090217,0.00013977235762716034
2.565,0.8,0.0,0.848671742751096,-0.035425305425298675,0.03075395452640213,0.00013964699531191296
2.57,0.8,0.0,0.8484950788353858,-0.03533278314204909,0.030893422787486913,0.0001394682610847825
2.575,0.8,0.0,0.8483188923034276,-0.035237306391642784,0.031032662172522443,0.00013923938503553057
2.58,0.8,0.0,0.8481431970216534,-0.03513905635483717,0.03117162563268869,0.00013896346016624775
2.585,0.8,0.0,0.8479680059872319,-0.035038206884318406,0.03131026907960986,0.000138643446921171
2.59,0.8,0.0,0.847793331363565,-0.03493492473335537,0.03144855125721572,0.0001382821776058571
2.595,0.8,0.0,0.847619184514667,-0.03482936977962053,0.031586433617923015,0.00013788236070729626
2.6,0.8,0.0,0.8474455760384462,-0.034721695244176315,0.03172388020302101,0.00013744658509799723
2.605,0.8,0.0,0.847272515798918,-0.034612047905632645,0.031860857527168496,0.0001369773241474831
2.61,0.8,0.0,0.8471000129573706,-0.03450056830948756,0.031997334466887496,0.0001364769397190005
2.615,0.8,0.0,0.8469280760025072,-0.03438739097266898,0.032133282152958104,0.00013594768607060742
2.62,0.8,0.0,0.8467567127795906,-0.03427264458330118,0.03226867386661014,0.00013539171365203884
2.625,0.8,0.0,0.846585930518612,-0.03415645219572467,0.03240348493941285,0.00013481107280270688
2.63,0.8,0.0,0.846415735861508,-0.03403893142080307,0.0325376926567632,0.00013420771735035003
2.6350000000000002,0.8,0.0,0.8462461348884502,-0.03392019461155484,0.03267127616487472,0.00013358350811151776
2.64,0.8,0.0,0.8460771331432295,-0.033800349044152196,0.03280421638117192,0.00013294021629720043
2.645,0.8,0.0,0.8459087356577578,-0.0336794970943328,0.03293649590799465,0.0001322795268227303
2.65,0.8,0.0,0.8457409469757114,-0.03355773640927387,0.0330680989495193,0.00013160304152465274
2.6550000000000002,0.8,0.0,0.8455737711753365,-0.03343516007498095,0.03319901123180487,0.00013091228228556684
2.66,0.8,0.0,0.8454072118914403,-0.03331185677924694,0.03332921992587685,0.00013020869407198016
2.665,0.8,0.0,0.8452412723365891,-0.033187910970239334,0.03345871357375406,0.00012949364787721157
2.67,0.8,0.0,0.8450759553215352,-0.033063403010776135,0.03358748201734002,0.00012876844358596096
2.6750000000000003,0.8,0.0,0.8449112632748935,-0.032938409328352965,0.03371551633008285,0.00012803431274283072
2.68,0.8,0.0,0.8447471982620886,-0.032813002560985946,0.03384280875133183,0.0001272924212489812
2.685,0.8,0.0,0.8445837620035939,-0.03268725169893652,0.03396935262329929,0.00012654387196745637
2.69,0.8,0.0,0.8444209558924819,-0.03256122222238569,0.0340951423305499,0.0001257897072506134
2.695,0.8,0.0,0.8442587810113062,-0.03243497623512696,0.03422017324194338,0.00012503091139347972
2.7,0.8,0.0,0.8440972381483345,-0.03230857259434777,0.034344441654945455,0.0001242684130020738
2.705,0.8,0.0,0.8439363278131516,-0.03218206703657086,0.034467944742239,0.00012350308729354442
2.71,0.8,0.0,0.8437760502516525,-0.03205551229982694,0.03459068050055607,0.00012273575831706768
2.715,0.8,0.0,0.8436164054604418,-0.03192895824213155,0.03471264770166319,0.00012196720110712461
2.72,0.8,0.0,0.8434573932006602,-0.03180245195633896,0.03483384584542471,0.0001211981437615195
2.725,0.8,0.0,0.8432990130112529,-0.031676037881446316,0.034954275114880425,0.00012042926945571297
2.73,0.8,0.0,0.8431412642217008,-0.03154975791042183,0.03507393633326738,0.00011966121838695443
2.735,0.8,0.0,0.8429841459642277,-0.031423651494630535,0.035192830922917986,0.00011889458965060745
2.74,0.8,0.0,0.842827657185503,-0.03129775574493137,0.03531096086597766,0.00011812994305967356
2.745,0.8,0.0,0.8426717966578554,-0.031172105529519212,0.03542832866687252,0.00011736780089485754
2.75,0.8,0.0,0.8425165629900124,-0.031046733568585217,0.03554493731646849,0.00011660864959597145
2.755,0.8,0.0,0.8423619546373831,-0.030921670525868614,0.03566079025786506,0.00011585294139657143
2.7600000000000002,0.8,0.0,0.8422079699118972,-0.030796945097172616,0.0357758913537622,0.00011510109589713685
2.765,0.8,0.0,0.8420546069914175,-0.030672584095916954,0.03589024485534791,0.000114353501585715
2.77,0.8,0.0,0.8419018639287386,-0.03054861253579854,0.036003855372648746,0.00011361051730083421
2.775,0.8,0.0,0.8417497386601854,-0.0304250537106316,0.03611672784629126,0.00011287247364251407
2.7800000000000002,0.8,0.0,0.8415982290138282,-0.030301929271437843,0.03622886752062407,0.00011213967433280903
2.785,0.8,0.0,0.8414473327173239,-0.030179259300856413,0.036340279918147964,0.00011141239752389398
2.79,0.8,0.0,0.8412970474053991,-0.03005706238494275,0.03645097081520511,0.00011069089705714741
2.795,0.8,0.0,0.841147370626987,-0.029935355682424586,0.03656094621888334,0.000109975403678228
2.8000000000000003,0.8,0.0,0.8409982998520296,-0.029814154991482503,0.036670212345086044,0.00010926612620270476
2.805,0.8,0.0,0.840849832477959,-0.029693474814121643,0.036778775597723044,0.00010856325263700062
2.81,0.8,0.0,0.840701965835868,-0.029573328418200037,0.03688664254898164,0.0001078669512585978
2.815,0.8,0.0,0.8405546971963821,-0.029453727897178286,0.036993819920632685,0.00010717737165104324
2.82,0.8,0.0,0.8404080237752438,-0.029334684227654322,0.037100314566332476,0.00010649464569979089
2.825,0.8,0.0,0.8402619427386201,-0.029216207324745717,0.03720613345488091,0.0001058188885484368
2.83,0.8,0.0,0.8401164512081432,-0.02909830609538123,0.03731128365439667,0.00010515019951575638
2.835,0.8,0.0,0.8399715462656954,-0.028980988489562216,0.037415772317373586,0.00010448866297691622
2.84,0.8,0.0,0.8398272249579471,-0.028864261549653224,0.03751960666657967,0.00010383434920608475
2.845,0.8,0.0,0.8396834843006583,-0.028748131457760357,0.03762279398176792,0.00010318731518824814
2.85,0.8,0.0,0.839540321282752,-0.028632603581254554,0.03772534158716149,0.00010254760539357005
2.855,0.8,0.0,0.8393977328701695,-0.028517682516496088,0.03782725683968062,0.00010191525251913164
2.86,0.8,0.0,0.8392557160095154,-0.028403372130815292,0.037928547117884154,0.00010129027820353353
2.865,0.8,0.0,0.8391142676315014,-0.028289675602803488,0.03802921981158926,0.00010067269370510334
2.87,0.8,0.0,0.8389733846541966,-0.02817659546096704,0.0381292823121446,0.00010006250055534516
2.875,0.8,0.0,0.8388330639860926,-0.028064133620796107,0.03822874200332537,9.945969118076853e-05
2.88,0.8,0.0,0.8386933025289911,-0.027952291420298758,0.03832760625282311,9.886424949773903e-05
2.8850000000000002,0.8,0.0,0.8385540971807208,-0.027841069654050046,0.03842588240430614,9.827615148302882e-05
2.89,0.8,0.0,0.8384154448376918,-0.027730468605804158,0.038523577770021945,9.769536571580667e-05
2.895,0.8,0.0,0.8382773423972932,-0.027620488079717072,0.038620699623917364,9.712185389541828e-05
2.9,0.8,0.0,0.8381397867601421,-0.02751112743022572,0.038717255195255186,9.655557133782244e-05
2.9050000000000002,0.8,0.0,0.838002774832189,-0.027402385590628776,0.038813251662700214,9.59964674450281e-05
2.91,0.8,0.0,0.8378663035266869,-0.027294261100413036,0.03890869614885557,9.544448615535911e-05
2.915,0.8,0.0,0.8377303697660301,-0.027186752131368088,0.03900359571522692,9.489956637134811e-05
2.92,0.8,0.0,0.8375949704834674,-0.02707985651253121,0.03909795735759232,9.436164236539812e-05
2.9250000000000003,0.8,0.0,0.8374601026246974,-0.026973571754003178,0.039191788001763046,9.383064417072678e-05
2.93,0.8,0.0,0.837325763149349,-0.02686789506967453,0.03928509449970772,9.330649794467294e-05
2.935,0.8,0.0,0.8371919490323545,-0.026762823398901108,0.039377883626030084,9.278912632236513e-05
2.94,0.8,0.0,0.8370586572652187,-0.026658353427166315,0.03947016207477821,9.227844874812319e-05
2.945,0.8,0.0,0.8369258848571899,-0.02655448160576674,0.03956193645656686,9.17743817886521e-05
2.95,0.8,0.0,0.8367936288363371,-0.0264512041705568,0.03965321329600099,9.127683943412762e-05
2.955,0.8,0.0,0.8366618862505382,-0.02634851715978681,0.03974399902938196,9.078573338097001e-05
2.96,0.8,0.0,0.8365306541683828,-0.026246416431068405,0.039834300002680054,9.030097329809639e-05
2.965,0.8,0.0,0.8363999296799953,-0.02614489767749975,0.03992412246976189,8.982246708183483e-05
2.97,0.8,0.0,0.8362697098977804,-0.02604395644298238,0.04001347259085696,8.93501210950734e-05
2.975,0.8,0.0,0.8361399919570965,-0.025943588136760554,0.04010235643125185,8.88838403948905e-05
2.98,0.8,0.0,0.8360107730168604,-0.02584378804721296,0.04019077996019467,8.84235289428173e-05
2.985,0.8,0.0,0.8358820502600858,-0.025744551354925777,0.040278749050003705,8.796908980903545e-05
2.99,0.8,0.0,0.8357538208943603,-0.025645873145075413,0.04036626947536408,8.752042536037258e-05
2.995,0.8,0.0,0.8356260821522646,-0.025547748419148083,0.04045334691280277,8.707743743869428e-05
3.0,0.8,-0.0,0.8354988312917345,-0.025450172106022767,0.0405399869403304,8.664002752762495e-05
3.005,0.7999998754682813,-7.462546874999684e-05,0.8353720655963723,-0.025353139072443104,0.040612137926298024,7.215098596762698e-05
3.0100000000000002,0.7999990074850001,-0.0002970075000000136,0.8352457823757078,-0.025256644132903242,0.0406535359033628,4.139797706477488e-05
3.015,0.7999966628548438,-0.0006649129687500109,0.8351199789654129,-0.025160682058971557,0.04066089998959916,7.364086236361089e-06
3.02,0.79999211952,-0.001176120000000002,0.8349946527274725,-0.02506524758807558,0.04063099203624075,-2.9907953358408734e-05
3.025,0.7999846665039063,-0.0018284179687499875,0.8348698010503137,-0.024970335431770685,0.0405606165129842,-7.037552325655366e-05
3.0300000000000002,0.799973603855,-0.002619607500000043,0.8347454213488962,-0.024875940283514367,0.04044662039255732,-0.00011399612042687496
3.035,0.7999582425904688,-0.0035475004687500287,0.8346215066719191,-0.024782935395401093,0.0402858930345511,-0.0001607273580062213
3.04,0.79993790464,-0.004609920000000008,0.834498040892223,-0.02469315593922835,0.04007554624112839,-0.00021034679342270962
3.045,0.7999119227895313,-0.005804700468749984,0.8343749982550046,-0.02460852744367663,0.03981295332923881,-0.00026259291188958367
3.0500000000000003,0.799879640625,-0.0071296875000000735,0.8342523429676237,-0.024531057476181797,0.03949559453340037,-0.0003173587958384405
3.055,0.7998404124760938,-0.008582737968750049,0.8341300288283644,-0.024462827851858923,0.03912105758987659,-0.0003745369435237747
3.06,0.79979360336,-0.01016172000000002,0.8340079988916815,-0.024405987336582908,0.03868703822567578,-0.0004340193642008161
3.065,0.7997385889251563,-0.011864512968749982,0.8338861851676146,-0.024362744813387033,0.03819134055824859,-0.0004956976674271862
3.0700000000000003,0.799674755395,-0.013689007500000107,0.8337645084095022,-0.02433535162247982,0.03763187741141246,-0.0005594631468361297
3.075,0.7996014995117188,-0.01563310546875007,0.8336428779966872,-0.024326082562997405,0.037006668243363156,-0.0006252091680493052
3.08,0.7995182284800001,-0.017694720000000032,0.8335211918579649,-0.024337227744472546,0.03631383635976257,-0.0006928318836005865
3.085,0.7994243599107813,-0.01987177546874998,0.8333993364334096,-0.024371084911075726,0.03555160787636306,-0.0007622284833995116
3.09,0.7993193217650001,-0.02216220749999994,0.8332771866723344,-0.024429952215028757,0.034718310574571094,-0.0008332973017919632
3.095,0.7992025522973438,-0.024563962968750096,0.8331546060652509,-0.024516121416698924,0.033812372656377286,-0.0009059379181938082
3.1,0.7990735,-0.02707500000000005,0.8330314467078013,-0.02463187148994196,0.032832321404772366,-0.00098005125160492
3.105,0.7989316235464063,-0.029693287968749996,0.8329075493940182,-0.02477946275661039,0.031776781755440284,-0.0010555396493320823
3.11,0.798776391735,-0.03241680749999993,0.8327827437362091,-0.02496113156183708,0.03064447481481397,-0.0011323069406263125
3.115,0.7986072834329688,-0.03524355046875013,0.8326568483094743,-0.025179085346949574,0.029434216339720848,-0.0012102584750931233
3.12,0.7984237875200001,-0.03817152000000006,0.832529670818965,-0.025435498101854533,0.02814491516240434,-0.0012893011773165083
3.125,0.7982254028320312,-0.04119873046875,0.8324010082880677,-0.025732506179465046,0.0267755715668104,-0.0013693435955939408
3.13,0.7980116381050001,-0.044323207499999934,0.8322706472657905,-0.026072204455450207,0.025325275621739817,-0.0014502959450705816
3.1350000000000002,0.7977820119185938,-0.047542987968750165,0.8321383640517042,-0.026456642817269553,0.023793205476188867,-0.0015320701455509497
3.14,0.79753605264,-0.05085612000000009,0.8320039249368778,-0.026887822965264332,0.02217862562197877,-0.0016145798542100964
3.145,0.7972732983676563,-0.05426066296875001,0.8318670864593343,-0.027367695508702758,0.020480885128117347,-0.0016977404938614236
3.15,0.7969932968750001,-0.05775468749999995,0.8317275956726254,-0.027898157341758566,0.0186994158509831,-0.001781469277134247
3.1550000000000002,0.7966956055542188,-0.061336275468750194,0.8315851904262006,-0.028481049284973005,0.016833730624419764,-0.0018656852265633364
3.16,0.79637979136,-0.0650035200000001,0.8314395996563091,-0.029118153978303453,0.014883421433610652,-0.0019503091908091123
3.165,0.7960454307532813,-0.06875452546875004,0.8312905436862471,-0.029811194012397683,0.012848157576353464,-0.002035263857257188
3.17,0.795692109645,-0.07258740749999995,0.8311377345348209,-0.030561830285249156,0.01072768381515048,-0.0021204737612029838
3.1750000000000003,0.7953194233398437,-0.07650029296875022,0.8309808762319613,-0.03137166057191375,0.008521818523313743,-0.0022058652918367366
3.18,0.79492697648,-0.08049132000000014,0.8308196651404839,-0.0322422182954827,0.006230451828088273,-0.0022913666952254705
3.185,0.7945143829889063,-0.08455863796875004,0.830653790283044,-0.03317497148798879,0.0038535437536005076,-0.0023769080744877654
3.19,0.7940812660150001,-0.08870040749999995,0.830482933673392,-0.034171321930388826,0.0013911223662742556,-0.002462421387326252
3.1950000000000003,0.7936272578754687,-0.09291480046875027,0.8303067706510859,-0.03523260446121743,-0.0011567180748343411,-0.0025478404411085967
3.2,0.7931520000000001,-0.09720000000000016,0.8301249702188662,-0.03636008644394444,-0.003789818960489414,-0.002633100885655073
3.205,0.7926551428745313,-0.10155420046875006,0.8299371953819488,-0.0375549673834908,-0.006507959164383834,-0.0027181402038944195
3.21,0.792136345985,-0.10597560749999997,0.829743103488535,-0.038818378682767114,-0.009310856864913801,-0.0028028977005299677
3.215,0.7915952777610938,-0.11046243796874987,0.8295423465708825,-0.04015138353049414,-0.012198171353792718,-0.0028873144888789167
3.22,0.79103161552,-0.11501292000000019,0.8293345716863229,-0.041554976911946116,-0.015169504829797184,-0.0029713334760044664
3.225,0.7904450454101563,-0.11962529296875007,0.8291194212576497,-0.04303008573462663,-0.018224404176073614,-0.003054899346276429
3.23,0.789835262355,-0.1242978075,0.8288965334123435,-0.04457756906124306,-0.021362362719571308,-0.0031379585434976945
3.235,0.7892019699967188,-0.12902872546874988,0.82866554232013,-0.04619821844268936,-0.024582821971264837,-0.003220459251693529
3.24,0.7885448806400001,-0.1338163200000002,0.8284260785284097,-0.047892758344078384,-0.0278851733459577,-0.003302351374692862
3.245,0.7878637151957812,-0.1386588754687501,0.8281777692951238,-0.04966184665718553,-0.031268759860564356,-0.003383586514606657
3.25,0.7871582031250001,-0.1435546875,0.8279202389186588,-0.05150607529297376,-0.03473287780985833,-0.0034641179492939725
3.255,0.7864280823823439,-0.1485020629687499,0.827653109064418,-0.053425970848167505,-0.03827677841879264,-0.0035439006089343084
3.2600000000000002,0.78567309936,-0.15349932000000022,0.8273759990877174,-0.055421995340130245,-0.04189966947056441,-0.0036228910517717705
3.265,0.7848930088314062,-0.15854478796875016,0.8270885263526946,-0.05749454700457616,-0.045600716909696415,-0.0037010474391320075
3.27,0.7840875738950001,-0.16363680750000004,0.8267903065469401,-0.05964396115091251,-0.049379046419503234,-0.0037783295098068187
3.275,0.7832565659179688,-0.16877373046874994,0.8264809539915887,-0.06187051107026575,-0.053233744973356145,-0.0038546985538529116
3.2800000000000002,0.78239976448,-0.17395392000000023,0.8261600819466313,-0.06417440899149028,-0.05716386235925831,-0.003930117385902168
3.285,0.7815169573170313,-0.17917575046875012,0.8258273029112277,-0.06655580708069668,-0.061168412677313266,-0.004004550318054953
3.29,0.780607940265,-0.18443760750000004,0.8254822289188274,-0.06901479848006341,-0.06524637580971333,-0.004077963132400067
3.295,0.7796725172035938,-0.18973788796875,0.8251244718269178,-0.07155141838191548,-0.0693966988629603,-0.00415032305324696
3.3000000000000003,0.7787105,-0.19507500000000033,0.8247536436012465,-0.07416564513426471,-0.07361829758207698,-0.00422159871911669
3.305,0.7777217084526562,-0.20044736296875018,0.8243693565943755,-0.07685740137420793,-0.07791005773661998,-0.004291760154542995
3.31,0.776705970235,-0.20585340750000003,0.8239712238184467,-0.07962655518577358,-0.08227083647837194,-0.004360778741751961
3.315,0.7756631208392188,-0.21129157546875,0.8235588592120517,-0.0824729212789948,-0.08669946367061519,-0.0044286271922432535
3.3200000000000003,0.7745930035199999,-0.2167603200000003,0.823131877901116,-0.08539626218716471,-0.09119474318896109,-0.004495279518345899
3.325,0.7734954692382813,-0.22225810546875022,0.8226898964537189,-0.08839628947940194,-0.09575545419372246,-0.004560711004761367
3.33,0.7723703766050001,-0.2277834075000001,0.8222325331287899,-0.09147266498581913,-0.10038035237389628,-0.004624898180173823
3.335,0.7712175918248438,-0.23333471296874997,0.8217594081186261,-0.09462500203274418,-0.10506817116281116,-0.004687818788914874
3.34,0.77003698864,-0.23891051999999982,0.8212701437851981,-0.09785286668559592,-0.10981762292556946,-0.004749451762758303
3.345,0.7688284482739063,-0.24450933796875018,0.8207643648902123,-0.10115577899715963,-0.11462740011842934,-0.004809777192859882
3.35,0.7675918593750001,-0.2501296875000001,0.8202416988189166,-0.10453321425914723,-0.119496176420303,-0.004868776301873656
3.355,0.7663271179604688,-0.25577010046875004,0.8197017757976414,-0.10798460425505818,-0.12442260783657473,-0.004926431416271734
3.36,0.7650341273600001,-0.26142911999999985,0.8191442291050789,-0.11150933851248557,-0.12940533377546767,-0.004982725938892943
3.365,0.7637127981595312,-0.26710530046875025,0.8185686952773132,-0.11510676555313092,-0.13444297809722117,-0.005037644321753493
3.37,0.762363048145,-0.2727972075000001,0.8179748143066187,-0.11877619413890833,-0.1395341501363424,-0.005091172039121239
3.375,0.7609848022460938,-0.27850341796875,0.8173622298340555,-0.1225168945126284,-0.1446774456972436,-0.0051432955609012065
3.38,0.75957799248,-0.28422251999999987,0.8167305893358962,-0.12632809963185807,-0.14987144802356264,-0.0051940023263190305
3.3850000000000002,0.7581425578951562,-0.28995311296875037,0.8160795443039229,-0.13020900639465285,-0.1551147287415101,-0.005243280717947468
3.39,0.756678444515,-0.2956938075000002,0.8154087504196431,-0.1341587768559538,-0.16040584877758063,-0.005291120036070518
3.395,0.7551856052817187,-0.3014432254687501,0.8147178677224755,-0.138176539433533,-0.16574335925099745,-0.005337510473416823
3.4,0.7536640000000001,-0.3071999999999998,0.8140065607719632,-0.14226139010245858,-0.17112580234125016,-0.005382443090252709
3.4050000000000002,0.7521135952807813,-0.31296277546875034,0.8132744988040775,-0.14641239357713265,-0.17655171213111942,-0.00542590978986926
3.41,0.750534364485,-0.31873020750000025,0.8125213558816774,-0.15062858448003452,-0.18201961542556722,-0.005467903294447796
3.415,0.7489262876673438,-0.32450096296875003,0.8117468110391955,-0.15490896849637675,-0.18752803254691502,-0.005508417121347808
3.42,0.7472893515200001,-0.33027371999999994,0.8109505484216258,-0.159252523513952,-0.19307547810669573,-0.005547445559780706
3.4250000000000003,0.7456235493164062,-0.3360471679687504,0.8101322574178883,-0.16365820074751733,-0.19866046175460658,-0.005584983647910852
3.43,0.743928880855,-0.3418200075000002,0.8092916327886527,-0.16812492584712563,-0.20428148890497644,-0.005621027150369856
3.435,0.7422053524029688,-0.3475909504687501,0.8084283747887033,-0.17265159998987523,-0.2099370614411849,-0.005655572536208464
3.44,0.7404529766400001,-0.35335871999999996,0.8075421892839303,-0.177237100954606,-0.21562567839844232,-0.00568861695725742
3.4450000000000003,0.7386717726020312,-0.35912205046875034,0.8066327878630347,-0.1818802841791253,-0.22134583662537358,-0.0057201582269312545
3.45,0.7368617656249999,-0.3648796875000002,0.8056998879440367,-0.18657998379959845,-0.22709603142483406,-0.005750194799460484
3.455,0.7350229872885938,-0.3706303879687501,0.8047432128756777,-0.19133501367178646,-0.23287475717439593,-0.005778725749561869
3.46,0.73315547536,-0.37637291999999994,0.8037624920338085,-0.19614416837386084,-0.23868050792693649,-0.005805750752540556
3.465,0.7312592737376564,-0.3821060629687499,0.8027574609128556,-0.2010062241905686,-0.24451177799175194,-0.005831270064815458
3.47,0.729334432395,-0.38782860750000026,0.8017278612124628,-0.2059199400785607,-0.2503670624966555,-0.0058552845049035795
3.475,0.7273810073242187,-0.39353935546875013,0.8006734409193991,-0.2108840586127365,-0.2562448579314575,-0.005877795434801991
3.48,0.72539906048,-0.39923712000000006,0.7995939543848316,-0.2158973069134926,-0.2621436626732969,-0.005898804741839403
3.485,0.7233886597232814,-0.4049207254687499,0.7984891623970576,-0.22095839755479907,-0.268061977494215,-0.005918314820918091
3.49,0.7213498787649999,-0.41058900750000027,0.7973588322497923,-0.22606602945305765,-0.27399830605142306,-0.005936328557208048
3.495,0.7192827971098438,-0.4162408129687502,0.7962027378061087,-0.23121888873672605,-0.279951155360665,-0.005952849309241948
3.5,0.7171875000000001,-0.421875,0.7950206595581252,-0.23641564959672165,-0.28591903625312176,-0.005967880892456756
3.505,0.7150640783589064,-0.42749043796874997,0.793812384682537,-0.24165497511764264,-0.2919004638162365,-0.005981427563114761
3.5100000000000002,0.7129126287349999,-0.43308600750000015,0.7925777070920876,-0.24693551808987102,-0.29789395781890027,-0.005993494002663746
3.515,0.7107332532454688,-0.43866060046875016,0.7913164274830744,-0.2522559218026425,-0.30389804312138247,-0.006004085302482198
3.52,0.70852605952,-0.44421311999999996,0.7900283533789835,-0.2576148208181913,-0.3099112500704322,-0.006013206949049721
3.525,0.7062911606445313,-0.4497424804687499,0.788713299170348,-0.26301084172709593,-0.31593211487991396,-0.006020864809481774
3.5300000000000002,0.704028675105,-0.4552476075000003,0.7873710861509232,-0.26844260388497254,-0.321959179997396,-0.006027065117482022
3.535,0.7017387267310937,-0.46072743796875026,0.7860015425502699,-0.2739087201306765,-0.32799099445705787,-0.006031814459661888
3.54,0.69942144464,-0.46618092000000005,0.784604503562839,-0.2794077974861905,-0.33402611421931216,-0.006035119762254293
3.545,0.6970769631801563,-0.47160701296875,0.783179811373647,-0.28493843783839,-0.34006310249749855,-0.006036988278186384
3.5500000000000003,0.694705421875,-0.47700468750000025,0.7817273151806325,-0.2904992386028927,-0.3461005300720295,-0.0060374275745309625
3.555,0.6923069653667187,-0.48237292546875027,0.7802468712137816,-0.2960887933702065,-0.352136975592337,-0.006036445520307465
3.56,0.68988174336,-0.48771072000000004,0.7787383427511095,-0.3017056925344058,-0.3581710258669906,-0.006034050274653646
3.565,0.6874299105657813,-0.4930170754687498,0.7772016001315867,-0.30734852390457157,-0.36420127614232295,-0.006030250275332327
3.5700000000000003,0.6849516266449999,-0.4982910075000002,0.7756365207650905,-0.31301587329924285,-0.3702263303699098,-0.006025054227586868
3.575,0.6824470561523437,-0.5035315429687502,0.7740429891394698,-0.3187063251241338,-0.37624480146323513,-0.006018471093325317
3.58,0.67991636848,-0.5087377200000001,0.7724208968248029,-0.3244184629333773,-0.38225531154388653,-0.006010510080651399
3.585,0.6773597378014062,-0.5139085879687499,0.77077014247493,-0.3301508699745623,-0.388256492177583,-0.006001180633696479
3.59,0.6747773430150001,-0.5190432075000001,0.7690906318263409,-0.33590212971783906,-0.39424698460036,-0.005990492422776994
3.595,0.6721693676879686,-0.5241406504687504,0.767382277694494,-0.3416708263693693,-0.4002254399352324,-0.005978455334872401
3.6,0.6695359999999999,-0.5292,0.7656449999676469,-0.3474555453694031,-0.40619051939960854,-0.005965079464376133
3.605,0.6668774326870313,-0.53422035046875,0.7638787255982705,-0.3532548738752676,-0.4121408945037946,-0.005950375104186056
3.61,0.6641938629850002,-0.5392008075000001,0.7620833885921228,-0.35906740122955627,-0.4180752472408367,-0.005934352737042126
3.615,0.6614854925735937,-0.5441404879687503,0.7602589299950537,-0.36489171941380794,-0.42399227026801134,-0.005917023027174617
3.62,0.6587525275199999,-0.5490385200000001,0.7584052978776139,-0.3707264234879674,-0.4298906670802205,-0.005898396812209161
3.625,0.6559951782226563,-0.55389404296875,0.7565224473175343,-0.3765701120159215,-0.43576915217559004,-0.0058784850953695345
3.63,0.6532136593550001,-0.5587062075000001,0.7546103403801473,-0.38242138747740195,-0.44162645121350425,-0.00585729903791421
3.6350000000000002,0.6504081898092187,-0.5634741754687503,0.7526689460968146,-0.3882788566665515,-0.447461301165349,-0.005834849951844745
3.64,0.64757899264,-0.5681971200000002,0.7506982404414273,-0.3941411310774443,-0.4532724504582091,-0.005811149292860085
3.645,0.6447262950082813,-0.57287422546875,0.748698206305043,-0.40000682727685477,-0.4590586591117777,-0.005786208653568603
3.65,0.6418503281250001,-0.5775046875000001,0.7466688334687202,-0.4058745672645651,-0.46481869886869404,-0.0057600397569163575
3.6550000000000002,0.6389513271948436,-0.5820877129687502,0.7446101185746127,-0.4117429788215042,-0.47055135331855735,-0.005732654449863317
3.66,0.63602953136,-0.5866225200000001,0.7425220650953827,-0.4176106958460042,-0.4762554180158334,-0.005704064697276023
3.665,0.6330851836439062,-0.5911083379687501,0.7404046833019904,-0.4234763586784632,-0.4819297005918892,-0.005674282576055845
3.67,0.6301185308950001,-0.5955444074999999,0.7382579902299169,-0.42933861441469734,-0.48757302086134535,-0.005643320269456131
3.6750000000000003,0.6271298237304687,-0.5999299804687501,0.7360820096438756,-0.43519611720826484,-0.4931842109229799,-0.0056111900616345745
3.68,0.62411931648,-0.6042643200000001,0.7338767720010654,-0.44104752856204166,-0.4987621152553579,-0.005577904332377981
3.685,0.6210872671295312,-0.6085467004687501,0.7316423144130187,-0.4468915176093239,-0.5043055908074188,-0.005543475552060861
3.69,0.618033937265,-0.6127764075000001,0.7293786806060951,-0.4527267613847307,-0.5098135070841762,-0.005507916276757396
3.6950000000000003,0.6149595920160936,-0.6169527379687503,0.7270859208806693,-0.45855194508517816,-0.5152847462277417,-0.0054712391435655094
3.7,0.6118644999999999,-0.6210750000000003,0.7247640920690633,-0.4643657623211886,-0.5207182030938354,-0.0054334568660937554
3.705,0.6087489332651563,-0.6251425129687502,0.7224132574922694,-0.47016691535880056,-0.5261127853239754,-0.005394582230139999
3.71,0.6056131672350001,-0.6291546075000002,0.7200334869155077,-0.4759541153523354,-0.5314674134135005,-0.0053546280895250264
3.715,0.6024574806517189,-0.63311062546875,0.7176248565026664,-0.4817260825682781,-0.5367810207755941,-0.005313607362093631
3.72,0.59928215552,-0.6370099200000002,0.7151874487696638,-0.48748154660052173,-0.5420525538014772,-0.005271533025883124
3.725,0.5960874770507812,-0.6408518554687501,0.7127213525367777,-0.493219246577223,-0.5472809719169122,-0.005228418115434952
3.73,0.5928737336050001,-0.6446358074999999,0.7102266628799802,-0.49893793135951126,-0.5524652476351831,-0.005184275718270959
3.735,0.5896412166373439,-0.6483611629687501,0.7077034810813188,-0.5046363597322903,-0.5576043666066788,-0.00513911897149566
3.74,0.5863902206399999,-0.6520273200000001,0.7051519145783819,-0.5103133005873659,-0.5626973276652365,-0.005092961058557721
3.745,0.5831210430864062,-0.6556336879687501,0.7025720769128863,-0.5159675330991301,-0.5677431428713616,-0.005045815206125126
3.75,0.579833984375,-0.6591796875,0.6999640876784211,-0.5215978468930268,-0.5727408375524902,-0.004997694681128539
3.755,0.5765293477729688,-0.6626647504687503,0.697328072467386,-0.5272030422070196,-0.5776894503403758,-0.004948612787885609
3.7600000000000002,0.5732074393599998,-0.6660883200000001,0.6946641628171546,-0.5327819300462798,-0.5825880332057624,-0.00489858286538658
3.765,0.5698685679720312,-0.6694498504687505,0.691972496155498,-0.5383333323313048,-0.5874356514904333,-0.0048476182846709515
3.77,0.566513045145,-0.6727488075,0.6892532157452996,-0.5438560820396755,-0.5922313839367846,-0.004795732446351342
3.775,0.5631411850585938,-0.6759846679687501,0.6865064706285914,-0.5493490233416559,-0.5969743227149925,-0.004742938778207861
3.7800000000000002,0.5597533044799998,-0.6791569200000002,0.6837324155699422,-0.554811011729833,-0.6016635734479184,-0.00468925073292592
3.785,0.5563497227076563,-0.6822650629687503,0.6809312109992273,-0.5602409141429919,-0.606298255233828,-0.0046346817859095335
3.79,0.552930761515,-0.6853086075000002,0.6781030229538052,-0.5656376090844151,-0.6108775006670544,-0.004579245433226409
3.795,0.5494967450942188,-0.6882870754687496,0.6752480230201312,-0.5709999867347912,-0.6154004558566626,-0.004522955189608213
3.8000000000000003,0.5460479999999999,-0.6912000000000001,0.6723663882748316,-0.5763269490599159,-0.6198662804432464,-0.004465824586583844
3.805,0.542584855093281,-0.69404692546875,0.6694583012252648,-0.5816174099133582,-0.6242741476139186,-0.004407867170672208
3.81,0.539107641485,-0.6968274075000003,0.6665239497495935,-0.5868702951342682,-0.6286232441155992,-0.004349096501680583
3.815,0.5356166924798438,-0.6995410129687504,0.6635635270363911,-0.5920845426404907,-0.632912770266681,-0.004289526151081802
3.8200000000000003,0.5321123435199999,-0.7021873200000004,0.6605772315238053,-0.597259102517151,-0.6371419399671392,-0.0042291697004581685
3.825,0.5285949321289061,-0.7047659179687497,0.657565266838301,-0.6023929371008705,-0.641309980707179,-0.004168040740039847
3.83,0.5250647978549999,-0.7072764074999999,0.6545278417330022,-0.607485021059769,-0.645416133574493,-0.0041061528673139724
3.835,0.5215222822154688,-0.7097184004687502,0.6514651700256552,-0.6125343414694033,-0.6494596532601908,-0.004043519685697827
3.84,0.5179677286400002,-0.71209152,0.6483774705362312,-0.6175398978847906,-0.6534398080634748,-0.003980154803283953
3.845,0.5144014824145311,-0.7143954004687502,0.6452649670241879,-0.6225007024086587,-0.657355879895131,-0.003916071831656209
3.85,0.510823890625,-0.7166296875000001,0.6421278881254076,-0.6274157797560638,-0.6612071642798866,-0.003851284384755571
3.855,0.5072353021010938,-0.7187940379687497,0.63896646728883,-0.6322841673155085,-0.6649929703577226,-0.0037858060778360736
3.86,0.50363606736,-0.7208881200000001,0.6357809427127965,-0.6371049152066951,-0.6687126208841614,-0.0037196505264387447
3.865,0.5000265385501561,-0.7229116129687502,0.6325715572811214,-0.6418770863350386,-0.6723654522296143,-0.0036528313454529115
3.87,0.49640706939499984,-0.7248642075,0.6293385584989061,-0.6465997564430659,-0.6759508143778348,-0.0035853621482204723
3.875,0.49277801513671876,-0.72674560546875,0.626082198428112,-0.65127201415882,-0.6794680709235268,-0.0035172565456920157
3.88,0.48913973248000003,-0.72855552,0.6228027336229051,-0.6558929610413866,-0.6829165990691609,-0.003448528145634122
3.8850000000000002,0.4854925795357812,-0.7302936754687505,0.6195004250647868,-0.6604617116236576,-0.6862957896210405,-0.0033791905518796295
3.89,0.4818369157649999,-0.7319598075000002,0.6161755380975246,-0.6649773934524391,-0.6896050469846685,-0.003309257363627971
3.895,0.47817310192234375,-0.7335536629687498,0.6128283423618945,-0.6694391471260126,-0.6928437891594602,-0.003238742174791698
3.9,0.47450150000000013,-0.7350749999999998,0.6094591117302482,-0.6738461263292514,-0.6960114477328383,-0.003167658573378085
3.9050000000000002,0.470822473171406,-0.7365235879687502,0.6060681242409163,-0.6781974978663936,-0.6991074678737521,-0.0030960201409138133
3.91,0.46713638573499994,-0.7378992075000003,0.6026556620324585,-0.6824924416915665,-0.7021313083256507,-0.0030238404518986295
3.915,0.4634436030579687,-0.7392016504687503,0.5992220112777726,-0.6867301509371586,-0.705082441398979,-0.0029511330733282826
3.92,0.45974449151999996,-0.7404307199999998,0.595767462118072,-0.690909831940128,-0.7079603529631786,-0.0028779115641995867
3.9250000000000003,0.4560394184570311,-0.7415862304687504,0.5922923085967403,-0.6950307042663363,-0.7107645424382758,-0.0028041894750971963
3.93,0.4523287521049999,-0.7426680075,0.5887968485930754,-0.6990920007329927,-0.7134945227860572,-0.00272998034778138
3.935,0.4486128615435936,-0.7436758879687498,0.5852813837559289,-0.7030929674292902,-0.7161498205008828,-0.002655297714825644
3.94,0.4448921166400001,-0.7446097200000001,0.5817462194372524,-0.7070328637353127,-0.7187299756001484,-0.0025801550992655686
3.9450000000000003,0.4411668879926561,-0.7454693629687503,0.5781916646255559,-0.7109109623392919,-0.7212345416144458,-0.0025045660142973825
3.95,0.43743754687499997,-0.7462546875000003,0.5746180318792895,-0.7147265492532848,-0.7236630855774114,-0.002428543962965657
3.955,0.4337044651792188,-0.74696557546875,0.5710256372601528,-0.7184789238273468,-0.7260151880153424,-0.0023521024379309363
3.96,0.42996801536000007,-0.7476019200000004,0.5674148002663414,-0.7221673987622662,-0.7282904429365485,-0.0022752549212061712
3.9650000000000003,0.42622857037828105,-0.7481636254687499,0.5637858437657367,-0.7257913001209297,-0.7304884578204971,-0.0021980148839485514
3.97,0.42248650364499984,-0.7486506075,0.5601390939290448,-0.7293499673383809,-0.7326088536067563,-0.0021203957862592215
3.975,0.41874218896484366,-0.7490627929687497,0.5564748801628916,-0.732842753230635,-0.7346512646837745,-0.0020424110770181914
3.98,0.4149960004800001,-0.7494001199999998,0.5527935350428801,-0.7362690240023085,-0.7366153388774886,-0.001964074193714138
3.985,0.4112483126139063,-0.7496625379687499,0.5490953942466145,-0.7396281592531232,-0.7385007374398086,-0.001885398562319951
3.99,0.40749950001499996,-0.7498500075000002,0.5453807964866978,-0.7429195519833373,-0.7403071350369649,-0.001806397597156284
3.995,0.4037499375004687,-0.74996250046875,0.541650083443707,-0.7461426085981597,-0.7420342197377676,-0.001727084700802739
4.0,0.4,-0.75,0.537903599699151,-0.749296748911197,-0.7436816930017698,-0.0016474732640021639
4.005,0.3962500624995315,-0.74996250046875,0.5341416926684162,-0.7523814061469831,-0.745249269667355,-0.0015675766655852685
4.01,0.39250049998500014,-0.7498500075000005,0.530364712533703,-0.7553960269426397,-0.7467366779397723,-0.0014874082724172233
4.015,0.3887516873860943,-0.7496625379687503,0.5265730121769594,-0.7583400713487128,-0.7481436593791067,-0.001406981439334376
4.0200000000000005,0.38500399951999964,-0.7494001199999993,0.5227669471128132,-0.7612130128292286,-0.749469968888248,-0.0013263095091413657
4.025,0.38125781103515605,-0.7490627929687501,0.5189468754215082,-0.7640143382610123,-0.7507153747007824,-0.0012454058125344059
4.03,0.37751349635499976,-0.7486506075,0.5151131576818466,-0.7667435479323096,-0.7518796583689401,-0.001164283668157684
4.035,0.37377142962171883,-0.7481636254687498,0.5112661569041429,-0.7694001555407499,-0.7529626147514802,-0.001082956382540079
4.04,0.37003198464,-0.7476019199999997,0.5074062384631894,-0.7719836881906889,-0.7539640520016238,-0.0010014372501435664
4.045,0.3662955348207813,-0.7469655754687494,0.5035337700312397,-0.774493686389965,-0.754883791554972,-0.0009197395533482311
4.05,0.362562453125,-0.7462546874999998,0.49964912151100915,-0.7769297040461076,-0.7557216681174784,-0.0008378765625064455
4.055,0.35883311200734386,-0.7454693629687497,0.495752664968699,-0.7792913084620248,-0.7564775296534308,-0.0007558615359524179
4.0600000000000005,0.3551078833599999,-0.7446097200000003,0.491844774567043,-0.781578080331207,-0.7571512373734905,-0.0006737077200597019
4.065,0.351387138456406,-0.7436758879687505,0.4879258264983806,-0.7837896137324741,-0.7577426657227617,-0.0005914283492711725
4.07,0.3476712478949997,-0.7426680075000001,0.48399619891775914,-0.785925516124296,-0.7582517023689288,-0.0005090366461670826
4.075,0.3439605815429685,-0.7415862304687502,0.4800562718760656,-0.7879854083387132,-0.7586782481904465,-0.0004265458215176876
4.08,0.34025550847999986,-0.7404307200000002,0.47610642725319113,-0.7899689245748861,-0.7590222172647928,-0.0003439690743463064
4.085,0.3365563969420315,-0.7392016504687503,0.47214704869122964,-0.7918757123922952,-0.7592835368567937,-0.00026131959200093036
4.09,0.332863614265,-0.7378992075000002,0.46817852152771156,-0.7937054327036198,-0.7594621474070284,-0.00017861055023471462
4.095,0.32917752682859397,-0.7365235879687507,0.464201232728875,-0.7954577597673161,-0.7595580025202916,-9.585511326315466e-05
4.1,0.3254985000000004,-0.7350750000000006,0.4602155708229754,-0.7971323811799169,-0.7595710689541693,-1.3066433877662043e-05
4.105,0.32182689807765597,-0.7335536629687502,0.456221925833635,-0.798728997868075,-0.7595013266076801,6.974234648915445e-05
4.11,0.3181630842349999,-0.7319598075000006,0.45222068921323316,-0.8002473240803699,-0.7593487685099948,0.00015255809768532913
4.115,0.31450742046421887,-0.7302936754687508,0.44821225377633866,-0.8016870873788964,-0.7591134008092879,0.00023536770070686774
4.12,0.3108602675200001,-0.7285555200000001,0.44419701363318537,-0.8030480286306546,-0.7587952427616443,0.0003181580476435686
4.125,0.3072219848632813,-0.72674560546875,0.4401753641231916,-0.8043299019987569,-0.758394326720079,0.00040091604156533567
4.13,0.3035929306050001,-0.7248642074999992,0.43614770174852424,-0.8055324749334701,-0.7579106981236554,0.0004836285964235909
4.135,0.29997346144984405,-0.7229116129687498,0.43211442410770873,-0.8066555281631083,-0.7573444154867057,0.0005662826369496887
4.14,0.29636393264000027,-0.7208881200000001,0.4280759298292848,-0.8076988556847887,-0.7566955503881528,0.0006488650985528865
4.1450000000000005,0.29276469789890613,-0.7187940379687501,0.42403261850550944,-0.80866226475507,-0.755964187460932,0.0007313629272208688
4.15,0.28917610937499993,-0.7166296875000001,0.41998489062610705,-0.8095455758804808,-0.7551504243815185,0.0008137630794134987
4.155,0.2855985175854686,-0.7143954004687502,0.4159331475120673,-0.8103486228079557,-0.7542543718595737,0.0008960525219448012
4.16,0.28203227136,-0.71209152,0.41187779124949137,-0.811071252515187,-0.7532761536276784,0.000978218231895256
4.165,0.27847771778453123,-0.7097184004687502,0.40781922462348685,-0.8117133252009069,-0.7522159064311904,0.0010602471964880067
4.17,0.2749352021450001,-0.7072764074999999,0.4037578510521113,-0.8122747142751098,-0.7510737800181961,0.001142126412994271
4.175,0.27140506787109386,-0.70476591796875,0.3996940745203652,-0.8127553063492237,-0.7498499371295835,0.0012238428886126584
4.18,0.26788765648000046,-0.702187320000001,0.395628299514234,-0.8131550012262421,-0.7485445534892101,0.0013053836403733587
4.1850000000000005,0.2643833075201558,-0.69954101296875,0.3915609309547799,-0.8134737118908253,-0.7471578177942,0.0013867356950101328
4.19,0.2608923585149997,-0.6968274075000004,0.387492374132283,-0.8137113644993786,-0.745689931705307,0.0014678860888930334
4.195,0.2574151449067186,-0.69404692546875,0.3834230346404324,-0.8138678983701169,-0.7441411098374467,0.0015488218678602061
4.2,0.25395199999999984,-0.6911999999999994,0.3793533183105668,-0.8139432659731218,-0.7425115797502861,0.0016295300871606022
4.205,0.2505032549057813,-0.6882870754687502,0.3752836311459648,-0.8139374329204007,-0.7408015819389567,0.0017099978113294112
4.21,0.2470692384850003,-0.6853086075000001,0.37121437925618506,-0.8138503779559513,-0.739011369824881,0.0017902121140757066
4.215,0.243650277292344,-0.6822650629687502,0.36714596879145583,-0.8136820929458418,-0.7371412097466972,0.0018701600781838579
4.22,0.24024669552000055,-0.6791569200000013,0.3630788058771143,-0.8134325828683084,-0.7351913809512851,0.0019498287954120563
4.225,0.23685881494140637,-0.6759846679687502,0.3590132965480949,-0.8131018658038796,-0.7331621755849146,0.0020292053663705234
4.23,0.23348695485499993,-0.6727488075000001,0.35494984668346724,-0.8126899729255299,-0.7310538986844686,0.0021082769004460156
4.235,0.2301314320279686,-0.6694498504687503,0.35088886194102287,-0.8121969484888691,-0.7288668681687975,0.00218703051567104
4.24,0.22679256063999975,-0.6660883199999997,0.346830747691911,-0.8116228498223699,-0.726601414830159,0.002265453338638479
4.245,0.22347065222703122,-0.6626647504687497,0.34277590895532284,-0.8109677473176403,-0.7242578823257605,0.00234353250439856
4.25,0.22016601562500004,-0.6591796875,0.33872475033322413,-0.8102317244197431,-0.7218366271694066,0.002421255156353941
4.255,0.21687895691359393,-0.6556336879687503,0.3346776759451363,-0.8094148776175664,-0.7193380187232347,0.0024986084461718905
4.26,0.21360977936000025,-0.652027320000001,0.3306350893629651,-0.8085173164342477,-0.716762439189558,0.0025755795336767084
4.265,0.21035878336265668,-0.6483611629687502,0.3265973935458768,-0.8075391634176571,-0.7141102836027966,0.002652155586761351
4.2700000000000005,0.2071262663950003,-0.6446358075000003,0.3225649907752221,-0.8064805541309384,-0.7113819598215114,0.00272832378128518
4.275,0.20391252294921836,-0.6408518554687493,0.3185382825895065,-0.8053416371431148,-0.7085778885205218,0.0028040713009895857
4.28,0.20071784447999996,-0.6370099200000002,0.3145176697194077,-0.8041225740197581,-0.7056985031831118,0.0028793853374100564
4.285,0.19754251934828138,-0.6331106254687499,0.3105035520228391,-0.8028235393137253,-0.7027442500933568,0.0029542530897549435
4.29,0.19438683276500002,-0.6291546075,0.30649632842005925,-0.8014447205559648,-0.699715588328499,0.003028661764857832
4.295,0.1912510667348437,-0.6251425129687498,0.3024963968288273,-0.7999863182463918,-0.6966129897514315,0.003102598577067517
4.3,0.1881354999999999,-0.6210750000000008,0.2985041540996031,-0.7984485458448367,-0.6934369390032715,0.0031760507481599642
4.305,0.18504040798390609,-0.6169527379687502,0.2945199959507928,-0.796831629762067,-0.69018793349601,0.003249005507261482
4.3100000000000005,0.1819660627349997,-0.6127764074999992,0.2905443169040384,-0.7951358093508823,-0.6868664834052506,0.003321450090759459
4.315,0.1789127328704685,-0.6085467004687501,0.28657751021955197,-0.793361336897287,-0.6834731116630267,0.003393371742223872
4.32,0.17588068351999975,-0.6042643199999997,0.2826199678314933,-0.7915084776117378,-0.6800083539507036,0.00346475771232313
4.325,0.17287017626953127,-0.5999299804687489,0.27867208028339097,-0.7895775096204687,-0.6764727586919558,0.0035355952587478034
4.33,0.16988146910499968,-0.5955444074999999,0.2747342366636065,-0.7875687239568938,-0.6728668870458315,0.003605871646124248
4.335,0.1669148163560934,-0.5911083379687491,0.2708068245408411,-0.7854824245530886,-0.6691913128998717,0.00367557414595987
4.34,0.1639704686400001,-0.5866225200000003,0.26689022989968436,-0.7833189282313487,-0.6654466228633338,0.003744690036537879
4.345,0.16104867280515678,-0.5820877129687514,0.26298483707620524,-0.7810785646958286,-0.6616334162604731,0.0038132066028606637
4.3500000000000005,0.15814967187499973,-0.5775046874999994,0.25909102869358397,-0.7787616765242583,-0.657752305123899,0.003881111136574078
4.355,0.15527370499171855,-0.5728742254687497,0.25520918559778527,-0.7763686191597394,-0.6538039141879841,0.003948390935914925
4.36,0.15242100735999986,-0.5681971199999992,0.2513396867932722,-0.7738997609026201,-0.6497888808823893,0.004015033305594828
4.365,0.14959181019078116,-0.5634741754687503,0.24748290937875994,-0.7713554829024484,-0.6457078553256115,0.004081025556777806
4.37,0.14678634064499985,-0.5587062074999999,0.24363922848300992,-0.7687361791500037,-0.641561500318619,0.004146355006992453
4.375,0.14400482177734375,-0.55389404296875,0.2398090172006629,-0.766042256469408,-0.6373504913385494,0.004211008980069653
4.38,0.1412474724799997,-0.5490385200000002,0.23599264652811133,-0.7632741345103138,-0.6330755165324767,0.00427497480607264
4.385,0.13851450742640625,-0.5441404879687497,0.2321904852994105,-0.7604322457401682,-0.6287372767112237,0.0043382398212530315
4.39,0.135806137015,-0.5392008074999997,0.22840290012222772,-0.757517035436557,-0.6243364853432681,0.00440079136795557
4.3950000000000005,0.13312256731296823,-0.5342203504687483,0.2246302553138296,-0.7545289616796229,-0.6198738685486767,0.0044626167945914785
4.4,0.13046399999999958,-0.5291999999999994,0.2208729128371068,-0.7514684953445602,-0.6153501650931101,0.004523703455566519
4.405,0.12783063231203096,-0.5241406504687494,0.21713123223663588,-0.7483361200941845,-0.6107661263819018,0.0045840387112083825
4.41,0.12522265698500024,-0.5190432075000008,0.213405570574778,-0.7451323323715777,-0.6061225164541681,0.004643609927733605
4.415,0.12264026219859347,-0.5139085879687496,0.20969628236781396,-0.7418576413928056,-0.6014201119769993,0.004702404477168853
4.42,0.12008363152000034,-0.5087377200000006,0.2060037195221154,-0.7385125691397095,-0.5966597022396661,0.00476040973733316
4.425,0.11755294384765591,-0.50353154296875,0.20232823127035157,-0.73509765035277,-0.5918420891479446,0.004817613091721573
4.43,0.11504837335499973,-0.4982910075,0.19867016410773136,-0.7316134325240412,-0.5869680872184108,0.0048740019295338
4.4350000000000005,0.11257008943421831,-0.49301707546874884,0.19502986172828057,-0.7280604758901575,-0.5820385235728653,0.004929563645545421
4.44,0.11011825664000019,-0.48771071999999976,0.19140766496115352,-0.7244393534254082,-0.5770542379327506,0.004984285640114772
4.445,0.10769303463328195,-0.48237292546875,0.1878039117069791,-0.7207506508348827,-0.5720160826136543,0.005038155319096238
4.45,0.1052945781250001,-0.47700468749999986,0.1842189368742407,-0.7169949665476816,-0.5669249225198408,0.005091160093813496
4.455,0.10292303681984372,-0.4716070129687502,0.18065307231568972,-0.713172911710198,-0.5617816351388181,0.005143287381022765
4.46,0.10057855535999993,-0.46618092000000005,0.1771066467647924,-0.7092851101794613,-0.5565871105359893,0.005194524602828765
4.465,0.0982612732689061,-0.46072743796874893,0.17357998577220965,-0.705332198516549,-0.5513422513493176,0.005244859186671724
4.47,0.09597132489500093,-0.4552476075000016,0.17007341164230935,-0.7013148259800617,-0.5460479727840376,0.005294278565279975
4.4750000000000005,0.09370883935546837,-0.4497424804687491,0.16658724336971104,-0.6972336545196612,-0.5407052026074438,0.005342770176593792
4.48,0.0914739404799999,-0.4442131199999992,0.16312179657586268,-0.6930893587696725,-0.5353148811436372,0.00539032146380658
4.485,0.08926674675453117,-0.4386606004687494,0.15967738344564897,-0.6888826260427441,-0.5298779612684321,0.005436919875205115
4.49,0.08708737126499932,-0.433086007499999,0.15625431266403111,-0.6846141563235719,-0.5243954084042046,0.005482552864227497
4.495,0.08493592164109365,-0.4274904379687506,0.1528528893527177,-0.680284662262681,-0.518868200514814,0.005527207889390651
4.5,0.08281249999999996,-0.421875,0.14947341500686637,-0.6758948691702659,-0.5132973281005914,0.005570872414222605
4.505,0.08071720289015616,-0.4162408129687485,0.14611618743181592,-0.6714455150100895,-0.5076837941933139,0.005613533907277479
4.51,0.07865012123500004,-0.41058900750000193,0.14278150067984874,-0.6669373503934363,-0.5020286143512518,0.005655179842062097
4.515,0.07661134027671856,-0.4049207254687495,0.1394696449869831,-0.6623711385731235,-0.49633281665424245,0.005695797697009342
4.5200000000000005,0.07460093951999891,-0.399237119999998,0.13618090670979527,-0.6577476554375661,-0.4905974416987983,0.005735374955444128
4.525,0.07261899267578131,-0.3935393554687494,0.1329155682622708,-0.653067689504894,-0.4848235425932329,0.0057738991055654165
4.53,0.07066556760500087,-0.387828607500002,0.12967390805268517,-0.6483320419171251,-0.4790121849528783,0.00581135764035462
4.535,0.0687407262623434,-0.38210606296874805,0.12645620042051323,-0.6435415264343869,-0.4731644468952653,0.005847738057612961
4.54,0.06684452464000012,-0.37637292000000006,0.12326271557336727,-0.638696969429191,-0.46728141903534787,0.005883027859917456
4.545,0.06497701271140666,-0.37063038796875036,0.12009371952396349,-0.6337992098807567,-0.46136420448082527,0.0059172145545225985
4.55,0.06313823437499977,-0.36487968750000094,0.11694947402711656,-0.6288490993693843,-0.4554139188274184,0.005950285653406884
4.555,0.06132822739796884,-0.3591220504687499,0.11383023651676218,-0.6238475020708748,-0.4494316901541975,0.005982228673220902
4.5600000000000005,0.05954702335999973,-0.35335871999999857,0.11073626004300717,-0.618795294751,-0.44341865901897903,0.0060130311352184496
4.565,0.057794647597031124,-0.34759095046875005,0.10766779320920708,-0.6136933667600166,-0.43737597845368936,0.006042680565289671
4.57,0.05607111914500007,-0.34182000750000086,0.10462508010907096,-0.6085426200272248,-0.43130481395980946,0.006071164493879899
4.575,0.0543764506835942,-0.33604716796875,0.10160836026379308,-0.6033439690555749,-0.42520634350381775,0.006098470455991711
4.58,0.05271064847999973,-0.330273720000001,0.09861786855921151,-0.5980983409163151,-0.4190817575126797,0.006124585991138076
4.585,0.05107371233265601,-0.32450096296874875,0.0956538351829931,-0.5928066752436827,-0.4129322588693302,0.00614949864334946
4.59,0.049465635514999384,-0.3187302074999977,0.0927164855618449,-0.5874699242296387,-0.40675906290823977,0.00617319596109045
4.595,0.0478864047192189,-0.31296277546874907,0.0898060402987517,-0.5820890526186419,-0.4005633974109438,0.0061956654972959435
4.6000000000000005,0.0463359999999996,-0.30719999999999814,0.08692271511023937,-0.5766650377024648,-0.3943465026016598,0.0062168948092840015
4.605,0.04481439471828108,-0.30144322546874847,0.08406672076366413,-0.5711988693150494,-0.38810963114285707,0.006236871458802751
4.61,0.04332155548499905,-0.29569380749999824,0.08123826301452712,-0.5656915498274012,-0.3818540481309307,0.006255583011926358
4.615,0.04185744210484332,-0.2899531129687482,0.0784375425438145,-0.5601440941425218,-0.3755810310918213,0.00627301703910943
4.62,0.04042200752000047,-0.2842225200000016,0.0756647548953626,-0.5545575296903791,-0.36929186997673363,0.006289161115087649
4.625,0.03901519775390627,-0.27850341796875,0.07292009041324803,-0.5489328964229144,-0.3629878671578273,0.006304002818906307
4.63,0.037636951854999934,-0.2727972075000018,0.0702037341792026,-0.543271246809086,-0.35667033742392884,0.006317529733898486
4.635,0.036287201840469074,-0.2671053004687501,0.06751586595005286,-0.5375736458299467,-0.35034060797630084,0.006329729447627996
4.64,0.03496587264000017,-0.2614291200000025,0.06485666009518408,-0.5318411709737582,-0.34400001842441796,0.00634058955188288
4.6450000000000005,0.033672882039531116,-0.25577010046875087,0.0622262855340284,-0.5260749122311371,-0.3376499207817427,0.006350097642675245
4.65,0.03240814062499986,-0.2501296874999973,0.059624905673577214,-0.5202759720902369,-0.33129167946155214,0.006358241320190583
4.655,0.031171551726093538,-0.24450933796874993,0.05705267834591741,-0.5144454655319614,-0.3249266712727776,0.006365008188774557
4.66,0.02996301135999957,-0.2389105199999989,0.05450975574579136,-0.5085845200252094,-0.3185562854158516,0.006370385856925953
4.665,0.02878240817515587,-0.23333471296874964,0.051996284368180594,-0.5026942755221526,-0.31218192347858986,0.006374361937261763
4.67,0.027629623395000302,-0.22778340750000084,0.04951240494591287,-0.4967758844535442,-0.305804999432087,0.006376924046502863
4.675,0.026504530761718548,-0.22225810546875024,0.04705825238729259,-0.4908305117240566,-0.2994269396266445,0.006378059805442482
4.68,0.025406996480000665,-0.21676032000000023,0.044633955713754336,-0.4848593347076501,-0.29304918278767467,0.00637775683896985
4.6850000000000005,0.024336879160782088,-0.21129157546875066,0.042239637997539485,-0.47886354324297054,-0.2866731800116991,0.006376002775975553
4.69,0.023294029764999613,-0.20585340749999903,0.03987541629939561,-0.4728443396287756,-0.28030039476229235,0.006372785249406765
4.695,0.022278291547343065,-0.20044736296874818,0.037541401606298666,-0.466802938619389,-0.27393230286606646,0.0063680918962258914
4.7,0.021289500000000294,-0.19507499999999994,0.03523769876919775,-0.4607405674201826,-0.26757039250870496,0.0063619103573615
4.705,0.020327482796405838,-0.18973788796875157,0.03296440644078232,-0.4546584656830865,-0.26121616423099697,0.006354228277707985
4.71,0.019392059735000133,-0.18443760749999855,0.030721617013271706,-0.4485578855021233,-0.2548711309248369,0.006345033306160097
4.715,0.018483042682969186,-0.1791757504687496,0.02850941655622685,-0.4424400914089718,-0.24853681782934162,0.006334313095495259
4.72,0.017600235519999452,-0.173953920000001,0.02632788475438408,-0.4363063603685543,-0.24221476252690194,0.0063220553024396775
4.7250000000000005,0.016743434082031383,-0.1687737304687488,0.024177094845510835,-0.4301579817746488,-0.23590651493926348,0.006308247587638455
4.73,0.015912426104999655,-0.16363680749999931,0.022057113558283197,-0.4239962574455273,-0.22961363732369172,0.0062928776155717625
4.735,0.015106991168594375,-0.1585447879687507,0.0199680010501851,-0.4178225016196192,-0.2233377042690424,0.006275933054649324
4.74,0.014326900639999307,-0.15349931999999883,0.017909810845429124,-0.4116380409511953,-0.21708030269196812,0.006257401577074273
4.745,0.013571917617656526,-0.14850206296874974,0.015882589772898727,-0.4054442145060795,-0.2108430318330102,0.006237270858957922
4.75,0.012841796874999978,-0.1435546875,0.013886377904111822,-0.39924237375738086,-0.20462750325285534,0.0062155285801548665
4.755,0.012136284804218134,-0.13865887546875086,0.011921208491205579,-0.39303388258124855,-0.1984353408284694,0.006192162424385944
4.76,0.011455119359999322,-0.13381631999999968,0.009987107904942323,-0.38682011725265125,-0.19226818074932897,0.006167160079140421
4.765,0.010798030003281722,-0.12902872546875274,0.008084095572736445,-0.3806024664411757,-0.18612767151364862,0.0061405092356803526
4.7700000000000005,0.010164737645001032,-0.12429780750000248,0.006212183916702193,-0.3743823312068502,-0.1800154739246293,0.006112197589019319
4.775,0.009554954589843567,-0.11962529296874891,0.0043713782917222666,-0.3681611249959852,-0.17393326108670115,0.006082212837928147
4.78,0.008968384479999258,-0.1150129199999995,0.0025616769235370686,-0.36194027363703957,-0.1678827184017797,0.006050542684921445
4.785,0.008404722238906315,-0.11046243796874933,0.000783070846854549,-0.3557212153365039,-0.16186554356557312,0.00601717483620659
4.79,0.00786365401500011,-0.10597560749999815,-0.0009644561565194782,-0.34950540067480546,-0.15588344656389053,0.00598209700168259
4.795,0.007344857125467952,-0.10155420046875037,-0.0026809276195306443,-0.34329429260223315,-0.1499381496689325,0.005945296894958013
4.8,0.006848000000000409,-0.09719999999999943,-0.004366374451705059,-0.3370893664348829,-0.14403138743560925,0.0059067622333232594
4.805,0.006372742124530317,-0.09291480046875052,-0.006020835000958166,-0.33089210985062156,-0.13816490669794235,0.005866480737666907
4.8100000000000005,0.005918733984999536,-0.0887004074999993,-0.007644355115383511,-0.32470402288506894,-0.13234046656533316,0.005824440132609188
4.815,0.0054856170110948455,-0.08455863796875179,-0.009236988205021513,-0.31852661792760045,-0.12655983841900767,0.005780628146325489
4.82,0.005073023520000719,-0.08049132000000157,-0.010798795303608357,-0.3123614197173686,-0.12082480590838227,0.005735032510625404
4.825,0.0046805766601571985,-0.07650029296875119,-0.012329845130305064,-0.3062099653393413,-0.11513716494742582,0.005687640960956447
4.83,0.004307890354999344,-0.07258740750000073,-0.013830214151406854,-0.30007380422035806,-0.10949872371112182,0.005638441236303998
4.835,0.003954569246718664,-0.06875452546875209,-0.01529998664203289,-0.2939544981252071,-0.10391130263183662,0.005587421079285199
4.84,0.003620208639998901,-0.06500351999999765,-0.016739254747796466,-0.28785362115271496,-0.09837673439582614,0.005534568236010479
4.845,0.0033043944457815666,-0.06133627546875005,-0.018148118546455757,-0.2817727597318582,-0.0928968639396153,0.005479870456210845
4.8500000000000005,0.0030067031249998433,-0.05775468750000101,-0.01952668610954521,-0.27571351261789095,-0.08747354844653497,0.005423315493080325
4.855,0.0027267016323448967,-0.054260662968751205,-0.020875073563987646,-0.26967749088848686,-0.08210865734312323,0.005364891103411748
4.86,0.0024639473600004402,-0.05085611999999884,-0.022193405153687153,-0.26366631793990153,-0.07680407229569083,0.005304585047432392
4.865,0.0022179880814064967,-0.04754298796874963,-0.02348181330110289,-0.2576816294831475,-0.07156168720675712,0.00524238508893371
4.87,0.001988361894998958,-0.044323207499998324,-0.02474043866880384,-0.2517250735401899,-0.06638340821161509,0.005178278995142033
4.875,0.0017745971679687944,-0.04119873046875,-0.02596943022100461,-0.245798310440154,-0.061271153674817246,0.005112254536797846
4.88,0.001576212480000505,-0.038171520000000216,-0.027168945285082374,-0.2399030128155528,-0.056226854186771306,0.005044299488045939
4.885,0.001392716567031771,-0.03524355046875201,-0.028339149613075005,-0.23404086559852594,-0.05125245256024796,0.0049744016265233434
4.89,0.001223608264999121,-0.03241680750000029,-0.029480217443160497,-0.22821356601709875,-0.046349903826966486,0.004902548733281477
4.8950000000000005,0.001068376453593367,-0.029693287968751748,-0.03059233156111776,-0.2224228235914524,-0.041521175234148645,0.004828728592817841
4.9,0.0009265000000006074,-0.027075000000002094,-0.031675683361768826,-0.21667036013021257,-0.03676824624115075,0.004752928992997896
4.905,0.0007974477026557736,-0.024563962968747435,-0.032730472910402576,-0.21095790972675035,-0.03209310851605056,0.004675137725100191
4.91,0.0006806782350003981,-0.02216220749999991,-0.03375690900418008,-0.20528721875550165,-0.02749776593222631,0.004595342583824248
4.915,0.0005756400892196201,-0.019871775468749322,-0.03475520923352157,-0.1996600458682983,-0.022984234565041325,0.004513531367184985
4.92,0.0004817715199998407,-0.017694720000001496,-0.03572560004347515,-0.19407816199071506,-0.01855454268845195,0.004429691876589377
4.925,0.0003985004882813836,-0.015633105468748455,-0.036668316795067296,-0.18854335031842967,-0.014210730771639438,0.004343811916812511
4.93,0.0003252446049991642,-0.013689007499999663,-0.037583603826635295,-0.18305740631359974,-0.00995485147572537,0.004255879295914068
4.9350000000000005,0.0002614110748453413,-0.011864512968750775,-0.03847171451514156,-0.1776221377012529,-0.005788969650376896,0.004165881825348473
4.94,0.0002063966399994399,-0.010161719999999264,-0.03933291133747,-0.17223936446568874,-0.001715162330595106,0.00407380731978179
4.945,0.00015958752390687891,-0.00858273796875153,-0.04016746593170449,-0.1669109188468983,0.002264481266727989,0.003979643597323095
4.95,0.00012035937499921268,-0.007129687499997317,-0.040975659158389466,-0.1616386453369954,0.006147859745956143,0.0038833784792281535
4.955,8.807721046932837e-05,-0.005804700468749502,-0.04175778116177277,-0.15642440067666066,0.009932859536106578,0.0037849997901504354
4.96,6.209536000056914e-05,-0.004609919999998624,-0.04251413143103078,-0.15127005385160222,0.013617354894020803,0.0036844953579142255
4.965,4.175740953082929e-05,-0.0035475004687498314,-0.04324501886147591,-0.14617748608902564,0.01719920790768482,0.0035818530136640173
4.97,2.6396144999552007e-05,-0.002619607499998722,-0.043950761815746524,-0.14114859085412373,0.02067626849946267,0.0034770605917778495
4.9750000000000005,1.5333496092728716e-05,-0.0018284179687498181,-0.044631688184979375,-0.1361852738465705,0.024046374429301676,0.003370105929839006
4.98,7.880480000443946e-06,-0.0011761200000009353,-0.045288135449964566,-0.1312894529970376,0.02730735129799444,0.0032609768686927623
4.985,3.3371451564345733e-06,-0.0006649129687502864,-0.045920450742283146,-0.12646305846371608,0.030457012550336376,0.003149661252341937
4.99,9.925150002976224e-07,-0.00029700749999932445,-0.046528990905427434,-0.12170803262885753,0.03349315947838512,0.003036146928048742
4.995,1.245317186038264e-07,-7.462546875132149e-05,-0.04711412255590405,-0.11702633009532364,0.036413581224605404,0.0029204217462202864
5.0,0.0,0.0,-0.0476762221443198,-0.11241991768314949,0.0392160547850732,0.002802473560467797
5.005,0.0,0.0,-0.04821567601645041,-0.10789077442612129,0.04191254182512537,0.0026964870400521673
5.01,0.0,0.0,-0.04873288047429223,-0.10344089156836406,0.04451780053976008,0.0026052587146347117
5.015,0.0,0.0,-0.04922824183709695,-0.09907227256094528,0.047033837121687266,0.0025160365819271863
5.0200000000000005,0.0,0.0,-0.04970217650238939,-0.09478693305848714,0.04946271614193195,0.0024288790202446828
5.025,0.0,0.0,-0.05015511100696836,-0.09058690091579386,0.051806561005487486,0.0023438448635555373
5.03,0.0,0.0,-0.05058748208789081,-0.08647421618448967,0.05406755440780206,0.0022609934023145734
5.035,0.0,0.0,-0.050999732306935254,-0.08245004380888873,0.056247938792097954,0.002180384384295894
5.04,0.0,0.0,-0.051392305074620746,-0.07851455353709819,0.05834983484431602,0.002101896052218069
5.045,0.0,0.0,-0.051765643970225365,-0.0746677791209241,0.06037519500994055,0.002025360165624525
5.05,0.0,0.0,-0.05212019208606034,-0.07090962316699559,0.062325954752605654,0.0019507597426651063
5.055,0.0,0.0,-0.05245639139434142,-0.0672398616562154,0.06420403014136435,0.0018780753887586918
5.0600000000000005,0.0,0.0,-0.05277468213510249,-0.06365814815221431,0.0660113154817444,0.0018072853403800493
5.065,0.0,0.0,-0.05307550222369346,-0.060164017718194795,0.06774968098685613,0.0017383655051117358
5.07,0.0,0.0,-0.05335928673335865,-0.05675690193303787,0.06942097048504288,0.0016712894981867482
5.075,0.0,0.0,-0.05362646746272916,-0.05343614587410172,0.07102700149304093,0.0016060310079980544
5.08,0.0,0.0,-0.05387747253565382,-0.05020101458493251,0.07256956606122592,0.0015425645681849814
5.085,0.0,0.0,-0.054112726032101516,-0.04705069928953896,0.07405042988183361,0.0014808638206076918
5.09,0.0,0.0,-0.05433264764893318,-0.04398432336633375,0.07547133150138272,0.0014209016195491087
5.095,0.0,0.0,-0.05453765238940448,-0.04100094809425938,0.07683398163409816,0.0013626501327154428
5.1000000000000005,0.0,0.0,-0.05472815028031974,-0.03809957818305299,0.07814006257332232,0.001306080939224158
5.105,0.0,0.0,-0.05490454611508623,-0.03527916695329712,0.07939122769808628,0.0012511651247639616
5.11,0.0,0.0,-0.05506723922078568,-0.03253862113988943,0.08058910104228895,0.0011978733442026684
5.115,0.0,0.0,-0.05521662324804084,-0.02987680545103174,0.0817352769126846,0.0011461758703956576
5.12,0.0,0.0,-0.055353085982498364,-0.027292546891505835,0.08283131957368667,0.001096042661002064
5.125,0.0,0.0,-0.055477009176791645,-0.024784638858655585,0.08387876299499707,0.0010474434213103984
5.13,0.0,0.0,-0.05558876840188743,-0.022351845019156966,0.0848791106582023,0.0010003476632052394
5.135,0.0,0.0,-0.055688732916759076,-0.019992902974329263,0.0858338354185998,0.000954724760397499
5.14,0.0,0.0,-0.05577726555537553,-0.017706527723290625,0.08674437941864041,0.0009105440000406056
5.1450000000000005,0.0,0.0,-0.05585472263004324,-0.015491414933542173,0.08761215404986637,0.0008677746312259621
5.15,0.0,0.0,-0.055921453850177445,-0.01334624402684037,0.08843853996050086,0.0008263859106344834
5.155,0.0,0.0,-0.055977802255617326,-0.01126968108797553,0.08922488710571826,0.0007863471452174003
5.16,0.0,0.0,-0.056024104163636526,-0.009260381603839416,0.0899725148377562,0.0007476277320379449
5.165,0.0,0.0,-0.05606068912883621,-0.007316993039936964,0.09068271203316225,0.0007101971954060482
5.17,0.0,0.0,-0.05608787991514259,-0.005438157261275878,0.09135673725459079,0.0006740252214285369
5.175,0.0,0.0,-0.056105992479164236,-0.003622512804329488,0.09199581894469085,0.0006390816901000601
5.18,0.0,0.0,-0.05611533596419688,-0.0018686970065275915,0.09260115564973619,0.0006053367050453395
5.1850000000000005,0.0,0.0,-0.05611621270419444,-0.00017534799951222707,0.09317391627075797,0.0005727606210217812
5.19,0.0,0.0,-0.056108918237055355,0.0014588934278170489,0.09371524034004593,0.0005413240692879601
5.195,0.0,0.0,-0.0560937413266021,0.0030353820906511234,0.09422623832098706,0.000510997980941133
5.2,0.0,0.0,-0.056070963992660115,0.004555466788397351,0.0947079919293097,0.0004817536083226437
5.205,0.0,0.0,-0.05604086154866929,0.006020488798165694,0.09516155447389538,0.0004535625445856728
5.21,0.0,0.0,-0.056003702646287346,0.007431780476388849,0.09558795121541296,0.000426396741517579
5.215,0.0,0.0,-0.05595974932646966,0.00879066396353692,0.09598817974111738,0.0004002285257044269
5.22,0.0,0.0,-0.05590925707653432,0.010098449987068731,0.09636321035423932,0.0003750306131219405
5.2250000000000005,0.0,0.0,-0.05585247489274463,0.011356436757938626,0.09671398647647493,0.0003507761222356076
5.23,0.0,0.0,-0.05578964534796388,0.012565908956149318,0.0970414250621611,0.0003274385856861656
5.235,0.0,0.0,-0.05572100466395884,0.013728136801008447,0.09734641702279888,0.0003049919606377821
5.24,0.0,0.0,-0.055646782787949295,0.01484437520190873,0.09762982766065843,0.00028341063785955467
5.245,0.0,0.0,-0.05556720347302125,0.01591586298560927,0.09789249711026793,0.00026266944960949556
5.25,0.0,0.0,-0.05548248436204051,0.016943822196148647,0.0981352407866569,0.0002427436763889762
5.255,0.0,0.0,-0.05539283707472216,0.01792945746366904,0.0983588498392867,0.00022360905262978903
5.26,0.0,0.0,-0.05529846729752928,0.018873955438574792,0.09856409161066208,0.00020524177137538901
5.265,0.0,0.0,-0.05519957487609134,0.019778484287588795,0.09875171009867764,0.00018761848801555903
5.2700000000000005,0.0,0.0,-0.055096353909849315,0.02064419324840565,0.09892242642180676,0.000170716323129122
5.275,0.0,0.0,-0.054988992848650456,0.02147221223977204,0.09907693928629735,0.00015451286449058577
5.28,0.0,0.0,-0.05487767459103069,0.022263651523952342,0.09921592545458685,0.00013898616828950106
5.285,0.0,0.0,-0.054762576583937385,0.02301960141866074,0.09934004021420104,0.0001241147596141856
5.29,0.0,0.0,-0.054643870923659084,0.02374113205566082,0.09944991784644605,0.00010987763224501457
5.295,0.0,0.0,-0.05452172445774234,0.02442929318334937,0.09954617209424946,9.625424780340675e-05
5.3,0.0,0.0,-0.05439629888768857,0.02508511401075296,0.09962939662854792,8.322453429845944e-05
5.305,0.0,0.0,-0.054267750872236196,0.025709603090474483,0.09970016551266178,7.076888411386428e-05
5.3100000000000005,0.0,0.0,-0.05413623213104504,0.026303748238231506,0.09975903366413358,5.8868151471797026e-05
5.315,0.0,0.0,-0.0540018895486114,0.0268685164867296,0.09980653731354718,4.750364941359664e-05
5.32,0.0,0.0,-0.053864865278252835,0.02740485407171188,0.09984319445987849,3.665714633131756e-05
5.325,0.0,0.0,-0.05372529684601223,0.02791368644812048,0.09986950532196269,2.6310862084197306e-05
5.33,0.0,0.0,-0.05358331725434025,0.028395918334397193,0.09988595278569626,1.64474637335682e-05
5.335,0.0,0.0,-0.053439055085425055,0.028852433783038728,0.09989300284662163,7.050060925370416e-06
5.34,0.0,0.0,-0.05329263460404702,0.029284096275607154,0.0998911050475716,-1.897799050035176e-06
5.345,0.0,0.0,-0.05314417585984463,0.029691748840478406,0.09988069291107979,-1.041213649180528e-05
5.3500000000000005,0.0,0.0,-0.052993794788886175,0.03007621419169091,0.09986218436628871,-1.8508544791073778e-05
5.355,0.0,0.0,-0.05284160331444951,0.030438294887332896,0.09983598217011144,-2.620219617727182e-05
5.36,0.0,0.0,-0.052687709446919605,0.030778773505980607,0.09980247432242932,-3.3507847682121006e-05
5.365,0.0,0.0,-0.05253221738272075,0.03109841283977067,0.09976203447512698,-4.0439847302342624e-05
5.37,0.0,0.0,-0.05237522760220696,0.03139795610275822,0.09971502233479132,-4.7012140335658814e-05
5.375,0.0,0.0,-0.05221683696644057,0.03167812715327832,0.09966178405891774,-5.3238275873584984e-05
5.38,0.0,0.0,-0.05205713881279511,0.03193963072909147,0.09960265264548876,-5.913141342897554e-05
5.385,0.0,0.0,-0.051896223049324335,0.03218315269415522,0.09953794831580703,-6.470432968172513e-05
5.39,0.0,0.0,-0.051734176247844724,0.03240936029592235,0.09946797889048149,-6.996942532554173e-05
5.3950000000000005,0.0,0.0,-0.05157108173568411,0.032618902432122635,0.09939304015848305,-7.493873199844459e-05
5.4,0.0,0.0,-0.05140701968605391,0.032812409926039426,0.09931341623919919,-7.962391928385826e-05
5.405,0.0,0.0,-0.05124206720700719,0.03299049580934432,0.09922937993743398,-8.403630176520571e-05
5.41,0.0,0.0,-0.051076298428949174,0.03315375561160335,0.0991411930913106,-8.818684612338368e-05
5.415,0.0,0.0,-0.050909784590671095,0.03330276765561608,0.09904910691304813,-9.208617826246546e-05
5.42,0.0,0.0,-0.05074259412388212,0.033438093357795164,0.0989533623225955,-9.574459045263994e-05
5.425,0.0,0.0,-0.050574792736217934,0.033560277532838155,0.09885419027411661,-9.917204847888217e-05
5.43,0.0,0.0,-0.05040644349270801,0.03366984870198572,0.09875181207533121,-0.000102378198785405
5.4350000000000005,0.0,0.0,-0.050237606895687,0.03376731940420124,0.09864643969972561,-0.00010537237560559465
5.44,0.0,0.0,-0.05006834096313877,0.033853186509645576,0.0985382760916571,-0.00010816360806850667
5.445,0.0,0.0,-0.049898701305464484,0.033927931534858236,0.09842751546438303,-0.00011076062727408131
5.45,0.0,0.0,-0.04972874120066902,0.03399202095909181,0.0983143435910553,-0.00011317187332772483
5.455,0.0,0.0,-0.049558511667962615,0.03404590654128086,0.09819893808872598,-0.00011540550232931601
5.46,0.0,0.0,-0.04938806153977682,0.03409002563715901,0.09808146869541938,-0.00011746939330660455
5.465,0.0,0.0,-0.04921743753219647,0.03412480151606942,0.09796209754032896,-0.00011937115509041973
5.47,0.0,0.0,-0.049046684313811255,0.03415064367704365,0.09784097940720632,-0.0001211181331226413
5.4750000000000005,0.0,0.0,-0.048875844572992495,0.03416794816375236,0.09771826199101202,-0.00012271741619429566
5.48,0.0,0.0,-0.0487049590836027,0.03417709787795879,0.09759408614790555,-0.00012417584310647767
5.485,0.0,0.0,-0.04853406676914704,0.034178462891131745,0.09746858613865346,-0.00012550000925208582
5.49,0.0,0.0,-0.04836320476537754,0.03417240075389972,0.09734188986554124,-0.00012669627311222287
5.495,0.0,0.0,-0.04819240848136228,0.03415925680305155,0.09721411910287617,-0.00012777076266506926
5.5,0.0,0.0,-0.048021711659033225,0.03413936446581122,0.09708538972117299,-0.00012872938170317705
5.505,0.0,0.0,-0.047851146431227544,0.03411304556113627,0.09695581190511646,-0.00012957781605653362
5.51,0.0,0.0,-0.047680743378238494,0.03408061059780935,0.09682549036539793,-0.00013032153971852256
5.515,0.0,0.0,-0.04751053158289293,0.034042359069112106,0.09669452454452511,-0.00013096582087282482
5.5200000000000005,0.0,0.0,-0.04734053868417348,0.033998579743888924,0.09656300881670618,-0.00013151572781892884
5.525,0.0,0.0,-0.047170790929404356,0.033949550953825625,0.09643103268191175,-0.0001319761347944315
5.53,0.0,0.0,-0.04700131322502043,0.033895540876784834,0.09629868095421855,-0.00013235172769320014
5.535,0.0,0.0,-0.04683212918594015,0.03383680781605556,0.09616603394454157,-0.00013264700967698106
5.54,0.0,0.0,-0.046663261183563204,0.03377360047538946,0.09603316763786056,-0.0001328663066810093
5.545,0.0,0.0,-0.046494730392414654,0.03370615822971044,0.09590015386504917,-0.0001330137728113856
5.55,0.0,0.0,-0.046326556835457666,0.03363471139139767,0.09576706046941484,-0.00013309339563433165
5.555,0.0,0.0,-0.04615875942809739,0.0335594814720548,0.09563395146805807,-0.00013310900135676818
5.5600000000000005,0.0,0.0,-0.04599135602089894,0.03348068143969003,0.09550088720815988,-0.00013306425989818849
5.565,0.0,0.0,-0.04582436344104272,0.033398515971243256,0.09536792451830677,-0.00013296268985311943
5.57,0.0,0.0,-0.04565779753254069,0.033313181700406834,0.09523511685496175,-0.00013280766334501648
5.575,0.0,0.0,-0.045491673195237205,0.03322486746069698,0.09510251444419021,-0.00013260241077153734
5.58,0.0,0.0,-0.0453260044226185,0.03313375452374184,0.09497016441874911,-0.00013235002544109697
5.585,0.0,0.0,-0.045160804338454694,0.03304001683276161,0.0948381109506468,-0.0001320534681023139
5.59,0.0,0.0,-0.044996085232298574,0.032943821231224,0.09470639537928106,-0.00013171557136573697
5.595,0.0,0.0,-0.044831858593865244,0.032845327686666675,0.09457505633526173,-0.00013133904401933794
5.6000000000000005,0.0,0.0,-0.04466813514631682,0.032744689509685114,0.09444412986002335,-0.00013092647523837986
5.605,0.0,0.0,-0.04450492487847636,0.03264205356809168,0.09431364952133264,-0.00013048033869070275
5.61,0.0,0.0,-0.04434223707599507,0.03253756049625777,0.09418364652479431,-0.00013000299653832814
5.615,0.0,0.0,-0.04418008035149679,0.032431344899657086,0.09405414982145792,-0.00012949670333639585
5.62,0.0,0.0,-0.04401846267372362,0.03232353555463358,0.09392518621162706,-0.0001289636098308622
5.625,0.0,0.0,-0.043857391395706505,0.032214255603422844,0.09379678044497132,-0.000128405766655737
5.63,0.0,0.0,-0.043696873281984204,0.032103622744460374,0.09366895531703925,-0.0001278251279320658
5.635,0.0,0.0,-0.04353691453489413,0.03199174941801489,0.09354173176227078,-0.0001272235547684769
5.64,0.0,0.0,-0.04337752081995819,0.03187874298718861,0.09341512894360403,-0.00012660281866674894
5.6450000000000005,0.0,0.0,-0.043218697290386535,0.03176470591433044,0.0932891643387724,-0.00012596460483162153
5.65,0.0,0.0,-0.043060448610721974,0.03164973593291148,0.09316385382338441,-0.00012531051538799964
5.655,0.0,0.0,-0.0429027789796474,0.03153392621491522,0.09303921175087786,-0.00012464207250655057
5.66,0.0,0.0,-0.04274569215197841,0.031417365533797974,0.09291525102943902,-0.00012396072143883163
5.665,0.0,0.0,-0.04258919145986302,0.03130013842307752,0.09279198319597486,-0.00012326783346416903
5.67,0.0,0.0,-0.04243327983320997,0.031182325330610428,0.09266941848722553,-0.00012256470874932868
5.675,0.0,0.0,-0.04227795981936687,0.031064002768620553,0.09254756590810251,-0.00012185257912301906
5.68,0.0,0.0,-0.042123233602069154,0.030945243459543293,0.0924264332973357,-0.00012113261076680815
5.6850000000000005,0.0,0.0,-0.0419691030196804,0.030826116477751703,0.09230602739051205,-0.00012040590682364793
5.69,0.0,0.0,-0.04181556958274424,0.03070668738723216,0.09218635388058596,-0.00011967350992608816
5.695,0.0,0.0,-0.04166263449086784,0.030587018375278576,0.09206741747593984,-0.00011893640464612221
5.7,0.0,0.0,-0.041510298648956466,0.03046716838227526,0.09194922195607252,-0.00011819551986731736
5.705,0.0,0.0,-0.04135856268281827,0.03034719322763946,0.0918317702249906,-0.00011745173108192175
5.71,0.0,0.0,-0.04120742695415829,0.030227145731995475,0.09171506436237631,-0.00011670586261429416
5.715,0.0,0.0,-0.04105689157498003,0.03010707583565276,0.09159910567260474,-0.00011595868977157253
5.72,0.0,0.0,-0.04090695642141272,0.029987030713461083,0.09148389473167978,-0.00011521094092495354
5.7250000000000005,0.0,0.0,-0.040757621146982136,0.029867054886116004,0.09136943143215895,-0.0001144632995208339
5.73,0.0,0.0,-0.04060888519534219,0.029747190327988286,0.09125571502613287,-0.00011371640602607369
5.735,0.0,0.0,-0.04046074781248444,0.02962747657155093,0.09114274416632628,-0.00011297085980659094
5.74,0.0,0.0,-0.04031320805844205,0.029507950808477516,0.0910305169453835,-0.00011222722094278437
5.745,0.0,0.0,-0.040166264818504625,0.029388647987485465,0.0909190309334014,-0.00011148601198210373
5.75,0.0,0.0,-0.04001991681395964,0.02926960090899761,0.09080828321377042,-0.00011074771963097418
5.755,0.0,0.0,-0.03987416261237616,0.02915084031669519,0.0906982704173827,-0.00011001279638772621
5.76,0.0,0.0,-0.039729000637445985,0.029032394986035045,0.0905889887552654,-0.00010928166211729429
5.765,0.0,0.0,-0.03958442917839697,0.028914291809803247,0.09048043404969504,-0.00010855470557036284
5.7700000000000005,0.0,0.0,-0.039440446398993086,0.028796555880777012,0.09037260176384761,-0.00010783228584743121
5.775,0.0,0.0,-0.03929705034613525,0.028679210571566034,0.09026548703003781,-0.00010711473380979608
5.78,0.0,0.0,-0.03915423895807673,0.02856227761170381,0.09015908467659867,-0.0001064023534391445
5.785,0.0,0.0,-0.039012010072266436,0.02844577716205874,0.0900533892534524,-0.0001056954231462709
5.79,0.0,0.0,-0.03887036143283326,0.028329727886634157,0.08994839505642102,-0.00010499419703137447
5.795,0.0,0.0,-0.038729290697724135,0.028214147021825463,0.08984409615032406,-0.00010429890609696402
5.8,0.0,0.0,-0.038588795445508126,0.028099050443201847,0.08974048639090985,-0.0001036097594142027
5.805,0.0,0.0,-0.03844887318185873,0.027984452729879095,0.0896375594456647,-0.00010292694524514923
5.8100000000000005,0.0,0.0,-0.03830952134572599,0.027870367226549068,0.08953530881354371,-0.00010225063212099261
5.815,0.0,0.0,-0.038170737315209834,0.027756806103230527,0.0894337278436653,-0.00010158096987841758
5.82,0.0,0.0,-0.03803251841314581,0.027643780412804932,0.08933280975301001,-0.00010091809065528035
5.825,0.0,0.0,-0.03789486191241381,0.027531300146399876,0.08923254764316368,-0.00010026210984633022
5.83,0.0,0.0,-0.037757765040980405,0.02741937428668175,0.08913293451614283,-9.961312702085057e-05
5.835,0.0,0.0,-0.03762122498668481,0.027308010859118187,0.08903396328933977,-9.897122680306569e-05
5.84,0.0,0.0,-0.03748523890177846,0.02719721698126978,0.0889356268096235,-9.833647971627113e-05
5.845,0.0,0.0,-0.03734980390722761,0.0270869989101695,0.08883791786663114,-9.770894299235278e-05
5.8500000000000005,0.0,0.0,-0.037214917096788376,0.026977362087847033,0.08874082920528337,-9.708866134777727e-05
5.855,0.0,0.0,-0.0370805755408631,0.026868311185054325,0.08864435353755704,-9.64756677263312e-05
5.86,0.0,0.0,-0.036946776290146865,0.026759850143247357,0.08854848355354632,-9.586998401071856e-05
5.865,0.0,0.0,-0.03681351637907247,0.02665198221487813,0.08845321193184259,-9.527162170372416e-05
5.87,0.0,0.0,-0.036680792829062225,0.026544710002049714,0.08835853134926318,-9.468058257941503e-05
5.875,0.0,0.0,-0.03654860265159429,0.026438035493586053,0.08826443448995698,-9.409685930619749e-05
5.88,0.0,0.0,-0.036416942851091455,0.026331960100567136,0.08817091405391467,-9.352043604231308e-05
5.885,0.0,0.0,-0.03628581042763956,0.026226484690379005,0.08807796276491027,-9.295128900439764e-05
5.89,0.0,0.0,-0.03615520237954292,0.026121609619326962,0.08798557337789924,-9.238938701103261e-05
5.8950000000000005,0.0,0.0,-0.03602511570572363,0.026017334763859187,0.08789373868589857,-9.183469200066408e-05
5.9,0.0,0.0,-0.03589554740797139,0.025913659550446937,0.08780245152637217,-9.128715952640143e-05
5.905,0.0,0.0,-0.03576649449305056,0.025810582984166313,0.08771170478714477,-9.074673922740417e-05
5.91,0.0,0.0,-0.035637953974670435,0.025708103676025586,0.08762149141186686,-9.021337527791162e-05
5.915,0.0,0.0,-0.03550992287532503,0.02560621986908088,0.08753180440505161,-8.968700681524777e-05
5.92,0.0,0.0,-0.035382398228008115,0.025504929463382026,0.0874426368367045,-8.91675683471066e-05
5.925,0.0,0.0,-0.035255377077809166,0.02540423003978931,0.08735398184656587,-8.865499013863132e-05
5.93,0.0,0.0,-0.035128856483395664,0.02530411888270074,0.08726583264798494,-8.814919858092518e-05
5.9350000000000005,0.0,0.0,-0.03500283351838702,0.02520459300172849,0.08717818253144431,-8.765011654063293e-05
5.94,0.0,0.0,-0.034877305272625204,0.025105649152362138,0.08709102486775187,-8.715766369243871e-05
5.945,0.0,0.0,-0.03475226885334693,0.02500728385565523,0.08700435311091813,-8.667175683374495e-05
5.95,0.0,0.0,-0.03462772138626208,0.024909493416970806,0.0869181608007342,-8.619231018393292e-05
5.955,0.0,0.0,-0.034503660016542974,0.024812273943820497,0.08683244156506707,-8.57192356671227e-05
5.96,0.0,0.0,-0.03438008190972882,0.024715621362830776,0.08674718912188677,-8.525244318030589e-05
5.965,0.0,0.0,-0.03425698425254947,0.024619531435869122,0.08666239728104007,-8.479184084669855e-05
5.97,0.0,0.0,-0.03413436425367266,0.024523999775361793,0.08657805994578467,-8.433733525539666e-05
5.9750000000000005,0.0,0.0,-0.03401221914437849,0.024429021858834065,0.08649417111409702,-8.388883168765349e-05
5.98,0.0,0.0,-0.033890546179164975,0.024334593042702822,0.08641072487976684,-8.344623433018117e-05
5.985,0.0,0.0,-0.033769342636288224,0.024240708575350586,0.08632771543329035,-8.300944647648967e-05
5.99,0.0,0.0,-0.03364860581824068,0.024147363609509098,0.08624513706257432,-8.257837071602714e-05
5.995,0.0,0.0,-0.03352833305217078,0.02405455321397978,0.0861629841534617,-8.215290911262052e-05
